CASE_ID,ACCIDENT_YEAR,PROC_DATE,JURIS,COLLISION_DATE,COLLISION_TIME,OFFICER_ID,REPORTING_DISTRICT,DAY_OF_WEEK,CHP_SHIFT,POPULATION,CNTY_CITY_LOC,SPECIAL_COND,BEAT_TYPE,CHP_BEAT_TYPE,CITY_DIVISION_LAPD,CHP_BEAT_CLASS,BEAT_NUMBER,PRIMARY_RD,SECONDARY_RD,DISTANCE,DIRECTION,INTERSECTION,WEATHER_1,WEATHER_2,STATE_HWY_IND,CALTRANS_COUNTY,CALTRANS_DISTRICT,STATE_ROUTE,ROUTE_SUFFIX,POSTMILE_PREFIX,POSTMILE,LOCATION_TYPE,RAMP_INTERSECTION,SIDE_OF_HWY,TOW_AWAY,COLLISION_SEVERITY,NUMBER_KILLED,NUMBER_INJURED,PARTY_COUNT,PRIMARY_COLL_FACTOR,PCF_CODE_OF_VIOL,PCF_VIOL_CATEGORY,PCF_VIOLATION,PCF_VIOL_SUBSECTION,HIT_AND_RUN,TYPE_OF_COLLISION,MVIW,PED_ACTION,ROAD_SURFACE,ROAD_COND_1,ROAD_COND_2,LIGHTING,CONTROL_DEVICE,CHP_ROAD_TYPE,PEDESTRIAN_ACCIDENT,BICYCLE_ACCIDENT,MOTORCYCLE_ACCIDENT,TRUCK_ACCIDENT,NOT_PRIVATE_PROPERTY,ALCOHOL_INVOLVED,STWD_VEHTYPE_AT_FAULT,CHP_VEHTYPE_AT_FAULT,COUNT_SEVERE_INJ,COUNT_VISIBLE_INJ,COUNT_COMPLAINT_PAIN,COUNT_PED_KILLED,COUNT_PED_INJURED,COUNT_BICYCLIST_KILLED,COUNT_BICYCLIST_INJURED,COUNT_MC_KILLED,COUNT_MC_INJURED,PRIMARY_RAMP,SECONDARY_RAMP,LATITUDE,LONGITUDE,COUNTY,CITY,POINT_X,POINT_Y
92145831,2023,2023-08-17,9670,2023-08-08,340,022519,NA,2,3,7,3001,0,1,1,NA,2,503,I-5 S/B,HARBOR BLVD,200,N,N,A,-,Y,ORA,NA,5,NA,NA,38.084,H,NA,L,N,3,0,1,3,A,-,03,22350,NA,N,C,C,E,A,H,-,C,D,0,Y,NA,NA,NA,Y,NA,A,01,0,1,0,0,1,0,0,0,0,-,-,33.8226203918457,-117.92339324951172,ORANGE,ANAHEIM,-117.92320251464844,33.82274627685547
92149562,2023,2023-08-22,9670,2023-08-18,2215,022519,NA,5,3,5,3007,0,1,1,NA,2,040,I-405 N/B,MAGNOLIA ST,200,N,N,A,-,Y,ORA,NA,405,NA,NA,15.455,H,NA,R,N,3,0,2,2,A,-,01,23152,A,N,C,C,A,A,D,-,C,D,0,NA,NA,NA,NA,Y,Y,A,01,0,2,0,0,0,0,0,0,0,-,-,33.722599029541016,-117.97486114501952,ORANGE,FOUNTAIN VALLEY,-117.9748764038086,33.72258758544922
92152641,2023,2023-08-24,9690,2023-08-12,414,022237,NA,6,3,4,3045,0,1,1,NA,2,055,INTERSTATE 5 SOUTHBOUND,EL TORO ROAD,150,N,N,A,-,Y,ORA,NA,5,NA,NA,18.82,H,NA,L,Y,4,0,1,1,A,-,01,23152,F,N,E,I,A,A,H,-,C,D,0,NA,NA,NA,NA,Y,NA,A,01,0,0,1,0,0,0,0,0,0,-,-,33.61602020263672,-117.70915985107422,ORANGE,LAGUNA HILLS,-117.70926666259766,33.61593246459961
9215377,2020,2021-02-10,3022,2020-12-05,0012,1341,NORTH,6,5,5,3022,0,0,0,NA,0,NA,17TH ST,ENDERLE CENTER DR,212,E,N,A,-,N,NA,NA,NA,NA,NA,NA,NA,NA,NA,Y,3,0,1,1,A,-,05,21650,NA,N,E,I,A,A,H,-,C,D,0,NA,NA,Y,NA,Y,NA,C,02,0,1,0,0,0,0,0,0,1,-,-,33.759639739990234,-117.82659912109376,ORANGE,TUSTIN,-117.8263931274414,33.75971984863281
92156051,2023,2023-08-28,9670,2023-08-18,2335,022226,NA,5,3,4,3020,0,1,1,NA,2,061,I-605 SB TO I-405 SB (SAN GABRIELD RIVER FREEWAY),SEAL BEACH BLVD,4800,N,N,A,-,Y,NA,NA,NA,NA,NA,NA,NA,NA,NA,Y,4,0,1,2,A,-,08,22107,NA,N,E,8,A,A,H,-,C,D,0,NA,NA,NA,NA,Y,NA,A,01,0,0,1,0,0,0,0,0,0,-,-,33.77851867675781,-118.09040832519533,ORANGE,SEAL BEACH,-118.09040832519533,33.77851867675781
92157796,2023,2023-08-29,9675,2023-08-20,705,017773,NA,7,1,6,3004,0,1,1,NA,2,405,I-405 N/B,FAIRVIEW RD,528,N,N,B,C,Y,ORA,NA,405,NA,NA,10.839,H,NA,R,Y,4,0,1,2,A,-,03,22350,NA,N,B,C,A,B,H,-,A,D,0,NA,NA,NA,NA,Y,NA,A,01,0,0,1,0,0,0,0,0,0,-,-,33.68803024291992,-117.90870666503906,ORANGE,COSTA MESA,-117.90870666503906,33.68806838989258
92158581,2023,2023-08-30,9675,2023-08-18,2329,022046,NA,5,3,7,3001,0,1,3,NA,2,240,SR-241 NORTHBOUND,WINDY RIDGE TOLL PLAZA,3696,N,N,A,-,Y,ORA,NA,241,NA,NA,36.878,H,NA,R,N,3,0,1,2,A,-,03,22350,NA,N,A,E,A,A,H,-,D,D,0,NA,NA,NA,NA,Y,NA,A,01,0,1,0,0,0,0,0,0,0,-,-,33.835941314697266,-117.71775817871094,ORANGE,ANAHEIM,-117.71787261962892,33.83592987060547
92159438,2023,2023-08-31,9670,2023-08-22,2225,021755,NA,2,3,7,3001,0,1,1,NA,2,503,I-5 S/B,EUCLID ST,1584,N,N,A,-,Y,ORA,NA,5,NA,NA,40.029,H,NA,R,Y,4,0,2,3,A,-,03,22350,NA,N,C,C,A,A,D,E,C,D,0,NA,NA,NA,NA,Y,NA,A,01,0,0,2,0,0,0,0,0,0,-,-,33.840030670166016,-117.94915771484376,ORANGE,ANAHEIM,-117.94914245605467,33.84005355834961
92159613,2023,2023-08-31,9675,2023-08-21,1435,022222,NA,1,2,9,3000,0,3,5,NA,2,002,DODGE AVE,WOODGLEN DR,150,W,N,B,-,N,NA,NA,NA,NA,NA,NA,NA,NA,NA,N,4,0,1,2,A,-,08,22107,NA,N,B,C,A,A,H,-,A,D,0,NA,NA,NA,NA,Y,NA,A,01,0,0,1,0,0,0,0,0,0,-,-,33.765960693359375,-117.79998779296876,ORANGE,UNINCORPORATED,-117.79990386962892,33.76591873168945
92163232,2023,2023-09-06,9675,2023-08-26,1935,023160,NA,6,2,6,3008,0,1,3,NA,2,570,SR-57 SOUTHBOUND,BASTANCHURY RD,380,S,N,A,-,Y,ORA,NA,57,NA,NA,18.785,H,NA,L,Y,4,0,1,2,A,-,08,22107,NA,N,B,C,A,A,H,-,C,D,0,NA,NA,NA,NA,Y,NA,A,01,0,0,1,0,0,0,0,0,0,-,-,33.89543914794922,-117.88095855712892,ORANGE,FULLERTON,-117.88099670410156,33.89543914794922
9216368,2021,2021-03-04,3002,2021-01-15,0521,1696,NA,5,5,4,3002,0,0,0,NA,0,011,BREA BL,CENTRAL AV,0,NA,Y,A,-,N,NA,NA,NA,NA,NA,NA,NA,NA,NA,N,4,0,2,2,A,-,12,21453,A,N,D,C,A,A,H,-,C,A,0,NA,NA,NA,NA,Y,NA,D,22,0,0,2,0,0,0,0,0,0,-,-,33.932098388671875,-117.89396667480467,ORANGE,BREA,-117.89396667480467,33.932098388671875
92163958,2023,2023-09-06,9675,2023-08-28,2226,022058,NA,1,3,7,3019,0,1,3,NA,2,552,SR-55 S/B FROM DYER ROAD,DYER ROAD,400,S,N,A,-,Y,NA,NA,NA,NA,NA,NA,NA,NA,NA,Y,4,0,1,2,A,-,03,22350,NA,N,C,C,A,A,D,-,D,A,0,NA,NA,NA,NA,Y,NA,D,22,0,0,1,0,0,0,0,0,0,-,-,33.70697021484375,-117.85437774658205,ORANGE,SANTA ANA,-117.85437774658205,33.70697021484375
92164599,2023,2023-09-07,9675,2023-08-29,1618,019779,NA,2,2,6,3015,0,1,3,NA,2,222,SR-22 EASTBOUND FROM GRAND AVE,GRAND AVE,580,E,N,A,-,Y,ORA,NA,22,NA,R,11.971,H,NA,R,N,4,0,1,2,A,-,03,22350,NA,N,C,C,A,A,H,-,A,A,0,NA,NA,NA,NA,Y,NA,D,22,0,0,1,0,0,0,0,0,0,-,-,33.774959564208984,-117.8510513305664,ORANGE,ORANGE,-117.85102081298828,33.77515411376953
92165447,2023,2023-09-08,9670,2023-09-05,845,014558,NA,2,1,5,3007,0,1,1,NA,2,041,I-405 S/B,BUSHARD AVE,600,S,N,B,-,Y,ORA,NA,405,NA,NA,14.401,H,NA,L,Y,4,0,1,2,A,-,03,22350,NA,N,C,C,A,A,H,-,A,A,0,NA,NA,NA,NA,Y,NA,A,01,0,0,1,0,0,0,0,0,0,-,-,33.711570739746094,-117.96202087402344,ORANGE,FOUNTAIN VALLEY,-117.96205139160156,33.7115478515625
92165864,2023,2023-09-08,9670,2023-09-02,1400,016271,NA,6,2,4,3020,0,1,1,NA,2,061,I-605 S/B TO I-405 S/B,SR-22 W/B,1500,N,N,A,-,Y,NA,NA,NA,NA,NA,NA,NA,NA,NA,N,4,0,4,2,A,-,03,22350,NA,N,C,C,A,A,H,-,A,D,0,NA,NA,NA,NA,Y,NA,A,01,0,0,4,0,0,0,0,0,0,-,-,33.77764892578125,-118.08999633789063,ORANGE,SEAL BEACH,-118.08999633789063,33.77764892578125
92166834,2023,2023-09-11,9670,2023-09-01,1530,021355,NA,5,2,6,3008,0,1,1,NA,2,500,I-5 N/B,EUCLID AVE,1056,S,N,A,-,Y,ORA,NA,5,NA,NA,39.044,H,NA,R,N,4,0,1,4,A,-,03,22350,NA,N,C,C,A,A,H,-,A,D,0,NA,NA,NA,Y,Y,NA,F,26,0,0,1,0,0,0,0,0,0,-,-,33.83359909057617,-117.93367767333984,ORANGE,FULLERTON,-117.9337158203125,33.833553314208984
92167419,2023,2023-09-11,9675,2023-09-01,1055,018714,NA,5,1,6,3004,0,1,1,NA,2,405,I-405 SOUTHBOUND,HARBOR BLVD,600,S,N,A,-,Y,ORA,NA,405,NA,NA,11.228,H,NA,L,N,4,0,1,2,A,-,07,21658,A,N,B,C,A,A,H,-,A,D,0,NA,NA,Y,NA,Y,NA,C,02,0,0,1,0,0,0,0,0,1,-,-,33.68804168701172,-117.91542053222656,ORANGE,COSTA MESA,-117.91542053222656,33.688018798828125
92168331,2023,2023-09-12,9675,2023-02-03,1748,019018,NA,5,2,9,3000,0,2,4,NA,2,034,SANTIAGO CANYON ROAD,WILLIAMS CANYON ROAD,33.18,N,N,A,-,N,NA,NA,NA,NA,NA,NA,NA,NA,NA,N,1,1,0,2,C,-,18,NA,NA,N,G,H,A,A,H,-,B,D,0,NA,NA,NA,NA,Y,NA,-,-,0,0,0,0,0,0,0,0,0,-,-,33.730838775634766,-117.65106201171876,ORANGE,UNINCORPORATED,-117.65100860595705,33.730804443359375
9216974,2020,2021-02-09,3012,2020-12-23,1456,623,25,3,5,5,3012,0,0,0,NA,0,002,LA HABRA BL,CALIFORNIA ST,30,W,N,A,-,N,NA,NA,NA,NA,NA,NA,NA,NA,NA,N,4,0,1,3,A,-,03,22350,NA,N,C,C,A,A,H,-,A,D,0,NA,NA,NA,NA,Y,NA,A,07,0,0,1,0,0,0,0,0,0,-,-,NA,NA,ORANGE,LA HABRA,-117.94844818115234,33.931861877441406
92176870,2023,2023-09-22,9690,2023-09-21,2015,016493,NA,4,2,4,3045,0,1,1,NA,2,055,I-5 S/B (SAN DIEGO FRWY),EL TORO ROAD,2500,N,N,B,-,Y,ORA,NA,5,NA,NA,19.246,H,NA,L,N,3,0,2,2,A,-,03,22350,NA,N,C,C,A,A,D,-,D,A,0,NA,NA,NA,Y,Y,NA,G,25,0,2,0,0,0,0,0,0,0,-,-,33.62076950073242,-117.71401977539063,ORANGE,LAGUNA HILLS,-117.71389770507813,33.620849609375
92178048,2023,2023-09-25,9670,2023-09-19,2130,022226,NA,2,2,7,3001,0,1,3,NA,2,093,SR-91 W/B (RIVERSIDE FREEWAY),HARBOR BLVD,1800,W,N,A,-,Y,ORA,NA,91,NA,NA,2.894,H,NA,L,N,3,0,1,1,A,-,08,22107,NA,N,F,A,A,A,H,-,C,D,0,NA,NA,Y,NA,Y,NA,C,02,0,1,0,0,0,0,0,0,1,-,-,33.854148864746094,-117.93051910400392,ORANGE,ANAHEIM,-117.93051147460938,33.854209899902344
92179035,2023,2023-09-25,9675,2023-09-19,1140,017998,NA,2,1,7,3019,0,1,3,NA,2,552,SR-55 SOUTHBOUND,DYER RD,1000,S,N,A,-,Y,ORA,NA,55,NA,R,7.668,H,NA,L,Y,3,0,1,2,A,-,03,22350,NA,N,C,C,A,A,D,-,A,D,0,NA,NA,Y,NA,Y,NA,A,07,0,1,0,0,0,0,0,0,1,-,-,33.706390380859375,-117.85417175292967,ORANGE,SANTA ANA,-117.8541259765625,33.70635986328125
92180314,2023,2023-09-26,9675,2023-09-20,2124,021914,NA,3,2,6,3026,0,1,1,NA,2,503,I-5 SOUTHBOUND,YALE AVE,750,N,N,A,-,Y,ORA,NA,5,NA,R,26.001,H,NA,L,Y,3,0,1,1,A,-,08,22107,NA,N,E,I,A,A,H,-,D,D,0,NA,NA,NA,NA,Y,NA,A,01,0,1,0,0,0,0,0,0,0,-,-,33.70262908935547,-117.77702331542967,ORANGE,IRVINE,-117.77692413330078,33.702674865722656
92181727,2023,2023-09-27,9690,2023-09-19,1415,017932,NA,2,2,5,3028,0,1,1,NA,2,055,I-5 N/B (SAN DIEGO FRWY),ALICIA PARKWAY,500,S,N,A,-,Y,ORA,NA,5,NA,NA,17.461,H,NA,R,N,4,0,1,3,A,-,03,22350,NA,N,C,C,A,A,D,-,A,D,0,NA,NA,NA,Y,Y,NA,F,26,0,0,1,0,0,0,0,0,0,-,-,33.604530334472656,-117.69029998779295,ORANGE,MISSION VIEJO,-117.69027709960938,33.604549407958984
9219020,2020,2021-02-16,3009,2020-12-15,2225,4739,023,2,5,6,3009,0,0,0,NA,0,1-1,LAMPSON AV,CHASE ST,0,NA,Y,A,-,N,NA,NA,NA,NA,NA,NA,NA,NA,NA,Y,3,0,1,1,A,-,03,22350,NA,N,E,I,A,A,H,-,D,D,0,NA,NA,NA,NA,Y,NA,A,01,0,1,0,0,0,0,0,0,0,-,-,33.78157043457031,-118.02845001220705,ORANGE,GARDEN GROVE,-118.0284423828125,33.78139877319336
92193100,2023,2023-10-06,9675,2023-09-28,1533,018102,NA,4,2,7,3019,0,1,1,NA,2,520,I-5 NORTHBOUND,SR-22,300,S,N,A,-,Y,ORA,NA,5,NA,NA,33.904,H,NA,R,Y,2,0,1,3,A,-,03,22350,NA,N,B,C,A,A,H,-,A,D,0,NA,NA,Y,NA,Y,NA,C,02,1,0,0,0,0,0,0,0,1,-,-,33.7775993347168,-117.87500762939452,ORANGE,SANTA ANA,-117.87490844726563,33.77765655517578
9219416,2021,2021-03-18,3022,2021-01-10,1804,1296,NA,7,5,5,3022,0,0,0,NA,0,NA,PROSPECT AV,IRVINE BL,0,NA,Y,A,-,N,NA,NA,NA,NA,NA,NA,NA,NA,NA,Y,4,0,2,2,A,-,09,21801,A,N,D,C,A,-,H,-,C,A,0,NA,NA,NA,NA,Y,NA,A,01,0,0,2,0,0,0,0,0,0,-,-,NA,NA,ORANGE,TUSTIN,-117.8223876953125,33.74840545654297
92194264,2023,2023-10-09,9690,2023-09-28,1645,020038,NA,4,2,9,3000,0,3,5,NA,2,004,O'NEILL DRIVE,CREIGHTON PLACE,200,S,N,A,-,N,NA,NA,NA,NA,NA,NA,NA,NA,NA,Y,4,0,1,1,A,-,08,22107,NA,N,E,8,A,A,H,-,A,D,0,NA,NA,NA,NA,Y,NA,A,01,0,0,1,0,0,0,0,0,0,-,-,33.55221176147461,-117.64533996582033,ORANGE,UNINCORPORATED,-117.64551544189452,33.55228805541992
92196118,2023,2023-10-11,9690,2023-09-29,2225,021924,NA,5,3,5,3028,0,1,1,NA,2,056,INTERSTATE 5,OSO PARKWAY,2640,S,N,A,-,Y,ORA,NA,5,NA,NA,14.255,H,NA,R,N,4,0,2,2,A,-,03,22350,NA,N,C,C,A,A,D,-,D,D,0,NA,NA,NA,NA,Y,NA,A,07,0,0,2,0,0,0,0,0,0,-,-,33.5661506652832,-117.67218780517578,ORANGE,MISSION VIEJO,-117.67214965820313,33.56614685058594
9219615,2020,2021-02-23,3015,2020-12-23,1715,6532,972-A,3,5,6,3015,0,0,0,NA,0,736,DEL OBISPO ST,BLUE SAIL DR,0,NA,Y,A,-,N,NA,NA,NA,NA,NA,NA,NA,NA,NA,Y,4,0,2,2,A,-,12,21453,A,N,D,C,A,A,H,-,C,A,0,NA,NA,NA,NA,Y,NA,A,01,0,0,2,0,0,0,0,0,0,-,-,NA,NA,ORANGE,ORANGE,-117.68538665771484,33.47904968261719
92199899,2023,2023-10-16,9670,2023-10-10,1955,019290,NA,2,2,3,3013,0,1,1,NA,2,061,I-605 S/B,I-405 U/C,1214,N,N,A,-,Y,ORA,NA,605,NA,R,0.346,H,NA,L,N,3,0,1,3,A,-,03,22350,NA,N,C,C,A,A,H,-,D,D,0,NA,NA,NA,NA,Y,NA,A,01,0,1,0,0,0,0,0,0,0,-,-,33.7889518737793,-118.08949279785156,ORANGE,LOS ALAMITOS,-118.08950042724608,33.7889518737793
92200220,2023,2023-10-16,9675,2023-10-05,1520,021377,NA,4,2,7,3001,0,1,3,NA,2,095,SR-91 WESTBOUND,COAL CYN RD,3300,E,N,A,-,Y,ORA,NA,91,NA,R,18.167,H,NA,L,N,2,0,2,2,A,-,08,22107,NA,N,E,I,A,A,H,-,A,D,0,NA,NA,NA,NA,Y,NA,A,01,2,0,0,0,0,0,0,0,0,-,-,33.87078094482422,-117.6841278076172,ORANGE,ANAHEIM,-117.68402862548828,33.87093734741211
92200669,2023,2023-10-17,9670,2023-09-26,1827,020505,NA,2,2,4,3020,0,1,3,NA,2,020,SR-22 E/B TO I-405 N/B,SR-22 E/B TO I-605 N/B,100,W,N,A,-,Y,ORA,NA,605,NA,R,0.148,H,NA,R,Y,3,0,1,1,A,-,08,22107,NA,N,E,I,A,A,H,-,C,D,0,NA,NA,NA,NA,Y,NA,A,07,0,1,0,0,0,0,0,0,0,-,-,33.78622817993164,-118.09044647216795,ORANGE,SEAL BEACH,-118.09047698974608,33.78623962402344
92200976,2023,2023-10-17,9675,2023-10-14,319,023310,NA,6,3,6,3015,0,1,3,NA,2,550,SR-55 SOUTHBOUND,LINCOLN AVE,520,S,N,A,-,Y,ORA,NA,55,NA,NA,16.885,H,NA,L,Y,4,0,1,1,A,-,01,23152,A,N,E,I,A,A,H,-,C,D,0,NA,NA,NA,NA,Y,Y,A,01,0,0,1,0,0,0,0,0,0,-,-,33.83338165283203,-117.83548736572266,ORANGE,ORANGE,-117.83546447753906,33.8333854675293
92205424,2023,2023-10-23,9670,2023-10-11,1145,016271,NA,3,1,4,3020,0,1,1,NA,2,044,I-405 N/B,I-605,1000,S,N,A,-,Y,ORA,NA,405,NA,NA,23.801,H,NA,R,N,4,0,2,6,A,-,03,22350,NA,N,C,C,A,A,C,D,A,D,0,NA,NA,NA,Y,Y,NA,F,26,0,0,2,0,0,0,0,0,0,-,-,33.781070709228516,-118.09031677246094,ORANGE,SEAL BEACH,-118.09032440185548,33.781070709228516
92206913,2023,2023-10-24,9675,2023-10-16,1700,021834,NA,1,2,7,3001,0,1,3,NA,2,093,SR-91 WESTBOUND,TUSTIN AVE,1600,E,N,A,-,Y,ORA,NA,91,NA,NA,8.711,H,NA,L,N,4,0,1,1,A,-,08,22107,NA,N,E,I,A,A,H,-,A,D,0,NA,NA,NA,NA,Y,NA,A,07,0,0,1,0,0,0,0,0,0,-,-,33.848548889160156,-117.83342742919922,ORANGE,ANAHEIM,-117.83354949951172,33.84843826293945
92207189,2023,2023-10-24,9675,2023-10-15,1253,021397,NA,7,1,6,3004,0,1,1,NA,2,405,SR-73 N/B TO I-405 N/B,FAIRVIEW RD,1580,S,N,A,-,Y,ORA,NA,405,NA,NA,10.537,H,NA,R,Y,4,0,2,2,A,-,08,22107,NA,N,C,C,A,A,H,-,A,D,0,NA,NA,NA,NA,Y,NA,A,01,0,0,2,0,0,0,0,0,0,-,-,33.68809127807617,-117.90322875976563,ORANGE,COSTA MESA,-117.90323638916016,33.687870025634766
92207761,2023,2023-10-25,9675,2023-10-18,1925,021633,NA,3,2,5,3016,0,1,3,NA,2,571,SR-57 SOUTHBOUND,LA JOLLA STREET,572,S,N,A,-,Y,ORA,NA,57,NA,NA,16.016,H,NA,L,Y,4,0,1,2,A,-,03,22350,NA,N,C,C,A,A,H,-,C,D,0,NA,NA,NA,NA,Y,NA,A,01,0,0,1,0,0,0,0,0,0,-,-,33.855770111083984,-117.87596130371094,ORANGE,PLACENTIA,-117.87586975097656,33.855777740478516
92208553,2023,2023-10-25,9675,2023-10-18,943,018017,NA,3,1,6,3026,0,1,1,NA,2,503,I-5 SOUTHBOUND,JAMBOREE ROAD,1000,N,N,A,-,Y,ORA,NA,5,NA,NA,28.033,H,NA,L,Y,4,0,3,4,A,-,03,22350,NA,N,C,C,A,A,H,-,A,D,0,NA,NA,NA,NA,Y,NA,A,01,0,0,3,0,0,0,0,0,0,-,-,33.72351837158203,-117.80106353759766,ORANGE,IRVINE,-117.80105590820313,33.7235221862793
92208577,2023,2023-10-25,9675,2023-10-18,1648,021633,NA,3,2,6,3015,0,1,3,NA,2,572,SR-57 NORTHBOUND,SANTA ANA RIVER TRAIL,75,S,N,A,-,Y,ORA,NA,57,NA,NA,11.979,H,NA,R,N,4,0,1,2,A,-,03,22350,NA,N,C,C,A,A,H,-,A,D,0,NA,NA,NA,NA,Y,NA,A,01,0,0,1,0,0,0,0,0,0,-,-,33.798431396484375,-117.87744903564452,ORANGE,ORANGE,-117.87750244140624,33.79842758178711
92223231,2023,2023-10-31,9675,2023-10-13,2137,021042,NA,5,2,7,3001,0,1,3,NA,2,093,SR-91 WESTBOUND,LAKEVIEW AVENUE,3565,W,N,A,-,Y,ORA,NA,91,NA,R,9.387,H,NA,L,N,3,0,1,2,A,-,01,23152,A,N,E,8,A,A,H,-,C,D,0,NA,NA,NA,NA,Y,Y,A,01,0,1,0,0,0,0,0,0,0,-,-,33.845340728759766,-117.8239974975586,ORANGE,ANAHEIM,-117.8240203857422,33.84539031982422
92223558,2023,2023-10-31,9675,2023-10-22,1213,018087,NA,7,1,7,3001,0,1,3,NA,2,094,SR-91 WESTBOUND,IMPERIAL HWY,3854,E,N,A,-,Y,ORA,NA,91,NA,R,12.289,H,NA,L,Y,4,0,2,2,A,-,03,22350,NA,N,C,C,A,A,H,-,A,D,0,NA,NA,NA,NA,Y,NA,A,01,0,0,2,0,0,0,0,0,0,-,-,33.85966110229492,-117.77896881103516,ORANGE,ANAHEIM,-117.77899169921876,33.85969161987305
92223618,2022,2023-10-31,9675,2022-11-26,1512,021076,NA,6,2,6,3026,0,1,1,NA,2,504,INTERSTATE 5 SOUTHBOUND TO BARRANCA PARKWAY,IRVINE CENTER DRIVE,724,N,N,A,-,Y,NA,NA,NA,NA,NA,NA,NA,NA,NA,N,1,1,1,1,A,-,01,23152,F,N,E,9,A,A,H,-,A,D,0,NA,NA,NA,NA,Y,NA,A,07,1,0,0,0,0,0,0,0,0,-,-,33.665191650390625,-117.75428771972656,ORANGE,IRVINE,-117.75428771972656,33.665191650390625
92224584,2023,2023-10-31,9675,2023-10-20,1547,021377,NA,5,2,9,3000,0,3,5,NA,2,001,BREA CYN RD,TONNER CYN RD,2640,N,N,A,-,Y,NA,NA,NA,NA,NA,NA,NA,NA,NA,Y,2,0,2,3,A,-,08,22107,NA,N,B,C,A,A,H,-,A,D,0,NA,NA,NA,NA,Y,NA,A,01,1,1,0,0,0,0,0,0,0,-,-,33.94475173950195,-117.87158966064452,ORANGE,UNINCORPORATED,-117.87128448486328,33.94499969482422
92227629,2023,2023-11-03,9675,2023-10-24,555,017993,NA,2,3,7,3001,0,1,3,NA,2,195,SR-91 WESTBOUND,YORBA LINDA BLVD,2600,E,N,A,-,Y,ORA,NA,91,NA,R,14.96,H,NA,L,N,4,0,1,2,A,-,08,22107,NA,N,B,C,A,A,H,-,D,D,0,NA,NA,Y,NA,Y,NA,-,-,0,0,1,0,0,0,0,0,1,-,-,33.8709716796875,-117.73603057861328,ORANGE,ANAHEIM,-117.73599243164063,33.87112045288086
9222820,2021,2021-03-18,3004,2021-01-14,1642,P633,10,4,5,6,3004,0,0,0,NA,0,003,HARBOR BL,W WILSON ST,0,NA,Y,A,-,N,NA,NA,NA,NA,NA,NA,NA,NA,NA,N,4,0,1,4,A,-,03,22350,NA,N,C,C,A,A,H,-,A,A,0,NA,NA,NA,NA,Y,NA,A,07,0,0,1,0,0,0,0,0,0,-,-,33.65620040893555,-117.91919708251952,ORANGE,COSTA MESA,-117.91912078857422,33.65614700317383
92231442,2023,2023-11-08,9675,2023-11-01,916,023116,NA,3,1,7,3001,0,1,3,NA,2,572,SR-57 SOUTHBOUND,BALL ROAD,2300,S,N,A,-,Y,ORA,NA,57,NA,NA,13.193,H,NA,L,N,4,0,1,3,A,-,07,21658,A,N,B,C,A,A,H,-,A,D,0,NA,NA,Y,NA,Y,NA,A,01,0,0,1,0,0,0,0,0,1,-,-,33.814918518066406,-117.87716674804688,ORANGE,ANAHEIM,-117.87722778320313,33.814937591552734
92231950,2023,2023-11-09,9670,2023-10-25,630,016271,NA,3,1,5,3024,0,1,1,NA,2,500,INTERSTATE 405 SOUTHBOUND,BOLSA CHICA ROAD,300,S,N,B,C,Y,ORA,NA,405,NA,NA,20.489,H,NA,L,N,4,0,1,3,A,-,03,22350,NA,F,C,C,A,B,C,D,C,D,0,NA,NA,NA,NA,Y,NA,A,01,0,0,1,0,0,0,0,0,0,-,-,33.77246856689453,-118.0385284423828,ORANGE,WESTMINSTER,-118.03843688964844,33.77255630493164
92234140,2023,2023-11-13,9675,2023-10-31,915,021225,NA,2,1,6,3026,0,1,1,NA,2,503,I-5 SOUTHBOUND,YALE AVE,350,S,N,A,-,Y,ORA,NA,5,NA,R,25.734,H,NA,L,N,4,0,1,2,A,-,03,22350,NA,N,C,C,A,A,H,-,A,D,0,NA,NA,Y,NA,Y,NA,C,02,0,0,1,0,0,0,0,0,1,-,-,33.699310302734375,-117.774658203125,ORANGE,IRVINE,-117.77472686767578,33.69927978515625