CASE_ID,ACCIDENT_YEAR,PROC_DATE,JURIS,COLLISION_DATE,COLLISION_TIME,OFFICER_ID,REPORTING_DISTRICT,DAY_OF_WEEK,CHP_SHIFT,POPULATION,CNTY_CITY_LOC,SPECIAL_COND,BEAT_TYPE,CHP_BEAT_TYPE,CITY_DIVISION_LAPD,CHP_BEAT_CLASS,BEAT_NUMBER,PRIMARY_RD,SECONDARY_RD,DISTANCE,DIRECTION,INTERSECTION,WEATHER_1,WEATHER_2,STATE_HWY_IND,CALTRANS_COUNTY,CALTRANS_DISTRICT,STATE_ROUTE,ROUTE_SUFFIX,POSTMILE_PREFIX,POSTMILE,LOCATION_TYPE,RAMP_INTERSECTION,SIDE_OF_HWY,TOW_AWAY,COLLISION_SEVERITY,NUMBER_KILLED,NUMBER_INJURED,PARTY_COUNT,PRIMARY_COLL_FACTOR,PCF_CODE_OF_VIOL,PCF_VIOL_CATEGORY,PCF_VIOLATION,PCF_VIOL_SUBSECTION,HIT_AND_RUN,TYPE_OF_COLLISION,MVIW,PED_ACTION,ROAD_SURFACE,ROAD_COND_1,ROAD_COND_2,LIGHTING,CONTROL_DEVICE,CHP_ROAD_TYPE,PEDESTRIAN_ACCIDENT,BICYCLE_ACCIDENT,MOTORCYCLE_ACCIDENT,TRUCK_ACCIDENT,NOT_PRIVATE_PROPERTY,ALCOHOL_INVOLVED,STWD_VEHTYPE_AT_FAULT,CHP_VEHTYPE_AT_FAULT,COUNT_SEVERE_INJ,COUNT_VISIBLE_INJ,COUNT_COMPLAINT_PAIN,COUNT_PED_KILLED,COUNT_PED_INJURED,COUNT_BICYCLIST_KILLED,COUNT_BICYCLIST_INJURED,COUNT_MC_KILLED,COUNT_MC_INJURED,PRIMARY_RAMP,SECONDARY_RAMP,LATITUDE,LONGITUDE,COUNTY,CITY,POINT_X,POINT_Y
9233215,2021,2021-03-23,3004,2021-02-04,1946,P633,34,4,5,6,3004,0,0,0,NA,0,015,BEAR ST,SUNFLOWER AV,0,NA,Y,A,-,N,NA,NA,NA,NA,NA,NA,NA,NA,NA,Y,3,0,1,1,A,-,12,21453,A,N,F,A,A,A,H,-,C,A,0,NA,NA,Y,NA,Y,NA,C,03,0,1,0,0,0,0,0,0,1,-,-,33.69419860839844,-117.89199829101563,ORANGE,COSTA MESA,-117.89224243164063,33.69411087036133
92333487,2024,2024-03-08,9690,2024-03-01,1320,023499,NA,5,1,5,3028,0,1,1,NA,2,056,I-5 N/B (SAN DIEGO FRWY),CROWN VALLEY PKWY,3000,S,N,A,-,Y,ORA,NA,5,NA,NA,13.358,H,NA,R,N,3,0,1,2,A,-,03,22350,NA,N,C,C,A,A,D,-,A,D,0,NA,NA,NA,NA,Y,NA,A,01,0,1,0,0,0,0,0,0,0,-,-,33.55316162109375,-117.67279815673828,ORANGE,MISSION VIEJO,-117.67274475097656,33.55316162109375
92336610,2024,2024-08-14,9675,2024-03-06,552,016923,NA,3,3,7,3001,0,1,3,NA,2,093,SR-91 WB TO SR-57,LA PALMA AVE,10,E,N,A,-,Y,ORA,NA,91,NA,NA,6.451,H,NA,L,Y,4,0,1,2,A,-,07,21658,A,N,C,C,A,A,H,-,B,D,0,NA,NA,NA,NA,Y,NA,A,01,0,0,1,0,0,0,0,0,0,-,-,33.84767150878906,-117.87045288085938,ORANGE,ANAHEIM,-117.87050628662108,33.84756088256836
92338093,2024,2024-03-14,9670,2024-03-09,155,021821,NA,6,3,5,3007,0,1,1,NA,2,040,"I405 N/B, FROM MAGNOLIA ST",MAGNOLIA ST,30,E,N,A,-,Y,NA,NA,NA,NA,NA,NA,NA,NA,NA,Y,4,0,1,1,A,-,08,22107,NA,N,E,8,A,A,H,-,E,D,0,NA,NA,NA,NA,Y,NA,A,01,0,0,1,0,0,0,0,0,0,-,-,33.72126007080078,-117.9717025756836,ORANGE,FOUNTAIN VALLEY,-117.97190856933594,33.72011184692383
92338629,2024,2024-03-14,9675,2024-02-15,1856,023523,NA,4,2,9,3000,0,2,4,NA,2,034,SANTIAGO CANYON ROAD (16000 BLOCK),JACKSON RANCH ROAD,5,S,N,A,-,N,NA,NA,NA,NA,NA,NA,NA,NA,NA,Y,2,0,2,3,A,-,21,22106,NA,N,B,C,A,A,H,-,C,D,0,NA,NA,NA,NA,Y,NA,A,01,1,0,1,0,0,0,0,0,0,-,-,33.72755813598633,-117.64988708496094,ORANGE,UNINCORPORATED,-117.64877319335938,33.72465896606445
92338768,2024,2024-03-15,9675,2024-03-13,1545,021274,NA,3,2,7,3001,0,1,3,NA,2,095,STATE ROUTE 91 E/B,GYPSYUM CANYON ROAD,1000,W,N,A,-,Y,ORA,NA,91,NA,R,15.324,H,NA,R,N,4,0,1,2,A,-,07,21658,A,N,B,C,A,A,H,-,A,D,0,NA,NA,NA,Y,Y,NA,A,01,0,0,1,0,0,0,0,0,0,-,-,33.86875915527344,-117.7301025390625,ORANGE,ANAHEIM,-117.73006439208984,33.86882400512695
9234035,2019,2021-03-15,3008,2019-10-24,0641,1544,ZONE3,4,5,6,3008,0,0,0,NA,0,NA,CHAPMAN AV,VICTORIA DR,0,NA,Y,A,-,N,NA,NA,NA,NA,NA,NA,NA,NA,NA,Y,3,0,2,3,A,-,09,21801,A,N,D,C,A,A,H,-,A,A,0,NA,NA,NA,NA,Y,NA,A,01,0,1,1,0,0,0,0,0,0,-,-,NA,NA,ORANGE,FULLERTON,-117.90435028076172,33.87411117553711
92340364,2024,2024-03-18,9670,2024-03-08,1638,020134,NA,5,2,5,3024,0,1,1,NA,2,042,I-405 NORTHBOUND,GOLDENWEST STREET,1000,N,N,A,-,Y,ORA,NA,405,NA,NA,18.103,H,NA,R,N,4,0,1,1,D,-,00,NA,NA,N,H,A,A,A,H,-,A,D,0,NA,NA,NA,NA,Y,NA,-,-,0,0,1,0,0,0,0,0,0,-,-,33.74824142456055,-118.00887298583984,ORANGE,WESTMINSTER,-118.00891876220705,33.74819564819336
9234405,2021,2021-03-16,3004,2021-01-12,1257,P655,17,2,5,6,3004,0,0,0,NA,0,015,ARLINGTON DR,FAIRVIEW RD,657,E,N,A,-,N,NA,NA,NA,NA,NA,NA,NA,NA,NA,N,3,0,1,2,A,-,08,22107,NA,N,D,C,A,A,H,-,A,D,0,NA,NA,NA,NA,Y,NA,A,07,0,1,0,0,0,0,0,0,0,-,-,33.66886901855469,-117.9054718017578,ORANGE,COSTA MESA,-117.90564727783205,33.66889190673828
92344707,2024,2024-03-22,9690,2024-03-20,1615,019361,NA,3,2,4,3018,0,1,1,NA,2,057,I-5 S/B (SAN DIEGO FRWY),SR-74 (ORTEGA HIGHWAY),1500,N,N,A,-,Y,ORA,NA,5,NA,NA,9.9,H,NA,L,N,4,0,2,3,A,-,03,22350,NA,N,C,C,A,A,H,-,A,D,0,NA,NA,NA,NA,Y,NA,A,01,0,0,2,0,0,0,0,0,0,-,-,33.50651931762695,-117.65995025634766,ORANGE,SAN JUAN CAPISTRANO,-117.659912109375,33.506534576416016
92349453,2024,2024-03-28,9670,2024-03-23,55,022421,NA,6,3,5,3003,0,1,3,NA,2,092,SR-91 E/B,BEACH BLVD,540,W,N,A,-,Y,ORA,NA,91,NA,R,2.502,H,NA,R,Y,4,0,1,2,A,-,03,22350,NA,N,C,C,A,A,H,-,D,D,0,NA,NA,NA,NA,Y,Y,A,07,0,0,1,0,0,0,0,0,0,-,-,33.85599136352539,-117.9999771118164,ORANGE,BUENA PARK,-117.9999771118164,33.85596466064453
92356630,2024,2024-04-05,9675,2024-03-30,235,022639,NA,6,3,7,3001,0,1,3,NA,2,572,STATE ROUTE 57 NORTHBOUND,KATELLA AVENUE,50,S,N,B,C,Y,ORA,NA,57,NA,NA,12.543,H,NA,R,N,4,0,1,1,A,-,03,22350,NA,N,E,I,A,B,H,-,D,D,0,NA,NA,NA,NA,Y,NA,J,48,0,0,1,0,0,0,0,0,0,-,-,33.806209564208984,-117.8798828125,ORANGE,ANAHEIM,-117.880126953125,33.80621337890625
92357674,2024,2024-04-08,9675,2024-03-24,414,022639,NA,7,3,9,3000,0,1,3,NA,2,550,SR-55 SOUTHBOUND,CHAPMAN AVENUE,1000,N,N,A,-,Y,ORA,NA,55,NA,NA,14.127,H,NA,L,Y,4,0,3,4,A,-,03,22350,NA,N,B,C,E,A,H,-,C,D,0,Y,NA,NA,NA,Y,NA,A,01,0,0,3,0,1,0,0,0,0,-,-,33.79383850097656,-117.83109283447266,ORANGE,UNINCORPORATED,-117.83108520507813,33.79383850097656
92360146,2023,2024-04-09,9675,2023-07-24,1855,021274,NA,1,2,9,3000,0,3,5,NA,2,001,TONNER CANYON ROAD EASTBOUND,STATE ROUTE 57,95,W,N,A,-,N,NA,NA,NA,NA,NA,NA,NA,NA,NA,N,1,1,0,1,A,-,08,22107,NA,N,E,8,A,A,H,-,A,D,0,NA,NA,NA,NA,Y,NA,A,07,0,0,0,0,0,0,0,0,0,-,-,33.938880920410156,-117.87758636474608,ORANGE,UNINCORPORATED,-117.87706756591795,33.938560485839844
92362980,2024,2024-04-12,9675,2024-04-03,1620,018887,NA,3,2,4,3002,0,1,3,NA,2,570,SR-57 NORTHBOUND,TONNER CYN RD,528,S,N,A,-,Y,ORA,NA,57,NA,NA,21.867,H,NA,R,N,4,0,1,2,A,-,03,22350,NA,F,C,C,A,A,H,-,A,D,0,NA,NA,NA,NA,Y,NA,-,99,0,0,1,0,0,0,0,0,0,-,-,33.938899993896484,-117.87683868408205,ORANGE,BREA,-117.87686157226563,33.93891143798828
92364521,2024,2024-04-15,9690,2024-04-04,1750,020038,NA,4,2,9,3000,0,2,4,NA,2,037,LIVE OAK CANYON ROAD,TRABUCO CANYON ROAD,2112,N,N,B,-,N,NA,NA,NA,NA,NA,NA,NA,NA,NA,Y,4,0,2,2,A,-,01,23152,A,N,A,C,A,A,H,-,A,D,0,NA,NA,NA,NA,Y,Y,A,07,0,0,2,0,0,0,0,0,0,-,-,33.6585807800293,-117.60072326660156,ORANGE,UNINCORPORATED,-117.60088348388672,33.65895462036133
92367055,2024,2024-04-17,9675,2024-04-08,1340,021691,NA,1,1,6,3008,0,1,3,NA,2,571,SR-57 NORTHBOUND,YORBA LINDA BLVD,1055,S,N,A,-,Y,ORA,NA,57,NA,NA,18.137,H,NA,R,Y,3,0,1,2,A,-,07,21658,A,N,B,C,A,A,H,-,A,D,0,NA,NA,NA,Y,Y,NA,G,27,0,1,0,0,0,0,0,0,0,-,-,33.886051177978516,-117.88034057617188,ORANGE,FULLERTON,-117.88036346435548,33.886051177978516
92367640,2024,2024-04-18,9690,2024-04-15,920,019361,NA,1,1,5,3050,0,1,1,NA,2,055,I-5 N/B (SAN DIEGO FRWY),EL TORO ROAD,2000,N,N,A,-,Y,ORA,NA,5,NA,NA,19.075,H,NA,R,N,4,0,1,3,A,-,03,22350,NA,N,C,C,A,A,D,-,A,D,0,NA,NA,NA,NA,Y,NA,D,22,0,0,1,0,0,0,0,0,0,-,-,33.61899185180664,-117.71170806884766,ORANGE,LAKE FOREST,-117.71166229248048,33.6190185546875
92368614,2024,2024-04-19,9690,2024-04-12,1705,020038,NA,5,2,9,3000,0,1,3,NA,1,074,SR-74 (ORTEGA HIGHWAY),HOT SPRINGS CANYON ROAD,7392,E,N,B,-,Y,ORA,NA,74,NA,NA,13.982,H,NA,R,N,4,0,1,1,A,-,08,22107,NA,N,E,I,A,A,H,-,A,D,0,NA,NA,Y,NA,Y,NA,C,02,0,0,1,0,0,0,0,0,1,-,-,33.59286117553711,-117.49152374267578,ORANGE,UNINCORPORATED,-117.4915771484375,33.59288787841797
9236965,2021,2021-04-19,3008,2021-03-17,2025,1337,ZONE1,3,5,6,3008,0,0,0,NA,0,NA,COMMONWEALTH AV,BROOKHURST RD,800,W,N,A,-,N,NA,NA,NA,NA,NA,NA,NA,NA,NA,NA,4,0,1,2,A,-,03,22350,NA,N,C,C,A,A,H,-,C,D,0,NA,NA,Y,NA,Y,NA,C,02,0,0,1,0,0,0,0,0,1,-,-,NA,NA,ORANGE,FULLERTON,-117.9620361328125,33.87010955810547
92371133,2024,2024-04-22,9675,2024-04-10,1600,017998,NA,3,2,6,3026,0,1,1,NA,2,047,I-405 NORTHBOUND,SAND CANYON AVE,200,S,N,A,-,Y,ORA,NA,405,NA,NA,2.833,H,NA,R,Y,4,0,1,3,A,-,03,22350,NA,N,C,C,A,A,H,-,A,D,0,NA,NA,NA,Y,Y,NA,F,26,0,0,1,0,0,0,0,0,0,-,-,33.65742111206055,-117.77726745605467,ORANGE,IRVINE,-117.77723693847656,33.6574592590332
92372379,2024,2024-04-22,9675,2024-04-11,1800,023128,NA,4,2,9,3000,0,1,3,NA,2,240,STATE ROUTE 241 NORTHBOUND,WINDY RIDGE TOLL PLAZA,3400,N,N,A,-,Y,ORA,NA,241,NA,NA,36.722,H,NA,R,N,4,0,1,2,A,-,03,22350,NA,N,C,C,A,A,H,-,A,D,0,NA,NA,NA,NA,Y,NA,A,01,0,0,1,0,0,0,0,0,0,-,-,33.83367919921875,-117.71721649169922,ORANGE,UNINCORPORATED,-117.71725463867188,33.83367156982422
92377031,2024,2024-04-29,9670,2024-04-18,1958,021467,NA,4,2,5,3003,0,1,3,NA,2,092,SR-91 E/B FROM BEACH BLVD,BEACH BLVD,34,E,N,A,-,Y,ORA,NA,39,NA,NA,14.313,H,NA,R,N,2,0,1,2,D,-,00,NA,NA,N,G,B,C,A,H,-,E,D,0,Y,NA,NA,NA,Y,NA,-,-,1,0,0,0,1,0,0,0,0,-,-,33.85512161254883,-117.99772644042967,ORANGE,BUENA PARK,-117.99791717529295,33.85511779785156
92379513,2024,2024-05-01,9670,2024-04-24,840,014558,NA,3,1,5,3024,0,1,1,NA,2,041,I-405 S/B SAN DIEGO FREEWAY),EDINGER AVE,200,N,N,A,-,Y,ORA,NA,405,NA,NA,16.353,H,NA,L,N,4,0,2,2,A,-,03,22350,NA,N,C,C,A,A,H,-,A,D,0,NA,NA,NA,NA,Y,NA,A,07,0,0,2,0,0,0,0,0,0,-,-,33.730831146240234,-117.98696136474608,ORANGE,WESTMINSTER,-117.98694610595705,33.7308464050293
92383420,2024,2024-05-07,9670,2024-05-06,1015,021459,NA,1,1,5,3003,0,1,3,NA,2,091,SR-91 W/B FROM BEACH BLVD,BEACH BLVD,25,W,N,A,-,Y,ORA,NA,39,NA,NA,14.453,H,NA,L,N,3,0,1,2,A,-,08,22107,NA,N,D,G,A,A,H,-,A,D,0,NA,Y,NA,NA,Y,NA,L,04,0,1,0,0,0,0,1,0,0,-,-,33.85715866088867,-117.99832153320313,ORANGE,BUENA PARK,-117.99813079833984,33.85716247558594
9238663,2021,2021-04-20,3005,2021-03-09,0352,8041,C16,2,5,4,3005,0,0,0,NA,0,003,LINCOLN AV,LOS ALTOS DR,123,E,N,A,-,N,NA,NA,NA,NA,NA,NA,NA,NA,NA,Y,3,0,1,1,A,-,07,21658,A,N,E,I,A,A,H,-,E,D,0,NA,NA,NA,NA,Y,NA,A,01,0,1,0,0,0,0,0,0,0,-,-,NA,NA,ORANGE,CYPRESS,-118.03185272216795,33.83177947998047
92391735,2024,2024-08-14,9675,2024-05-07,1955,021874,NA,2,2,9,3000,0,2,4,NA,2,034,SANTIAGO CANYON ROAD,MODJESKA GRADE RD,0,NA,Y,A,-,Y,NA,NA,NA,NA,NA,NA,NA,NA,NA,N,2,0,2,3,A,-,09,21801,A,N,D,C,A,A,H,-,D,D,0,NA,NA,Y,NA,Y,NA,A,01,1,1,0,0,0,0,0,0,2,-,-,33.69697189331055,-117.63330078125,ORANGE,UNINCORPORATED,-117.63324737548828,33.696937561035156
92394307,2024,2024-05-20,9675,2024-05-10,1422,016748,NA,5,2,7,3001,0,1,3,NA,2,572,SR-57 NORTHBOUND,SOUTH STREET,300,S,N,A,-,Y,ORA,NA,57,NA,NA,14.35,H,NA,R,N,4,0,1,2,A,-,03,22350,NA,N,C,C,A,A,H,-,A,D,0,NA,NA,NA,NA,Y,NA,A,07,0,0,1,0,0,0,0,0,0,-,-,33.83168029785156,-117.8759994506836,ORANGE,ANAHEIM,-117.87593841552734,33.83168029785156
92394506,2024,2024-05-21,9675,2024-05-12,140,023293,NA,7,3,7,3001,0,1,3,NA,2,095,SR-91 EASTBOUND,YORBA LINDA BLVD.,0.68,E,N,A,-,Y,ORA,NA,91,NA,R,15.179,H,NA,R,N,4,0,3,2,A,-,03,22350,NA,N,C,C,A,A,H,-,D,D,0,NA,NA,NA,NA,Y,NA,A,01,0,0,3,0,0,0,0,0,0,-,-,33.86968994140625,-117.73238372802734,ORANGE,ANAHEIM,-117.73241424560548,33.869625091552734
92395219,2024,2024-05-21,9690,2024-05-12,1626,018733,NA,7,2,5,3017,0,1,1,NA,2,059,I-5 N/B (SAN DIEGO FRWY),CAMINO DE ESTRELLA,800,N,N,A,-,Y,ORA,NA,5,NA,NA,6.001,H,NA,R,N,2,0,1,2,A,-,07,21658,A,N,B,C,A,A,H,-,A,D,0,NA,NA,Y,NA,Y,NA,A,07,1,0,0,0,0,0,0,0,1,-,-,33.46036148071289,-117.65899658203124,ORANGE,SAN CLEMENTE,-117.6589813232422,33.46039581298828
92396492,2024,2024-05-22,9675,2024-05-11,240,022058,NA,6,3,6,3026,0,1,1,NA,2,406,I-405 SOUTHBOUND,SAND CANYON AVE,960,N,N,A,-,Y,ORA,NA,405,NA,NA,3.066,H,NA,L,Y,4,0,2,2,A,-,03,22350,NA,N,C,C,A,A,H,-,C,D,0,NA,NA,NA,NA,Y,NA,A,01,0,0,2,0,0,0,0,0,0,-,-,33.659061431884766,-117.78086853027344,ORANGE,IRVINE,-117.78079223632813,33.659156799316406
92401206,2024,2024-05-29,9675,2024-05-06,1519,023634,NA,1,2,9,3000,0,2,4,NA,2,034,SANTIAGO CANYON ROAD,MODJESKA CANYON ROAD,3168,S,N,A,-,N,NA,NA,NA,NA,NA,NA,NA,NA,NA,N,2,0,1,1,A,-,01,23152,A,N,E,8,A,A,H,-,A,D,0,NA,NA,NA,NA,Y,Y,A,01,1,0,0,0,0,0,0,0,0,-,-,33.70928955078125,-117.64411926269533,ORANGE,UNINCORPORATED,-117.64385223388672,33.70895004272461
92401624,2024,2024-05-30,9675,2024-05-21,1513,021716,NA,2,2,7,3001,0,1,3,NA,2,572,SR-57 SOUTHBOUND,BALL RD.,1109,N,N,A,-,Y,ORA,NA,57,NA,NA,13.639,H,NA,L,Y,4,0,2,2,A,-,03,22350,NA,N,C,C,A,A,H,-,A,D,0,NA,NA,NA,NA,Y,NA,A,01,0,0,2,0,0,0,0,0,0,-,-,33.82133102416992,-117.8763427734375,ORANGE,ANAHEIM,-117.87628936767578,33.82133102416992
92403445,2024,2024-05-31,9675,2024-05-22,1437,018714,NA,3,2,7,3001,0,1,3,NA,2,094,SR-91 WESTBOUND,IMPERIAL HWY,2429,W,N,A,-,Y,ORA,NA,91,NA,R,11.136,H,NA,L,Y,3,0,2,4,A,-,03,22350,NA,N,C,C,A,A,H,-,A,D,0,NA,NA,NA,NA,Y,NA,A,08,0,1,1,0,0,0,0,0,0,-,-,33.85443115234375,-117.79828643798828,ORANGE,ANAHEIM,-117.79828643798828,33.85447692871094
92404110,2024,2024-06-03,9670,2024-05-30,1415,022421,NA,4,2,4,3020,0,1,1,NA,2,044,I-405 N/B,VALLEY VIEW ST,3696,N,N,A,-,Y,ORA,NA,405,NA,NA,21.237,H,NA,R,Y,4,0,1,3,A,-,07,21658,A,M,B,C,A,A,H,-,A,D,0,NA,NA,NA,NA,Y,NA,-,99,0,0,1,0,0,0,0,0,0,-,-,33.77444076538086,-118.05052947998048,ORANGE,SEAL BEACH,-118.05052947998048,33.774471282958984
92406114,2024,2024-06-05,9690,2024-05-23,1558,017988,NA,4,2,5,3028,0,1,1,NA,2,056,I-5 N/B (SAN DIEGO FRWY),OSO PARKWAY,150,N,N,A,-,Y,ORA,NA,5,NA,NA,15.247,H,NA,R,Y,3,0,1,2,A,-,07,21658,A,N,B,C,A,A,H,-,A,D,0,NA,NA,Y,NA,Y,NA,D,22,0,1,0,0,0,0,0,0,1,-,-,33.58055877685547,-117.67169189453124,ORANGE,MISSION VIEJO,-117.67161560058594,33.58055877685547
92407453,2024,2024-06-06,9670,2024-06-04,1845,022737,NA,2,2,4,3020,0,1,1,NA,2,044,I-405 (SAN DIEGO FWY) TO I-605 (SAN GABRIEL RIVER,I-605 N/B,1300,S,N,A,-,Y,ORA,NA,405,NA,NA,23.776,H,NA,R,N,4,0,1,3,A,-,03,22350,NA,F,C,C,A,A,H,-,A,D,0,NA,NA,NA,NA,Y,NA,D,22,0,0,1,0,0,0,0,0,0,-,-,33.7807502746582,-118.09005737304688,ORANGE,SEAL BEACH,-118.09021759033205,33.78071594238281
92411305,2024,2024-06-11,9675,2024-06-05,1008,021042,NA,3,1,7,3001,0,1,3,NA,2,093,SR-91 WESTBOUND,PLACENTIA AVE.,528,E,N,A,-,Y,ORA,NA,91,NA,NA,5.648,H,NA,L,N,4,0,1,2,A,-,03,22350,NA,N,C,C,A,A,H,-,A,D,0,NA,NA,NA,NA,Y,NA,A,01,0,0,1,0,0,0,0,0,0,-,-,33.85313034057617,-117.8830337524414,ORANGE,ANAHEIM,-117.88301849365234,33.8531494140625
92412858,2024,2024-06-12,9670,2024-05-21,800,018278,NA,2,1,5,3003,0,1,1,NA,2,051,I-5 S/B,LA PALMA AVE,59,S,N,A,-,Y,ORA,NA,5,NA,NA,40.877,H,NA,L,N,3,0,1,3,A,-,07,21658,A,N,B,C,A,A,H,-,A,D,0,NA,NA,Y,NA,Y,NA,A,01,0,1,0,0,0,0,0,0,1,-,-,33.84669876098633,-117.96157073974608,ORANGE,BUENA PARK,-117.96160125732422,33.84665298461914
92413056,2024,2024-06-12,9675,2024-06-04,1725,017998,NA,2,2,6,3004,0,1,1,NA,2,405,I-405 SOUTHBOUND TO SR-55 NORTHBOUND,I-405,300,E,N,A,-,Y,NA,NA,NA,NA,NA,NA,NA,NA,NA,Y,4,0,1,2,A,-,08,22107,NA,N,E,I,A,A,D,-,A,A,0,NA,NA,NA,NA,Y,NA,A,01,0,0,1,0,0,0,0,0,0,-,-,33.68809127807617,-117.87042999267578,ORANGE,COSTA MESA,NA,NA
92413644,2024,2024-06-13,9675,2024-06-05,1820,022993,NA,3,2,6,3026,0,1,1,NA,2,504,I-5 SOUTHBOUND,SAND CANYON AVE,1320,S,N,A,-,Y,ORA,NA,5,NA,R,23.674,H,NA,L,Y,3,0,1,2,A,-,07,21658,A,N,C,C,A,A,H,-,A,D,0,NA,NA,Y,NA,Y,NA,A,01,0,1,0,0,0,0,0,0,1,-,-,33.67414855957031,-117.75611114501952,ORANGE,IRVINE,-117.75621795654295,33.674129486083984
92415099,2024,2024-06-14,9690,2024-06-06,45,022237,NA,4,3,9,3000,0,2,4,NA,2,037,LIVE OAK CANYON ROAD,HAMILTON TRAIL,1584,N,N,A,-,N,NA,NA,NA,NA,NA,NA,NA,NA,NA,Y,3,0,1,1,A,-,03,22350,NA,N,F,I,A,A,H,-,D,D,0,NA,NA,NA,NA,Y,NA,A,01,0,1,0,0,0,0,0,0,0,-,-,33.68613052368164,-117.6078872680664,ORANGE,UNINCORPORATED,-117.60738372802734,33.68601608276367
92416647,2024,2024-06-18,9670,2024-06-09,840,018278,NA,7,1,6,3009,0,1,3,NA,2,022,SR-22 E/B,GARDEN GROVE BLVD,717,E,N,A,-,Y,ORA,NA,22,NA,R,9.018,H,NA,R,N,3,0,2,3,A,-,08,22107,NA,N,B,E,E,A,H,-,A,D,0,Y,NA,NA,NA,Y,NA,A,01,0,1,1,0,1,0,0,0,0,-,-,33.77558898925781,-117.90213012695313,ORANGE,GARDEN GROVE,-117.90220642089844,33.775691986083984
92419704,2024,2024-06-20,9670,2024-06-14,1844,022737,NA,5,2,4,3020,0,1,3,NA,2,021,SR-22 (GARDEN GROVE FWY) W/B TO I-405 (SAN DIEGO F,VALLEY VIEW ST,2112,W,N,A,-,Y,ORA,NA,405,NA,NA,20.929,H,NA,R,Y,3,0,1,2,D,-,00,NA,NA,N,C,C,A,A,H,-,A,D,0,NA,NA,Y,NA,Y,NA,-,-,0,1,0,0,0,0,0,0,1,-,-,33.77499008178711,-118.04521942138672,ORANGE,SEAL BEACH,-118.04521942138672,33.77489471435547
92422843,2024,2024-06-25,9690,2024-06-16,2230,023499,NA,7,3,4,3018,0,1,1,NA,2,057,I-5 N/B (SAN DIEGO FRWY) FROM ORTEGA HIGHWAY W/B,SR 74 W/B (ORTEGA HWY),20,N,N,A,-,Y,ORA,NA,74,NA,NA,0.101,H,NA,L,Y,3,0,1,1,A,-,01,23152,A,N,E,I,A,A,H,-,C,D,0,NA,NA,NA,NA,Y,Y,-,-,0,1,0,0,0,0,0,0,0,-,-,33.50294876098633,-117.65801239013672,ORANGE,SAN JUAN CAPISTRANO,-117.6579132080078,33.50272750854492
92423292,2024,2024-06-25,9675,2024-06-19,1013,021042,NA,3,1,6,3004,0,1,3,NA,2,553,SR-55 SOUTHBOUND,FAIR DRIVE,1056,S,N,B,-,Y,ORA,NA,55,NA,R,3.596,H,NA,L,N,3,0,2,2,A,-,03,22350,NA,N,C,C,A,A,H,-,A,D,0,NA,NA,NA,NA,Y,NA,A,01,0,1,1,0,0,0,0,0,0,-,-,33.661319732666016,-117.899658203125,ORANGE,COSTA MESA,-117.8996124267578,33.661285400390625
92427412,2024,2024-07-01,9670,2024-06-24,2140,023164,NA,1,2,7,3001,0,1,1,NA,2,502,I-5 N/B,HARBOR BLVD,1208,S,N,A,-,Y,ORA,NA,5,NA,NA,37.153,H,NA,R,Y,4,0,3,2,A,-,03,22350,NA,N,C,C,A,A,H,-,C,D,0,NA,NA,NA,NA,Y,NA,A,01,0,0,3,0,0,0,0,0,0,-,-,33.812931060791016,-117.9126205444336,ORANGE,ANAHEIM,-117.91254425048828,33.812984466552734
92427714,2024,2024-07-01,9675,2024-06-30,1330,021305,NA,7,1,7,3019,0,1,1,NA,2,503,I-5 SOUTHBOUND,SR-55 SOUTHBOUND,1478,N,N,A,-,Y,ORA,NA,5,NA,NA,30.543,H,NA,L,N,4,0,1,2,A,-,03,22350,NA,N,C,C,A,A,H,-,A,D,0,NA,NA,NA,NA,Y,NA,A,01,0,0,1,0,0,0,0,0,0,-,-,33.74211120605469,-117.83844757080078,ORANGE,SANTA ANA,-117.83841705322266,33.7421760559082
92430306,2024,2024-07-03,9675,2024-06-21,1728,020923,NA,5,2,7,3001,0,1,3,NA,2,094,SR-91 EASTBOUND,LAKEVIEW AVE,2000,E,N,A,-,Y,ORA,NA,91,NA,R,10.42,H,NA,R,N,3,0,3,5,A,-,08,22107,NA,N,B,C,A,A,H,-,A,D,0,NA,NA,NA,NA,Y,Y,A,07,0,3,0,0,0,0,0,0,0,-,-,33.85361099243164,-117.81005859375,ORANGE,ANAHEIM,-117.81005096435548,33.85358810424805