CASE_ID,ACCIDENT_YEAR,PROC_DATE,JURIS,COLLISION_DATE,COLLISION_TIME,OFFICER_ID,REPORTING_DISTRICT,DAY_OF_WEEK,CHP_SHIFT,POPULATION,CNTY_CITY_LOC,SPECIAL_COND,BEAT_TYPE,CHP_BEAT_TYPE,CITY_DIVISION_LAPD,CHP_BEAT_CLASS,BEAT_NUMBER,PRIMARY_RD,SECONDARY_RD,DISTANCE,DIRECTION,INTERSECTION,WEATHER_1,WEATHER_2,STATE_HWY_IND,CALTRANS_COUNTY,CALTRANS_DISTRICT,STATE_ROUTE,ROUTE_SUFFIX,POSTMILE_PREFIX,POSTMILE,LOCATION_TYPE,RAMP_INTERSECTION,SIDE_OF_HWY,TOW_AWAY,COLLISION_SEVERITY,NUMBER_KILLED,NUMBER_INJURED,PARTY_COUNT,PRIMARY_COLL_FACTOR,PCF_CODE_OF_VIOL,PCF_VIOL_CATEGORY,PCF_VIOLATION,PCF_VIOL_SUBSECTION,HIT_AND_RUN,TYPE_OF_COLLISION,MVIW,PED_ACTION,ROAD_SURFACE,ROAD_COND_1,ROAD_COND_2,LIGHTING,CONTROL_DEVICE,CHP_ROAD_TYPE,PEDESTRIAN_ACCIDENT,BICYCLE_ACCIDENT,MOTORCYCLE_ACCIDENT,TRUCK_ACCIDENT,NOT_PRIVATE_PROPERTY,ALCOHOL_INVOLVED,STWD_VEHTYPE_AT_FAULT,CHP_VEHTYPE_AT_FAULT,COUNT_SEVERE_INJ,COUNT_VISIBLE_INJ,COUNT_COMPLAINT_PAIN,COUNT_PED_KILLED,COUNT_PED_INJURED,COUNT_BICYCLIST_KILLED,COUNT_BICYCLIST_INJURED,COUNT_MC_KILLED,COUNT_MC_INJURED,PRIMARY_RAMP,SECONDARY_RAMP,LATITUDE,LONGITUDE,COUNTY,CITY,POINT_X,POINT_Y
93767412,2024,2024-08-06,9675,2024-07-26,1740,022922,NA,5,2,9,3000,0,3,5,NA,2,001,SANTIAGO CANYON ROAD,MEADS AVENUE,300,W,N,A,-,N,NA,NA,NA,NA,NA,NA,NA,NA,NA,N,4,0,1,3,A,-,03,22350,NA,N,C,C,A,A,H,-,A,D,0,NA,NA,NA,Y,Y,NA,A,07,0,0,1,0,0,0,0,0,0,-,-,33.81415939331055,-117.77992248535156,ORANGE,UNINCORPORATED,-117.77974700927734,33.814109802246094
9378281,2021,2022-01-20,3000,2021-12-22,1802,5013,921F3,3,5,4,3045,0,0,0,NA,0,746,MOULTON PKWY,LAGUNA HILLS DR,19,N,N,B,-,N,NA,NA,NA,NA,NA,NA,NA,NA,NA,Y,3,0,2,2,A,-,08,22100,A,N,D,C,A,A,H,-,C,A,0,NA,NA,NA,NA,Y,NA,A,07,0,1,1,0,0,0,0,0,0,-,-,NA,NA,ORANGE,LAGUNA HILLS,-117.71299743652344,33.591644287109375
9378294,2021,2022-01-20,3000,2021-12-01,1705,5455,892H3,3,5,4,3048,0,0,0,NA,0,767,SANTA MARGARITA PKWY,CALLE CORTA,999,W,N,A,-,N,NA,NA,NA,NA,NA,NA,NA,NA,NA,Y,4,0,2,3,A,-,03,22350,NA,N,C,C,A,A,H,-,C,A,0,NA,NA,NA,NA,Y,NA,A,01,0,0,2,0,0,0,0,0,0,-,-,NA,NA,ORANGE,RANCHO SANTA MARGARITA,-117.61370086669922,33.63744354248047
9379280,2021,2022-03-15,3011,2021-12-26,0636,31407,35,7,5,4,3011,0,0,0,NA,0,001,RT 1,ACACIA DR,20,E,N,A,-,Y,ORA,12,133,-,-,0.237,I,5,N,Y,4,0,1,2,A,-,03,22350,NA,N,D,C,A,B,H,-,B,D,0,NA,NA,NA,NA,Y,NA,A,01,0,0,1,0,0,0,0,0,0,-,-,NA,NA,ORANGE,LAGUNA BEACH,-117.78279113769533,33.545372009277344
9379573,2021,2022-01-26,3004,2021-12-13,2302,P652,11,1,5,6,3004,0,0,0,NA,0,002,NEWPORT BL,VICTORIA ST,0,NA,Y,A,-,Y,ORA,12,55,-,R,2.557,R,4,S,Y,3,0,1,2,A,-,12,21453,NA,N,D,C,A,A,H,-,C,A,0,NA,NA,NA,NA,Y,NA,A,01,0,1,0,0,0,0,0,0,0,-,-,33.652099609375,-117.90882873535156,ORANGE,COSTA MESA,-117.91092681884766,33.64952087402344
9379887,2022,2022-02-17,3003,2022-01-31,1539,652,NA,1,5,5,3003,0,0,0,NA,0,003,AZALEA DR,BEACH BL,35,E,N,A,-,N,NA,NA,NA,NA,NA,NA,NA,NA,NA,Y,3,0,1,1,A,-,08,22107,NA,N,E,I,A,A,H,-,A,D,0,NA,NA,NA,NA,Y,NA,A,01,0,1,0,0,0,0,0,0,0,-,-,35.11399841308594,-117.59510040283205,ORANGE,BUENA PARK,-117.99777221679688,33.85383224487305
9380381,2021,2022-03-08,3009,2021-06-23,1743,3965,112,3,5,6,3009,0,0,0,NA,0,021,CHAPMAN AV,EASY WY,0,NA,Y,A,-,N,NA,NA,NA,NA,NA,NA,NA,NA,NA,Y,2,0,4,3,A,-,01,23153,B,N,D,C,A,A,H,-,A,A,0,NA,NA,NA,NA,Y,Y,D,22,1,1,2,0,0,0,0,0,0,-,-,NA,NA,ORANGE,GARDEN GROVE,-117.94770050048828,33.78863525390625
9383166,2021,2021-12-31,3005,2021-11-28,1248,8294,C42,7,5,4,3005,0,0,0,NA,0,003,MATINICUS CT,VINALHAVEN CT,0,NA,Y,A,-,N,NA,NA,NA,NA,NA,NA,NA,NA,NA,N,4,0,1,2,A,-,11,21954,A,N,G,B,-,A,H,-,A,D,0,Y,NA,NA,NA,Y,NA,N,60,0,0,1,0,1,0,0,0,0,-,-,NA,NA,ORANGE,CYPRESS,-118.01554870605467,33.79610824584961
9383718,2021,2022-01-27,3009,2021-12-14,1406,0145,143,2,5,6,3009,0,0,0,NA,0,2 2,LAMPSON AV,MERRILL ST,246,E,N,C,-,N,NA,NA,NA,NA,NA,NA,NA,NA,NA,Y,3,0,3,3,A,-,08,22107,NA,N,B,E,A,B,H,-,A,D,0,NA,NA,NA,NA,Y,NA,A,01,0,2,1,0,0,0,0,0,0,-,-,NA,NA,ORANGE,GARDEN GROVE,-117.92193603515624,33.781620025634766
9384031,2021,2021-12-28,3000,2021-10-25,1650,9680,971H6,1,5,4,3029,0,0,0,NA,0,736,ST OF THE SILVER LANTERN,LA CRESTA DR,7,E,N,A,-,N,NA,NA,NA,NA,NA,NA,NA,NA,NA,Y,4,0,2,2,A,-,00,22460,A,N,D,C,A,A,H,-,A,D,0,NA,NA,NA,NA,Y,Y,A,01,0,0,2,0,0,0,0,0,0,-,-,NA,NA,ORANGE,DANA POINT,-117.696332,33.469113
9384636,2021,2022-01-24,3004,2021-12-16,1805,P481,11,4,5,6,3004,0,0,0,NA,0,015,NEWPORT BL,BAY ST,193,N,N,C,-,N,NA,NA,55,NA,NA,NA,NA,NA,NA,N,3,0,1,2,A,-,08,22107,NA,N,D,G,A,B,H,-,C,D,0,NA,Y,NA,NA,Y,NA,A,07,0,1,0,0,0,0,1,0,0,-,-,33.647911071777344,-117.91185760498048,ORANGE,COSTA MESA,-117.91217803955078,33.64822769165039
9384837,2021,2022-01-13,3010,2021-12-02,1043,2096,457,4,5,6,3010,0,0,0,NA,0,002,BROOKHURST ST,INDIANAPOLIS,32,S,N,A,-,N,NA,NA,NA,NA,NA,NA,NA,NA,NA,Y,3,0,2,2,A,-,03,22350,NA,N,C,C,A,A,H,-,A,A,0,NA,NA,NA,NA,Y,NA,A,07,0,1,1,0,0,0,0,0,0,-,-,NA,NA,ORANGE,HUNTINGTON BEACH,-117.95382690429688,33.66501235961914
9387155,2021,2022-01-12,3000,2021-10-15,2324,9715,797J1,5,5,4,3021,0,0,0,NA,0,3A22,CERRITOS AV,OAKHAVEN DR,130,E,N,A,-,N,NA,NA,NA,NA,NA,NA,NA,NA,NA,Y,4,0,1,3,A,-,03,22350,NA,N,C,C,E,A,H,-,A,D,0,Y,NA,NA,NA,Y,NA,D,22,0,0,1,0,1,0,0,0,0,-,-,NA,NA,ORANGE,STANTON,-118.00550079345705,33.81003952026367
9389015,2021,2022-02-04,3009,2021-12-16,0603,4303,115,4,5,6,3009,0,0,0,NA,0,2-1,EUCLID ST,TRASK AV,0,NA,Y,A,-,N,NA,NA,NA,NA,NA,NA,NA,NA,NA,N,4,0,1,2,A,-,12,21453,A,N,D,C,A,A,H,-,B,A,0,NA,NA,NA,NA,Y,NA,A,01,0,0,1,0,0,0,0,0,0,-,-,33.76694107055664,-117.9378662109375,ORANGE,GARDEN GROVE,-117.93787384033205,33.766937255859375
9389191,2021,2022-01-27,3006,2021-12-18,0545,337,1-2,6,5,3,3006,0,0,0,NA,0,001,VALLEY VIEW ST,ORANGETHORPE AV,0,NA,Y,A,-,N,NA,NA,NA,NA,NA,NA,NA,NA,NA,N,4,0,1,2,A,-,12,21453,A,N,D,C,A,A,H,-,C,A,0,NA,NA,NA,NA,Y,NA,A,07,0,0,1,0,0,0,0,0,0,-,-,NA,NA,ORANGE,LA PALMA,-118.02875518798828,33.858882904052734
9389197,2021,2022-01-31,3000,2021-12-15,1539,7734,922C7,3,5,5,3028,0,0,0,NA,0,751,MEDICAL CENTER RD,CROWN VALLEY PKWY,0,NA,Y,A,-,N,NA,NA,NA,NA,NA,NA,NA,NA,NA,Y,4,0,2,2,A,-,12,21453,A,N,D,C,A,A,H,-,A,A,0,NA,NA,NA,NA,Y,NA,A,07,0,0,2,0,0,0,0,0,0,-,-,NA,NA,ORANGE,MISSION VIEJO,-117.66781616210938,33.56272888183594
9390895,2021,2022-01-25,3012,2021-12-21,1701,693,32,2,5,5,3012,0,0,0,NA,0,003,W LAMBERT RD,BEACH BL,772,E,N,A,-,N,NA,NA,NA,NA,NA,NA,NA,NA,NA,N,3,0,1,3,A,-,09,21801,A,N,A,C,A,A,H,-,C,D,0,NA,NA,Y,NA,Y,NA,A,01,0,1,0,0,0,0,0,0,1,-,-,NA,NA,ORANGE,LA HABRA,-117.96517181396484,33.92454147338867
9391235,2021,2022-02-02,3009,2021-12-16,1805,4352,153,4,5,6,3009,0,0,0,NA,0,2-2,HASTER ST,LAMPSON AV,0,NA,Y,A,-,N,NA,NA,NA,NA,NA,NA,NA,NA,NA,Y,4,0,2,2,A,-,12,21453,A,N,D,C,A,B,H,-,C,A,0,NA,NA,NA,NA,Y,NA,-,-,0,0,2,0,0,0,0,0,0,-,-,NA,NA,ORANGE,GARDEN GROVE,-117.90618896484376,33.781681060791016
9395497,2021,2022-02-09,3012,2021-12-14,1850,624,33,2,5,5,3012,0,0,0,NA,0,003,LAMBERT RD,MONTE VISTA ST,250,E,N,A,-,N,NA,NA,NA,NA,NA,NA,NA,NA,NA,N,4,0,1,2,A,-,08,22107,NA,N,C,C,A,A,H,-,C,D,0,NA,NA,NA,NA,Y,NA,I,11,0,0,1,0,0,0,0,0,0,-,-,NA,NA,ORANGE,LA HABRA,-117.95401763916016,33.924659729003906
9396573,2022,2022-02-10,3026,2022-01-15,0852,663/591,3026,6,5,6,3026,0,0,0,NA,0,00P,IRVINE BL,GROVELAND,0,NA,Y,C,-,N,NA,NA,NA,NA,NA,NA,NA,NA,NA,N,3,0,1,2,A,-,04,21703,NA,N,C,-,A,B,-,-,A,A,0,NA,Y,NA,NA,Y,NA,L,04,0,1,0,0,0,0,1,0,0,-,-,NA,NA,ORANGE,IRVINE,-117.74439239501952,33.70275115966797
9400174,2022,2022-02-09,3009,2022-01-09,0027,4864,144,7,5,6,3009,0,0,0,NA,0,2-2,GARDEN GROVE BL,PALM ST,22,E,N,A,-,N,NA,NA,NA,NA,NA,NA,NA,NA,NA,Y,3,0,2,2,A,-,01,23152,A,N,D,C,A,A,H,-,C,A,0,NA,NA,NA,NA,Y,Y,A,01,0,1,1,0,0,0,0,0,0,-,-,NA,NA,ORANGE,GARDEN GROVE,-117.91555786132813,33.77415084838867
9401783,2021,2022-03-07,3000,2021-12-26,0926,10692,992J2,7,5,5,3017,0,0,0,NA,0,1A76,AVENIDA PICO,CALLE FRONTERA,0,NA,Y,B,-,N,NA,NA,NA,NA,NA,NA,NA,NA,NA,Y,4,0,1,2,A,-,12,21453,A,N,D,C,A,A,H,-,A,A,0,NA,NA,NA,NA,Y,NA,A,07,0,0,1,0,0,0,0,0,0,-,-,NA,NA,ORANGE,SAN CLEMENTE,-117.61614990234376,33.442378997802734
94019046,2024,2024-08-09,9670,2024-08-07,705,018278,NA,3,1,5,3003,0,1,1,NA,2,501,I-5 (S/B),SR-91 W/B,335,N,N,A,-,Y,ORA,NA,5,NA,NA,42.391,H,NA,L,N,4,0,1,4,A,-,03,22350,NA,N,B,C,A,A,H,-,A,D,0,NA,NA,NA,NA,Y,NA,A,01,0,0,1,0,0,0,0,0,0,-,-,33.858150482177734,-117.9836196899414,ORANGE,BUENA PARK,-117.98365020751952,33.85810852050781
9402752,2022,2022-02-14,3026,2022-01-09,0033,600,3026,7,5,6,3026,0,0,0,NA,0,00C,ALTON PKWY,KAISER PERMANENTE,764,E,N,A,-,N,NA,NA,NA,NA,NA,NA,NA,NA,NA,Y,3,0,1,1,A,-,01,23152,A,N,E,I,A,A,H,-,C,A,0,NA,NA,NA,NA,Y,Y,A,01,0,1,0,0,0,0,0,0,0,-,-,NA,NA,ORANGE,IRVINE,-117.77098846435548,33.6573371887207
9404514,2022,2022-02-24,3009,2022-01-14,0616,4748,055,5,5,6,3009,0,0,0,NA,0,1-1,BEACH BL,GARDEN GROVE BL,565,S,N,A,-,Y,ORA,12,22,-,R,3.784,R,1,W,Y,3,0,1,2,A,-,12,21453,A,N,D,C,A,A,H,-,A,A,0,NA,NA,NA,NA,Y,NA,D,22,0,1,0,0,0,0,0,0,0,-,-,NA,NA,ORANGE,GARDEN GROVE,-117.98883819580078,33.7710075378418
9406483,2021,2022-02-15,3000,2021-12-18,2045,11256,891J7,6,5,5,3028,0,0,0,NA,0,755,ALICIA PKWY,MUIRLAND BL,0,NA,Y,A,-,N,NA,NA,NA,NA,NA,NA,NA,NA,NA,Y,4,0,2,4,A,-,09,21453,C,N,D,C,A,A,H,-,C,A,0,NA,NA,NA,NA,Y,NA,D,22,0,0,2,0,0,0,0,0,0,-,-,NA,NA,ORANGE,MISSION VIEJO,-117.68668365478516,33.609886169433594
9406850,2021,2022-03-07,3000,2021-12-31,1335,1948,921J1,5,5,4,3045,0,0,0,NA,0,247,ALICIA PKWY,PASEO DE ALICIA,186,W,N,A,-,N,NA,NA,NA,NA,NA,NA,NA,NA,NA,Y,4,0,2,2,A,-,03,22350,NA,N,C,C,A,A,H,-,A,D,0,NA,NA,NA,NA,Y,NA,D,22,0,0,2,0,0,0,0,0,0,-,-,NA,NA,ORANGE,LAGUNA HILLS,-117.69130706787108,33.60140609741211
9407505,2022,2022-03-17,3026,2022-02-14,1527,308,CROSS,1,5,6,3026,0,0,0,NA,0,004,HARVARD AV,WARNER AV,45,S,N,A,-,N,NA,NA,NA,NA,NA,NA,NA,NA,NA,Y,4,0,1,3,A,-,03,22350,NA,N,C,C,A,A,H,-,A,A,0,NA,NA,NA,NA,Y,NA,A,01,0,0,1,0,0,0,0,0,0,-,-,33.69213104248047,-117.81194305419922,ORANGE,IRVINE,-117.81277465820313,33.69243621826172
9407829,2022,2022-06-21,3000,2022-05-12,1530,10205,951J5,4,5,5,3040,0,0,0,NA,0,141,THE GOLDEN LANTERN,SHARK BAY,100,S,N,A,-,N,NA,NA,NA,NA,NA,NA,NA,NA,NA,N,3,0,1,1,A,-,03,22350,NA,N,F,A,A,A,H,-,A,A,0,NA,Y,NA,NA,Y,NA,L,04,0,1,0,0,0,0,1,0,0,-,-,NA,NA,ORANGE,LAGUNA NIGUEL,-117.6868896484375,33.53895568847656
9407879,2022,2022-06-16,3000,2022-05-12,1301,4647,951J5,4,5,5,3040,0,0,0,NA,0,6M39,HIDDEN HILLS,SANDLING CT,0,NA,Y,A,-,N,NA,NA,NA,NA,NA,NA,NA,NA,NA,N,4,0,1,2,-,-,-,NA,B,N,D,C,A,A,H,-,A,A,0,NA,NA,NA,NA,Y,NA,A,01,0,0,1,0,0,0,0,0,0,-,-,NA,NA,ORANGE,LAGUNA NIGUEL,-117.69110107421876,33.52796173095703
9407907,2022,2022-06-16,3009,2022-05-18,1151,4626,072,3,5,6,3009,0,0,0,NA,0,1 2,DALE ST,HOPI RD,242,S,N,A,-,N,NA,NA,NA,NA,NA,NA,NA,NA,NA,Y,4,0,1,2,A,-,08,22107,NA,N,C,E,A,A,H,-,A,D,0,NA,NA,NA,NA,Y,NA,A,07,0,0,1,0,0,0,0,0,0,-,-,NA,NA,ORANGE,GARDEN GROVE,-117.98420715332033,33.79311752319336
9408496,2022,2022-02-28,3003,2022-02-08,1331,652,NA,2,5,5,3003,0,0,0,NA,0,004,LA PALMA AV,KNOTT AV,310,E,N,A,-,N,NA,NA,NA,NA,NA,NA,NA,NA,NA,Y,3,0,1,1,A,-,08,22107,NA,N,E,I,A,A,H,-,A,D,0,NA,NA,NA,NA,Y,NA,D,22,0,1,0,0,0,0,0,0,0,-,-,33.50469970703125,-118.00360107421876,ORANGE,BUENA PARK,-118.01018524169922,33.846561431884766
9408568,2022,2022-03-07,3003,2022-01-20,0930,1160,NA,4,5,5,3003,0,0,0,NA,0,001,BEACH BL,CASCADE WY,535,N,N,B,-,Y,ORA,12,39,-,-,16.13,I,5,N,N,4,0,3,2,A,-,09,21801,A,N,D,C,A,A,H,-,A,D,0,NA,NA,NA,NA,Y,NA,A,07,0,0,3,0,0,0,0,0,0,-,-,33.88285827636719,-117.99669647216795,ORANGE,BUENA PARK,-117.99790954589844,33.881656646728516
9411893,2021,2022-02-23,3000,2021-12-12,2129,9387,821G3,7,5,4,3045,0,0,0,NA,0,741,LAGUNA HILLS DR,PASEO DE VALENCIA,13,W,N,A,-,N,NA,NA,NA,NA,NA,NA,NA,NA,NA,Y,4,0,2,2,D,-,00,NA,NA,N,B,C,A,A,H,-,C,A,0,NA,NA,NA,NA,Y,NA,-,-,0,0,2,0,0,0,0,0,0,-,-,NA,NA,ORANGE,LAGUNA HILLS,-117.70159149169922,33.59571075439453
9412939,2021,2022-03-07,3003,2021-12-19,0206,1240,NA,7,5,5,3003,0,0,0,NA,0,NA,BEACH BL,ORANGETHORPE AV,40,S,N,A,-,N,NA,NA,NA,NA,NA,NA,NA,NA,NA,Y,4,0,1,2,A,-,01,23152,NA,M,C,C,A,A,H,-,C,A,0,NA,NA,NA,NA,Y,Y,A,01,0,0,1,0,0,0,0,0,0,-,-,33.513099670410156,-117.59519958496094,ORANGE,BUENA PARK,-117.9980010986328,33.85887908935547
9414032,2022,2022-03-16,3000,2022-01-16,1521,9220,972C6,7,5,4,3018,0,0,0,NA,0,730,CAMINO LAS RAMBLAS,CAMINO DE VISTA,0,NA,Y,A,-,Y,ORA,12,5,-,-,6.511,R,4,N,Y,3,0,1,2,A,-,09,21801,A,N,D,C,A,A,H,-,A,A,0,NA,NA,NA,NA,Y,NA,A,07,0,1,0,0,0,0,0,0,0,-,-,NA,NA,ORANGE,SAN JUAN CAPISTRANO,-117.6660614013672,33.46479797363281
9414973,2022,2022-03-01,3026,2022-02-03,1533,8929,NA,4,5,6,3026,0,0,0,NA,0,NA,CULVER DR,WALNUT AV,742,S,N,A,-,N,NA,NA,NA,NA,NA,NA,NA,NA,NA,Y,4,0,3,2,A,-,03,22350,NA,N,C,C,A,A,H,-,A,D,0,NA,NA,NA,NA,Y,NA,A,01,0,0,3,0,0,0,0,0,0,-,-,33.70404052734375,-117.78677368164063,ORANGE,IRVINE,-117.7893295288086,33.70319366455078
9415615,2022,2022-03-11,3026,2022-02-12,1707,614,NA,6,5,6,3026,0,0,0,NA,0,00C,WALNUT AV,MYFORD RD,0,NA,Y,A,-,N,NA,NA,NA,NA,NA,NA,NA,NA,NA,N,3,0,1,1,A,-,03,22350,NA,N,E,I,A,A,H,-,A,D,0,NA,NA,NA,NA,Y,NA,A,01,0,1,0,0,0,0,0,0,0,-,-,NA,NA,ORANGE,IRVINE,-117.8035888671875,33.71299362182617
9418667,2022,2022-03-25,3000,2022-01-23,0953,8926,891G7,7,5,4,3045,0,0,0,NA,0,745,LOS ALISOS,AVD D LA CARLOTA,0,NA,Y,A,-,N,NA,NA,NA,NA,NA,NA,NA,NA,NA,Y,4,0,4,2,A,-,12,21453,A,N,D,C,A,A,H,-,A,A,0,NA,NA,NA,NA,Y,NA,A,01,0,0,4,0,0,0,0,0,0,-,-,NA,NA,ORANGE,LAGUNA HILLS,-117.69938659667967,33.606422424316406
9418756,2022,2022-03-25,3004,2022-02-18,1326,P655,20,5,5,6,3004,0,0,0,NA,0,015,COLLEGE AV,LOGAN AV,60,S,N,A,-,N,NA,NA,NA,NA,NA,NA,NA,NA,NA,Y,3,0,1,3,A,-,01,23152,A,N,E,E,A,A,H,-,A,D,0,NA,NA,NA,NA,Y,Y,A,01,0,1,0,0,0,0,0,0,0,-,-,33.67863845825195,-117.91654205322266,ORANGE,COSTA MESA,-117.91658020019533,33.6785774230957
9418782,2022,2022-03-28,3000,2022-02-16,1910,4647,971E2,3,5,5,3040,0,0,0,NA,0,6M39,PACIFIC ISLAND DR,CROWN VALLEY,3075,N,N,A,-,N,NA,NA,NA,NA,NA,NA,NA,NA,NA,N,3,0,1,1,A,-,03,22350,A,N,A,A,A,A,H,-,C,D,0,NA,Y,NA,NA,Y,NA,L,04,0,1,0,0,0,0,1,0,0,-,-,NA,NA,ORANGE,LAGUNA NIGUEL,-117.72030639648438,33.49483108520508
9418786,2022,2022-06-16,3002,2022-02-11,2125,10165,740A3,5,5,5,3025,0,0,0,NA,0,001,IMPERIAL HWY,VALLEY VIEW AV,11,E,N,A,-,N,NA,NA,NA,NA,NA,NA,NA,NA,NA,Y,2,0,3,2,A,-,08,22107,NA,N,D,D,A,A,H,-,C,A,0,NA,NA,NA,NA,Y,NA,A,01,1,0,2,0,0,0,0,0,0,-,-,NA,NA,ORANGE,YORBA LINDA,-117.8286361694336,33.89796447753906
9419024,2022,2022-04-04,3004,2022-03-09,0814,P648,03,3,5,6,3004,0,0,0,NA,0,015,WESTMINSTER AV,PALMER ST,0,NA,Y,A,-,N,NA,NA,NA,NA,NA,NA,NA,NA,NA,N,3,0,1,2,A,-,12,22450,A,N,D,G,A,A,H,-,A,D,0,NA,Y,NA,NA,Y,NA,L,04,0,1,0,0,0,0,1,0,0,-,-,33.62929916381836,-117.9218978881836,ORANGE,COSTA MESA,-117.9219207763672,33.629337310791016
9419160,2022,2022-04-21,3000,2022-02-28,1517,9220,972D1,1,5,4,3018,0,0,0,NA,0,730,RANCHO VIEJO RD,RT 74,575,N,N,A,-,N,NA,NA,NA,NA,NA,NA,NA,NA,NA,Y,4,0,1,4,A,-,03,22350,NA,N,C,C,A,A,H,-,A,D,0,NA,NA,NA,NA,Y,NA,D,22,0,0,1,0,0,0,0,0,0,-,-,NA,NA,ORANGE,SAN JUAN CAPISTRANO,-117.6557846069336,33.50492858886719
9419233,2022,2022-04-21,3012,2022-03-30,1602,624,15,3,5,5,3012,0,0,0,NA,0,001,LA HABRA BL,EL PORTAL DR,0,NA,Y,A,-,N,NA,NA,NA,NA,NA,NA,NA,NA,NA,Y,4,0,2,2,A,-,09,21802,A,N,D,C,A,A,H,-,A,A,0,NA,NA,NA,NA,Y,NA,A,01,0,0,2,0,0,0,0,0,0,-,-,NA,NA,ORANGE,LA HABRA,-117.96241760253906,33.931854248046875
9419764,2022,2022-04-21,3003,2022-03-28,0837,1160,NA,1,5,5,3003,0,0,0,NA,0,002,BEACH BL,9TH ST,291,N,N,B,-,Y,ORA,12,5,-,-,43.642,R,4,S,N,4,0,1,2,A,-,03,22350,NA,N,C,C,A,A,H,-,A,A,0,NA,NA,NA,NA,Y,NA,A,07,0,0,1,0,0,0,0,0,0,-,-,33.865379333496094,-117.99820709228516,ORANGE,BUENA PARK,-118.0012664794922,33.86779022216797
9419767,2022,2022-04-26,3011,2022-04-02,1124,31241,71,6,5,4,3011,0,0,0,NA,0,001,RT 1,SUN VALLEY DR,220,N,N,A,-,Y,ORA,12,133,-,-,2.9,H,-,S,Y,4,0,2,2,A,-,03,22350,NA,N,C,C,A,A,H,-,A,D,0,NA,NA,NA,NA,Y,NA,A,01,0,0,2,0,0,0,0,0,0,-,-,NA,NA,ORANGE,LAGUNA BEACH,-117.76293182373048,33.57570266723633
9420134,2022,2022-04-27,3000,2022-03-15,1020,10357,992J4,2,5,5,3017,0,0,0,NA,0,777,NORTH EL CAMINO REAL,AVENIDA PALIZADA,121,S,N,A,-,N,NA,NA,NA,NA,NA,NA,NA,NA,NA,Y,3,0,2,2,A,-,07,21658,A,N,F,E,A,A,H,-,A,A,0,NA,NA,NA,NA,Y,NA,A,07,0,1,1,0,0,0,0,0,0,-,-,NA,NA,ORANGE,SAN CLEMENTE,-117.61515045166016,33.42964553833008
9420282,2022,2022-06-23,3012,2022-02-24,1255,568,11,4,5,5,3012,0,0,0,NA,0,001,HACIENDA RD,SILLIKER AV,0,NA,Y,A,-,N,NA,NA,NA,NA,NA,NA,NA,NA,NA,Y,3,0,1,2,A,-,09,21802,A,N,D,C,A,A,H,-,A,A,0,NA,NA,NA,NA,Y,NA,A,01,0,1,0,0,0,0,0,0,0,-,-,NA,NA,ORANGE,LA HABRA,-117.96478271484376,33.94148254394531
9421558,2021,2022-03-25,3000,2021-12-04,0430,10178,770E7,6,5,2,3023,0,0,0,NA,0,014,CANNON ST,TAFT AV,141,N,N,A,-,N,NA,NA,NA,NA,NA,NA,NA,NA,NA,Y,4,0,4,2,A,-,01,23152,A,N,B,C,A,A,H,-,C,D,0,NA,NA,NA,NA,Y,Y,A,01,0,0,4,0,0,0,0,0,0,-,-,NA,NA,ORANGE,VILLA PARK,-117.7958755493164,33.81806945800781
9422581,2022,2022-04-04,3009,2022-03-10,1721,4616,075,4,5,6,3009,0,0,0,NA,0,1-3,TRASK AV,PURDY ST,166,E,N,A,-,N,NA,NA,NA,NA,NA,NA,NA,NA,NA,N,4,0,1,2,A,-,09,21804,A,N,D,C,A,A,H,-,A,A,0,NA,NA,NA,Y,Y,NA,A,01,0,0,1,0,0,0,0,0,0,-,-,NA,NA,ORANGE,GARDEN GROVE,-117.9779052734375,33.76664733886719
9424908,2022,2022-04-12,3013,2022-03-07,1651,232,L04,1,5,3,3013,0,0,0,NA,0,004,CERRITOS AV,CHESTNUT ST,0,NA,Y,A,-,N,NA,NA,NA,NA,NA,NA,NA,NA,NA,Y,3,0,3,3,A,-,08,22101,D,N,D,C,A,A,H,-,A,A,0,NA,NA,NA,NA,Y,NA,A,01,0,1,2,0,0,0,0,0,0,-,-,NA,NA,ORANGE,LOS ALAMITOS,-118.07316589355467,33.81038284301758
9426015,2022,2022-03-30,3026,2022-03-07,1557,6352,NA,1,5,6,3026,0,0,0,NA,0,00U,UNIVERSITY DR,SAN JOAQUIN,0,NA,Y,A,-,N,NA,NA,NA,NA,NA,NA,NA,NA,NA,N,2,0,1,2,A,-,03,22350,NA,N,H,G,A,A,H,-,A,A,0,NA,NA,NA,NA,Y,NA,M,94,1,0,0,0,0,0,0,0,0,-,-,NA,NA,ORANGE,IRVINE,-117.83146667480467,33.657508850097656
9427070,2022,2022-04-06,3003,2022-03-29,0800,1160,NA,2,5,5,3003,0,0,0,NA,0,004,ORANGETHORPE AV,MCNEIL LN,295,W,N,A,-,N,NA,NA,NA,NA,NA,NA,NA,NA,NA,N,4,0,1,2,A,-,03,22350,NA,N,C,E,A,A,C,-,A,D,0,NA,NA,NA,NA,Y,NA,A,01,0,0,1,0,0,0,0,0,0,-,-,33.858821868896484,-118.00798034667967,ORANGE,BUENA PARK,-118.0078582763672,33.85892868041992