CASE_ID,ACCIDENT_YEAR,PROC_DATE,JURIS,COLLISION_DATE,COLLISION_TIME,OFFICER_ID,REPORTING_DISTRICT,DAY_OF_WEEK,CHP_SHIFT,POPULATION,CNTY_CITY_LOC,SPECIAL_COND,BEAT_TYPE,CHP_BEAT_TYPE,CITY_DIVISION_LAPD,CHP_BEAT_CLASS,BEAT_NUMBER,PRIMARY_RD,SECONDARY_RD,DISTANCE,DIRECTION,INTERSECTION,WEATHER_1,WEATHER_2,STATE_HWY_IND,CALTRANS_COUNTY,CALTRANS_DISTRICT,STATE_ROUTE,ROUTE_SUFFIX,POSTMILE_PREFIX,POSTMILE,LOCATION_TYPE,RAMP_INTERSECTION,SIDE_OF_HWY,TOW_AWAY,COLLISION_SEVERITY,NUMBER_KILLED,NUMBER_INJURED,PARTY_COUNT,PRIMARY_COLL_FACTOR,PCF_CODE_OF_VIOL,PCF_VIOL_CATEGORY,PCF_VIOLATION,PCF_VIOL_SUBSECTION,HIT_AND_RUN,TYPE_OF_COLLISION,MVIW,PED_ACTION,ROAD_SURFACE,ROAD_COND_1,ROAD_COND_2,LIGHTING,CONTROL_DEVICE,CHP_ROAD_TYPE,PEDESTRIAN_ACCIDENT,BICYCLE_ACCIDENT,MOTORCYCLE_ACCIDENT,TRUCK_ACCIDENT,NOT_PRIVATE_PROPERTY,ALCOHOL_INVOLVED,STWD_VEHTYPE_AT_FAULT,CHP_VEHTYPE_AT_FAULT,COUNT_SEVERE_INJ,COUNT_VISIBLE_INJ,COUNT_COMPLAINT_PAIN,COUNT_PED_KILLED,COUNT_PED_INJURED,COUNT_BICYCLIST_KILLED,COUNT_BICYCLIST_INJURED,COUNT_MC_KILLED,COUNT_MC_INJURED,PRIMARY_RAMP,SECONDARY_RAMP,LATITUDE,LONGITUDE,COUNTY,CITY,POINT_X,POINT_Y
9594175,2023,2023-07-05,3003,2023-05-06,817,1210,NA,6,5,5,3003,0,0,0,NA,0,NA,WESTERN AV,AUTO CENTER DR,0,NA,Y,A,-,N,NA,NA,NA,NA,NA,NA,NA,NA,NA,Y,4,0,2,2,A,-,12,21453,A,N,D,C,A,A,H,-,A,A,0,NA,NA,NA,NA,Y,NA,A,01,0,0,2,0,0,0,0,0,0,-,-,33.86980056762695,-118.00229644775392,ORANGE,BUENA PARK,-118.00260925292967,33.86985397338867
9596199,2023,2023-07-21,3012,2023-06-08,1249,611,34,4,5,5,3012,0,0,0,NA,0,032,LAMBERT RD,BEACH BL,105,W,N,A,-,Y,ORA,12,39,-,-,19.671,I,6,S,N,4,0,1,2,A,-,03,22350,NA,N,C,C,A,A,H,-,A,A,0,NA,NA,NA,NA,Y,NA,A,01,0,0,1,0,0,0,0,0,0,-,-,NA,NA,ORANGE,LA HABRA,-117.9678955078125,33.92464828491211
9598494,2023,2023-08-09,3009,2023-07-02,1309,5003,136,7,5,6,3009,0,0,0,NA,0,023,HARBOR BL,WESTMINSTER AV,227,N,N,A,-,N,NA,NA,NA,NA,NA,NA,NA,NA,NA,Y,3,0,2,2,A,-,07,21658,A,N,B,C,A,A,H,-,A,A,0,NA,NA,NA,NA,Y,Y,A,01,0,2,0,0,0,0,0,0,0,-,-,NA,NA,ORANGE,GARDEN GROVE,-117.92034149169922,33.76047134399414
9598773,2023,2024-01-26,3009,2023-12-26,625,4856,2,2,5,6,3009,0,0,0,NA,0,114,GARDEN GROVE BL,JOY ST,24,W,N,A,-,N,NA,NA,NA,NA,NA,NA,NA,NA,NA,N,3,0,1,2,A,-,09,21801,A,N,D,C,A,A,H,-,A,A,0,NA,NA,NA,NA,Y,NA,A,07,0,1,0,0,0,0,0,0,0,-,-,NA,NA,ORANGE,GARDEN GROVE,-117.94763946533205,33.7741584777832
9598799,2023,2024-01-18,3009,2023-11-25,1134,4613,113,6,5,6,3009,0,0,0,NA,0,021,EUCLID ST,MARIAN DR,0,NA,Y,A,-,N,NA,NA,NA,NA,NA,NA,NA,NA,NA,Y,3,0,1,2,A,-,12,21453,A,N,D,C,A,A,H,-,A,A,0,NA,NA,NA,NA,Y,NA,A,01,0,1,0,0,0,0,0,0,0,-,-,NA,NA,ORANGE,GARDEN GROVE,-117.94123840332033,33.78639602661133
9599368,2023,2023-07-26,3004,2023-06-25,632,P709,20,7,5,6,3004,0,0,0,NA,0,004,HARBOR BL,VILLAGE WY,144,N,N,B,-,N,NA,NA,NA,NA,NA,NA,NA,NA,NA,N,2,0,3,2,A,-,03,22350,NA,N,F,D,A,A,H,-,A,A,0,NA,NA,NA,NA,Y,NA,A,07,1,2,0,0,0,0,0,0,0,-,-,33.67797088623047,-117.91925048828124,ORANGE,COSTA MESA,-117.9193878173828,33.67790603637695
9600045,2023,2023-08-03,3009,2023-06-28,1648,4963,112,3,5,6,3009,0,0,0,NA,0,021,CHAPMAN AV,NELSON ST,0,NA,Y,A,-,N,NA,NA,NA,NA,NA,NA,NA,NA,NA,Y,2,0,4,2,A,-,09,21801,A,N,D,C,A,A,H,-,A,A,0,NA,NA,NA,NA,Y,NA,A,01,1,1,2,0,0,0,0,0,0,-,-,NA,NA,ORANGE,GARDEN GROVE,-117.94558715820313,33.78864669799805
9600509,2023,2023-08-07,3004,2023-07-05,1632,P691,09,3,5,6,3004,0,0,0,NA,0,015,PLACENTIA AV,VICTORIA ST,32,S,N,A,-,N,NA,NA,NA,NA,NA,NA,NA,NA,NA,N,4,0,1,2,A,-,03,22350,NA,N,C,C,A,A,H,-,A,A,0,NA,NA,NA,NA,Y,NA,A,01,0,0,1,0,0,0,0,0,0,-,-,33.652000427246094,-117.93199920654295,ORANGE,COSTA MESA,-117.93209838867188,33.65237045288086
9601357,2023,2023-08-23,3012,2023-07-21,2013,677,11,5,5,5,3012,0,0,0,NA,0,001,W WHITTIER BL,N LINDAUER DR,0,NA,Y,A,-,Y,ORA,12,72,-,-,11.521,I,5,N,Y,4,0,2,3,A,-,09,21801,A,N,D,D,A,A,H,-,A,D,0,NA,NA,NA,NA,Y,NA,D,22,0,0,2,0,0,0,0,0,0,-,-,NA,NA,ORANGE,LA HABRA,-117.96978759765624,33.939918518066406
9602683,2023,2023-08-22,3003,2023-07-29,2309,1311,2,6,5,5,3003,0,0,0,NA,0,002,WESTERN AV,FRANKLIN ST,158,S,N,A,-,N,NA,NA,NA,NA,NA,NA,NA,NA,NA,N,4,0,1,2,A,-,00,21954,NA,N,G,B,D,A,H,-,C,D,0,Y,NA,NA,NA,Y,NA,-,-,0,0,1,0,1,0,0,0,0,-,-,33.523399353027344,-118.00090026855467,ORANGE,BUENA PARK,-118.00267791748048,33.87637710571289
9606563,2023,2023-09-11,3000,2023-07-09,817,10830,797J6,7,5,4,3021,0,0,0,NA,0,023,BEACH BL,ACACIA AV,0,NA,Y,A,-,Y,ORA,12,39,-,-,8.801,I,5,N,Y,3,0,1,2,A,-,12,21453,A,N,D,C,A,A,H,-,A,A,0,NA,NA,NA,NA,Y,NA,A,08,0,1,0,0,0,0,0,0,0,-,-,NA,NA,ORANGE,STANTON,-117.9927215576172,33.77561950683594
9607843,2023,2023-09-21,3000,2023-08-24,836,5377,951J3,4,5,5,3040,0,0,0,NA,0,741,GOLDEN LANTERN,ADELANTO,119,S,N,B,-,N,NA,NA,NA,NA,NA,NA,NA,NA,NA,N,3,0,1,1,A,-,03,22350,NA,N,F,A,A,A,B,-,A,B,0,NA,Y,NA,NA,Y,NA,L,04,0,1,0,0,0,0,1,0,0,-,-,NA,NA,ORANGE,LAGUNA NIGUEL,-117.68507385253906,33.53510284423828
9609243,2023,2023-08-29,3006,2023-06-06,1332,315,30060,2,5,3,3006,0,0,0,NA,0,002,CRESCENT AV,MOODY ST,0,NA,Y,A,-,N,NA,NA,NA,NA,NA,NA,NA,NA,NA,Y,4,0,1,2,A,-,09,21801,A,N,D,C,A,A,H,-,A,A,0,NA,NA,NA,NA,Y,NA,A,01,0,0,1,0,0,0,0,0,0,-,-,NA,NA,ORANGE,LA PALMA,-118.04597473144533,33.83898162841797
9612305,2023,2023-10-27,3011,2023-09-02,1920,31601,53,6,5,4,3011,0,0,0,NA,0,003,CATALINA,SHADOW LN,0,NA,Y,A,-,N,NA,NA,NA,NA,NA,NA,NA,NA,NA,N,3,0,1,2,A,-,09,21802,A,N,D,G,A,A,H,-,A,D,0,NA,Y,NA,NA,Y,NA,A,01,0,1,0,0,0,0,1,0,0,-,-,NA,NA,ORANGE,LAGUNA BEACH,-117.7730712890625,33.53239059448242
9612788,2023,2023-08-28,3012,2023-07-28,112,701,48,5,5,5,3012,0,0,0,NA,0,004,EUCLID ST,MONTWOOD AV,0,NA,Y,A,-,N,NA,NA,NA,NA,NA,NA,NA,NA,NA,Y,4,0,1,2,A,-,09,21801,A,N,D,C,A,A,H,-,C,A,0,NA,NA,NA,NA,Y,NA,A,01,0,0,1,0,0,0,0,0,0,-,-,NA,NA,ORANGE,LA HABRA,-117.9465103149414,33.914215087890625
9613994,2023,2023-09-25,3000,2023-07-15,935,9342,798A1,6,5,4,3021,0,0,0,NA,0,022,DALE AV,CERRITOS AV,0,NA,Y,A,-,N,NA,NA,NA,NA,NA,NA,NA,NA,NA,Y,4,0,1,2,A,-,12,21453,A,N,D,C,A,A,H,-,A,A,0,NA,NA,NA,NA,Y,NA,A,07,0,0,1,0,0,0,0,0,0,-,-,NA,NA,ORANGE,STANTON,-117.98448181152344,33.810298919677734
9614449,2023,2023-09-29,3000,2023-08-26,1340,5013,971J6,6,5,4,3029,0,0,0,NA,0,736,PUERTO PL,POINT HARBOR DR,236,S,N,A,-,N,NA,NA,NA,NA,NA,NA,NA,NA,NA,Y,3,0,1,2,A,-,06,21755,NA,N,B,C,A,A,H,-,A,D,0,NA,NA,Y,NA,Y,NA,C,02,0,1,0,0,0,0,0,0,1,-,-,NA,NA,ORANGE,DANA POINT,-117.68978118896484,33.462425231933594
9614632,2023,2023-10-05,3000,2023-07-21,1711,6717,891E5,5,5,5,3050,0,0,0,NA,0,762,LAKE FOREST DR,ROCKFIELD BL,55,W,N,A,-,N,NA,NA,NA,NA,NA,NA,NA,NA,NA,N,4,0,1,2,A,-,08,22107,NA,N,B,C,A,A,H,-,A,A,0,NA,NA,NA,NA,Y,NA,A,07,0,0,1,0,0,0,0,0,0,-,-,33.374488830566406,-117.43020629882813,ORANGE,LAKE FOREST,-117.71705627441406,33.6291618347168
9615288,2023,2023-08-30,3000,2023-06-17,1546,10853,973A7,6,5,5,3017,0,0,0,NA,0,775,AVENIDA PICO,PLAZA PACIFICA,60,W,N,A,-,N,NA,NA,NA,NA,NA,NA,NA,NA,NA,Y,3,0,2,2,A,-,12,21453,A,N,D,C,A,A,H,-,A,A,0,NA,NA,NA,NA,Y,NA,A,01,0,2,0,0,0,0,0,0,0,-,-,NA,NA,ORANGE,SAN CLEMENTE,-117.60630798339844,33.45344543457031
9615768,2023,2023-09-28,3003,2023-08-10,1248,1213,NA,4,5,5,3003,0,0,0,NA,0,NA,BALL RD,HOLDER ST,0,NA,Y,B,-,N,NA,NA,NA,NA,NA,NA,NA,NA,NA,Y,4,0,2,3,A,-,03,22350,NA,N,C,C,A,A,H,-,A,A,0,NA,NA,NA,NA,Y,NA,A,01,0,0,2,0,0,0,0,0,0,-,-,33.81726837158203,-118.01841735839844,ORANGE,BUENA PARK,-118.01950073242188,33.817176818847656
9615968,2023,2024-04-19,3004,2023-09-02,1944,P690,NA,6,5,6,3004,0,0,0,NA,0,006,SANTA ISABEL AV,SANTA ANA,0,NA,Y,A,-,N,NA,NA,NA,NA,NA,NA,NA,NA,NA,Y,2,0,1,2,A,-,12,22450,A,N,D,C,A,A,H,-,D,D,0,NA,NA,NA,NA,Y,NA,A,01,1,0,0,0,0,0,0,0,0,-,-,33.65258026123047,-117.89598083496094,ORANGE,COSTA MESA,-117.89598846435548,33.65260314941406
9615969,2023,2024-04-19,3004,2023-09-13,845,P676,20,3,5,6,3004,0,0,0,NA,0,004,HARBOR BL,W BAKER ST,221,S,N,B,-,N,NA,NA,NA,NA,NA,NA,NA,NA,NA,N,3,0,1,2,A,-,05,21650,NA,N,D,C,A,A,H,-,A,D,0,NA,NA,Y,NA,Y,NA,C,03,0,1,0,0,0,0,0,0,1,-,-,33.67900085449219,-117.91899871826172,ORANGE,COSTA MESA,-117.91941833496094,33.679405212402344
9616331,2023,2023-10-18,3004,2023-09-09,1109,P701,22,6,5,6,3004,0,0,0,NA,0,005,W BAKER ST,BRISTOL ST,77,E,N,A,-,N,NA,NA,NA,NA,NA,NA,NA,NA,NA,Y,3,0,1,2,A,-,09,21801,A,N,D,C,A,A,H,-,A,D,0,NA,NA,NA,NA,Y,NA,A,07,0,1,0,0,0,0,0,0,0,-,-,33.68006896972656,-117.88520050048828,ORANGE,COSTA MESA,-117.8854751586914,33.680118560791016
9617162,2023,2023-10-20,3000,2023-07-07,951,9438,862C5,5,5,5,3050,0,0,0,NA,0,165,TOWNE CENTRE DR,LAKE FOREST DR,0,NA,Y,A,-,N,NA,NA,NA,NA,NA,NA,NA,NA,NA,Y,3,0,2,2,A,-,12,21453,A,N,D,C,A,A,H,-,A,A,0,NA,NA,NA,NA,Y,NA,D,22,0,2,0,0,0,0,0,0,0,-,-,33.673919677734375,-117.66017150878906,ORANGE,LAKE FOREST,-117.65970611572266,33.67366027832031
9618930,2023,2023-12-18,3000,2023-10-28,1053,10994,797B1,6,5,4,3021,0,0,0,NA,0,022,CERRITOS AV,MAGNOLIA AV,0,NA,Y,A,-,N,NA,NA,NA,NA,NA,NA,NA,NA,NA,N,4,0,2,2,A,-,12,21453,A,N,D,C,A,A,H,-,A,A,0,NA,NA,NA,NA,Y,NA,A,08,0,0,2,0,0,0,0,0,0,-,-,NA,NA,ORANGE,STANTON,-117.97576141357422,33.81037139892578
9619406,2023,2024-01-23,3000,2023-11-01,1322,1010,893C2,3,5,4,3048,0,0,0,NA,0,766,SANTA MARGARITA PKWY,ANTONIO PKWY,98,W,N,A,-,N,NA,NA,NA,NA,NA,NA,NA,NA,NA,Y,4,0,1,2,A,-,07,21658,A,N,C,C,A,A,H,-,A,A,0,NA,NA,NA,NA,Y,NA,A,07,0,0,1,0,0,0,0,0,0,-,-,NA,NA,ORANGE,RANCHO SANTA MARGARITA,-117.58142852783205,33.64876174926758
9619796,2023,2024-01-10,3000,2023-11-09,1422,5377,971H3,4,5,5,3040,0,0,0,NA,0,741,CAMINO DEL AVION,SHIPSIDE,1089,W,N,A,-,N,NA,NA,NA,NA,NA,NA,NA,NA,NA,Y,4,0,2,2,A,-,09,21804,A,N,D,C,A,A,H,-,A,D,0,NA,NA,NA,NA,Y,NA,A,01,0,0,2,0,0,0,0,0,0,-,-,NA,NA,ORANGE,LAGUNA NIGUEL,-117.68995666503906,33.48844528198242
9622106,2023,2024-01-19,3005,2023-09-27,2156,8331,C28,3,5,4,3005,0,0,0,NA,0,003,BALL RD,VALLEY VIEW ST,201,W,N,A,-,N,NA,NA,NA,NA,NA,NA,NA,NA,NA,N,3,0,1,2,A,-,-,NA,NA,F,D,G,A,A,H,-,C,D,0,NA,Y,NA,NA,Y,NA,L,04,0,1,0,0,0,0,1,0,0,-,-,NA,NA,ORANGE,CYPRESS,-118.02897644042967,33.817039489746094
9622497,2023,2023-12-22,3000,2023-10-03,1345,11797,973B6,2,5,5,3017,0,0,0,NA,0,777,CALLE PORTOFINO,AVENIDA TALEGA,145,W,N,A,-,N,NA,NA,NA,NA,NA,NA,NA,NA,NA,N,3,0,1,3,A,-,03,22350,NA,N,G,B,F,A,H,-,A,D,0,Y,Y,NA,NA,Y,NA,L,04,0,1,0,0,0,0,1,0,0,-,-,NA,NA,ORANGE,SAN CLEMENTE,-117.59731292724608,33.46709060668945
9622667,2023,2024-01-19,3000,2023-09-15,1717,10618,892A6,5,5,5,3028,0,0,0,NA,0,056,ALICIA PKWY,ALTHEA AV,290,W,N,A,-,N,NA,NA,NA,NA,NA,NA,NA,NA,NA,Y,3,0,3,2,A,-,04,21703,NA,N,C,C,A,A,H,-,A,D,0,NA,NA,NA,NA,Y,NA,-,NA,0,1,2,0,0,0,0,0,0,-,-,NA,NA,ORANGE,MISSION VIEJO,-117.68470001220705,33.611324310302734
9622679,2023,2024-01-24,3000,2023-09-21,755,5377,951H6,4,5,5,3040,0,0,0,NA,0,741,MARINA HILLS,PARC VISTA,92,E,N,B,-,N,NA,NA,NA,NA,NA,NA,NA,NA,NA,N,3,0,1,2,A,-,03,22350,NA,N,H,G,A,A,H,-,A,A,0,NA,Y,NA,NA,Y,NA,M,91,0,1,0,0,0,0,1,0,0,-,-,NA,NA,ORANGE,LAGUNA NIGUEL,-117.70035552978516,33.519691467285156
9624108,2023,2025-06-26,3012,2023-09-20,1919,686,41,3,5,5,3012,0,0,0,NA,0,004,EUCLID ST,1ST AV,10,N,N,A,-,N,NA,NA,NA,NA,NA,NA,NA,NA,NA,N,1,1,0,2,A,-,11,21954,A,N,G,B,D,A,H,-,C,A,0,Y,NA,NA,NA,Y,NA,N,60,0,0,0,1,0,0,0,0,0,-,-,NA,NA,ORANGE,LA HABRA,-117.94609832763672,33.93086624145508
9624118,2022,2023-10-30,3008,2022-06-27,0128,1573,ZONE2,1,5,6,3008,0,0,0,NA,0,NA,HARBOR BL,SOUTHGATE AV,14,N,N,A,-,N,NA,NA,NA,NA,NA,NA,NA,NA,NA,N,1,1,0,3,A,-,11,21453,D,F,G,B,B,A,H,-,C,A,0,Y,NA,NA,NA,Y,NA,N,60,0,0,0,1,0,0,0,0,0,-,-,NA,NA,ORANGE,FULLERTON,-117.9242935180664,33.8618278503418
9624128,2022,2023-10-30,3010,2022-05-26,1929,2166,486,4,5,6,3010,0,0,0,NA,0,002,BROOKHURST ST,BUSHARD ST,676,N,N,A,-,N,NA,NA,NA,NA,NA,NA,NA,NA,NA,Y,1,1,1,1,A,-,01,23152,F,N,E,I,A,A,H,-,C,D,0,NA,NA,NA,NA,Y,NA,A,01,0,1,0,0,0,0,0,0,0,-,-,33.639530181884766,-117.96027374267578,ORANGE,HUNTINGTON BEACH,-117.96034240722656,33.639488220214844
9625520,2023,2023-10-06,3000,2023-07-18,1301,10576,922F1,2,5,5,3028,0,0,0,NA,0,752,FELIPE RD,LA PAZ RD,193,S,N,A,-,N,NA,NA,NA,NA,NA,NA,NA,NA,NA,Y,4,0,1,2,D,-,00,NA,NA,N,C,C,A,A,H,-,A,D,0,NA,NA,NA,Y,Y,NA,-,-,0,0,1,0,0,0,0,0,0,-,-,NA,NA,ORANGE,MISSION VIEJO,-117.63473510742188,33.602474212646484
9625594,2023,2023-10-26,3009,2023-09-11,2133,4747,74,1,5,6,3009,0,0,0,NA,0,011,GARDEN GROVE BL,NEWLAND ST,0,NA,Y,A,-,N,NA,NA,NA,NA,NA,NA,NA,NA,NA,N,3,0,1,2,A,-,09,21801,A,N,A,C,A,A,H,-,C,A,0,NA,NA,NA,NA,Y,NA,D,22,0,1,0,0,0,0,0,0,0,-,-,NA,NA,ORANGE,GARDEN GROVE,-117.981201171875,33.77394104003906
9629111,2023,2023-10-27,3000,2023-08-22,1723,1010,892H3,2,5,4,3048,0,0,0,NA,0,766,ALICIA PKWY,SANTA MARGARITA PKWY,2640,N,N,A,-,N,NA,NA,NA,NA,NA,NA,NA,NA,NA,Y,4,0,3,4,A,-,03,22350,NA,N,C,C,A,B,H,-,A,A,0,NA,NA,NA,NA,Y,NA,A,01,0,0,3,0,0,0,0,0,0,-,-,NA,NA,ORANGE,RANCHO SANTA MARGARITA,-117.6188735961914,33.63874816894531
9633319,2023,2024-01-03,3009,2023-11-05,2207,4655,146,7,5,6,3009,0,0,0,NA,0,023,WESTMINSTER AV,LAUREL ST,0,NA,Y,A,-,N,NA,NA,NA,NA,NA,NA,NA,NA,NA,N,3,0,1,2,A,-,05,21650,1,N,D,G,A,A,H,-,C,D,0,NA,Y,NA,NA,Y,NA,L,04,0,1,0,0,0,0,1,0,0,-,-,NA,NA,ORANGE,GARDEN GROVE,-117.91539764404295,33.75987243652344
9633548,2023,2023-11-07,3000,2023-08-20,2349,12182,891H3,7,5,5,3050,0,0,0,NA,0,765,LAKE FOREST DR,SHADYVALE LN,42,W,N,C,-,N,NA,NA,NA,NA,NA,NA,NA,NA,NA,Y,3,0,1,1,C,-,18,NA,NA,N,E,J,A,B,B,G,C,A,0,NA,NA,NA,NA,Y,NA,-,-,0,1,0,0,0,0,0,0,0,-,-,NA,NA,ORANGE,LAKE FOREST,-117.69535064697266,33.64267349243164
9637427,2023,2024-02-16,3004,2023-11-15,1056,P633,11,3,5,6,3004,0,0,0,NA,0,001,NEWPORT BL,BROADWAY,34,N,N,B,-,Y,ORA,12,55,-,-,1.9,H,-,S,N,4,0,1,2,A,-,03,22350,NA,N,C,C,A,B,H,-,A,D,0,NA,NA,NA,NA,Y,NA,A,01,0,0,1,0,0,0,0,0,0,-,-,33.6421012878418,-117.91790008544922,ORANGE,COSTA MESA,-117.91793060302734,33.642120361328125
9639176,2023,2023-11-27,3000,2023-10-19,2339,11894,891F7,4,5,4,3045,0,0,0,NA,0,1A83,EL TORO RD,REGIONAL CENTER DR,0,NA,Y,A,-,N,NA,NA,NA,NA,NA,NA,NA,NA,NA,N,3,0,1,2,A,-,11,21456,A,N,G,B,B,A,H,-,C,A,0,Y,NA,NA,NA,Y,NA,N,60,0,1,0,0,1,0,0,0,0,-,-,NA,NA,ORANGE,LAGUNA HILLS,-117.71035766601563,33.61278533935547
9640244,2023,2025-06-26,3002,2023-07-13,1500,1794,740A3,4,5,5,3025,0,0,0,NA,0,017,RT-90,VALLEY VIEW AV,0,NA,Y,A,-,N,NA,NA,NA,NA,NA,NA,NA,NA,NA,Y,1,1,2,2,A,-,12,21453,A,N,D,C,A,A,H,-,A,A,0,NA,NA,NA,NA,Y,NA,A,01,0,2,0,0,0,0,0,0,0,-,-,33.535301208496094,-117.48429870605467,ORANGE,YORBA LINDA,NA,NA
9640984,2024,2024-11-01,3000,2024-03-19,2130,10321,797J4,2,5,4,3021,0,0,0,NA,0,017,BEACH BL,CHAPMAN AV,15,N,N,A,-,Y,ORA,12,39,-,-,9.675,I,5,N,Y,1,1,1,2,A,-,11,21954,A,N,G,B,D,A,H,-,C,A,0,Y,NA,NA,NA,Y,Y,N,60,0,0,1,1,0,0,0,0,0,-,-,33.788551330566406,-117.99279022216795,ORANGE,STANTON,-117.99286651611328,33.78844451904297
9642917,2023,2023-12-29,3004,2023-11-07,1349,P648,16,2,5,6,3004,0,0,0,NA,0,002,HARBOR BL,FAIR DR,250,N,N,A,-,N,NA,NA,NA,NA,NA,NA,NA,NA,NA,N,3,0,1,2,A,-,03,22350,NA,N,D,G,A,A,H,-,A,D,0,NA,Y,NA,NA,Y,NA,L,04,0,1,0,0,0,0,1,0,0,-,-,33.664398193359375,-117.91899871826172,ORANGE,COSTA MESA,-117.91928100585938,33.66395568847656
9643150,2023,2023-11-21,3000,2023-06-21,1232,10578,922B1,3,5,5,3028,0,0,0,NA,0,752,CHRISANTA DR,LA PAZ RD,573,N,N,A,-,N,NA,NA,NA,NA,NA,NA,NA,NA,NA,N,3,0,1,2,D,-,00,NA,NA,F,B,G,A,A,H,-,A,D,0,NA,Y,NA,NA,Y,NA,-,-,0,1,0,0,0,0,1,0,0,-,-,NA,NA,ORANGE,MISSION VIEJO,-117.67310333251952,33.60136413574219
9647474,2023,2023-12-16,3012,2023-10-27,1513,686,26,5,5,5,3012,0,0,0,NA,0,002,HARBOR BL,LA HABRA BL,290,S,N,A,-,N,NA,NA,NA,NA,NA,NA,NA,NA,NA,N,4,0,1,3,A,-,03,22350,NA,N,C,C,A,A,H,-,A,A,0,NA,NA,NA,NA,Y,NA,A,07,0,0,1,0,0,0,0,0,0,-,-,NA,NA,ORANGE,LA HABRA,-117.93305206298828,33.93108367919922
9648344,2023,2024-01-11,3000,2023-11-01,1655,1920,797H1,3,5,4,3021,0,0,0,NA,0,721,CERRITOS AVE,COLLEGE DR,87,W,N,A,-,N,NA,NA,NA,NA,NA,NA,NA,NA,NA,N,4,0,1,2,A,-,03,22350,NA,N,C,C,A,A,H,-,A,D,0,NA,NA,NA,NA,Y,NA,A,07,0,0,1,0,0,0,0,0,0,-,-,NA,NA,ORANGE,STANTON,-117.9988021850586,33.810115814208984
9648681,2023,2024-01-09,3000,2023-10-18,1834,11083,862B7,3,5,5,3050,0,0,0,NA,0,464,REGENCY,LAKE FOREST DR,221,S,N,A,-,N,NA,NA,NA,NA,NA,NA,NA,NA,NA,Y,4,0,1,2,A,-,04,21703,NA,N,C,C,A,A,H,-,A,D,0,NA,NA,NA,NA,Y,NA,A,01,0,0,1,0,0,0,0,0,0,-,-,NA,NA,ORANGE,LAKE FOREST,-117.66567230224608,33.66365432739258
9648690,2023,2024-02-27,3000,2023-12-01,1610,11797,993B6,5,5,5,3017,0,0,0,NA,0,777,AVD MAGDALENA,LOS BAUSTISMOS LN,325,W,N,A,-,N,NA,NA,NA,NA,NA,NA,NA,NA,NA,N,4,0,1,2,A,-,10,21950,A,N,G,B,D,A,H,-,B,D,0,Y,NA,NA,NA,Y,Y,A,01,0,0,1,0,1,0,0,0,0,-,-,NA,NA,ORANGE,SAN CLEMENTE,-117.59830474853516,33.41004180908203
9648744,2023,2024-01-26,3002,2023-11-22,200,10165,740A4,3,5,5,3025,0,0,0,NA,0,002,RICHFIELD RD,YORBA LINDA BL,35,S,N,A,-,N,NA,NA,NA,NA,NA,NA,NA,NA,NA,N,3,0,1,2,A,-,01,23152,A,N,C,C,A,A,H,-,C,A,0,NA,NA,NA,NA,Y,Y,A,01,0,1,0,0,0,0,0,0,0,-,-,NA,NA,ORANGE,YORBA LINDA,-117.82645416259766,33.88826370239258
9649524,2023,2024-03-13,3009,2023-12-04,4,4843,82,1,5,6,3009,0,0,0,NA,0,012,MAGNOLIA ST,CHAPMAN AV,0,NA,Y,A,-,N,NA,NA,NA,NA,NA,NA,NA,NA,NA,Y,4,0,5,2,A,-,12,21453,A,N,D,C,A,A,H,-,C,A,0,NA,NA,NA,NA,Y,NA,A,01,0,0,5,0,0,0,0,0,0,-,-,NA,NA,ORANGE,GARDEN GROVE,-117.9753875732422,33.78846740722656
9652327,2024,2024-10-16,3000,2024-01-09,834,10077,862B7,2,5,5,3050,0,0,0,NA,0,064,DIMENSION DR,LAKE FOREST DR,14,N,N,A,-,N,NA,NA,NA,NA,NA,NA,NA,NA,NA,Y,4,0,1,2,-,-,-,NA,NA,N,G,B,B,A,-,-,A,A,0,Y,NA,NA,NA,Y,NA,N,60,0,0,1,0,1,0,0,0,0,-,-,NA,NA,ORANGE,LAKE FOREST,-117.66789245605467,33.661808013916016
9652415,2023,2024-02-15,3000,2023-12-31,1243,12644,922D5,7,5,5,3028,0,0,0,NA,0,052,FELIPE RD,EL RETIRO,0,NA,Y,A,-,N,NA,NA,NA,NA,NA,NA,NA,NA,NA,Y,3,0,2,4,D,-,00,NA,NA,F,D,C,F,A,H,-,A,A,0,Y,NA,NA,NA,Y,NA,-,-,0,2,0,0,2,0,0,0,0,-,-,NA,NA,ORANGE,MISSION VIEJO,-117.65584564208984,33.57311248779297
9652726,2023,2024-01-29,3013,2023-12-01,1409,232,L04,5,5,3,3013,0,0,0,NA,0,004,FLORISTA ST,WALNUT ST,0,NA,Y,A,-,N,NA,NA,NA,NA,NA,NA,NA,NA,NA,N,3,0,2,2,D,-,00,NA,NA,N,D,C,A,A,H,-,A,D,0,NA,NA,NA,NA,Y,NA,-,-,0,2,0,0,0,0,0,0,0,-,-,NA,NA,ORANGE,LOS ALAMITOS,-118.07447814941406,33.80491638183594
9654476,2023,2024-02-02,3000,2023-12-29,1721,9696,921G7,5,5,5,3040,0,0,0,NA,0,743,LA PAZ RD,ALLEGRA RD,125,N,N,A,-,N,NA,NA,NA,NA,NA,NA,NA,NA,NA,N,3,0,1,1,A,-,03,22350,NA,N,F,A,A,A,H,-,C,A,0,NA,NA,Y,NA,Y,NA,C,02,0,1,0,0,0,0,0,0,1,-,-,NA,NA,ORANGE,LAGUNA NIGUEL,-117.70832824707033,33.56111145019531