CASE_ID,ACCIDENT_YEAR,PROC_DATE,JURIS,COLLISION_DATE,COLLISION_TIME,OFFICER_ID,REPORTING_DISTRICT,DAY_OF_WEEK,CHP_SHIFT,POPULATION,CNTY_CITY_LOC,SPECIAL_COND,BEAT_TYPE,CHP_BEAT_TYPE,CITY_DIVISION_LAPD,CHP_BEAT_CLASS,BEAT_NUMBER,PRIMARY_RD,SECONDARY_RD,DISTANCE,DIRECTION,INTERSECTION,WEATHER_1,WEATHER_2,STATE_HWY_IND,CALTRANS_COUNTY,CALTRANS_DISTRICT,STATE_ROUTE,ROUTE_SUFFIX,POSTMILE_PREFIX,POSTMILE,LOCATION_TYPE,RAMP_INTERSECTION,SIDE_OF_HWY,TOW_AWAY,COLLISION_SEVERITY,NUMBER_KILLED,NUMBER_INJURED,PARTY_COUNT,PRIMARY_COLL_FACTOR,PCF_CODE_OF_VIOL,PCF_VIOL_CATEGORY,PCF_VIOLATION,PCF_VIOL_SUBSECTION,HIT_AND_RUN,TYPE_OF_COLLISION,MVIW,PED_ACTION,ROAD_SURFACE,ROAD_COND_1,ROAD_COND_2,LIGHTING,CONTROL_DEVICE,CHP_ROAD_TYPE,PEDESTRIAN_ACCIDENT,BICYCLE_ACCIDENT,MOTORCYCLE_ACCIDENT,TRUCK_ACCIDENT,NOT_PRIVATE_PROPERTY,ALCOHOL_INVOLVED,STWD_VEHTYPE_AT_FAULT,CHP_VEHTYPE_AT_FAULT,COUNT_SEVERE_INJ,COUNT_VISIBLE_INJ,COUNT_COMPLAINT_PAIN,COUNT_PED_KILLED,COUNT_PED_INJURED,COUNT_BICYCLIST_KILLED,COUNT_BICYCLIST_INJURED,COUNT_MC_KILLED,COUNT_MC_INJURED,PRIMARY_RAMP,SECONDARY_RAMP,LATITUDE,LONGITUDE,COUNTY,CITY,POINT_X,POINT_Y
6527624,2014,2014-07-17,3019,2014-04-16,0818,1795,NE,3,5,7,3019,0,0,0,NA,0,002,MABURY ST,PALM ST,0,NA,Y,A,-,N,NA,NA,NA,NA,NA,NA,NA,NA,NA,N,4,0,1,2,A,-,05,21650,NA,N,B,C,A,A,H,-,A,D,0,NA,NA,NA,NA,Y,NA,A,08,0,0,1,0,0,0,0,0,0,-,-,NA,NA,ORANGE,SANTA ANA,-117.84381007,33.74686002
6527627,2014,2014-07-17,3019,2014-04-15,1021,2771,WE,2,5,7,3019,0,0,0,NA,0,001,FIRST ST,JACKSON ST,0,NA,Y,A,-,N,NA,NA,NA,NA,NA,NA,NA,NA,NA,N,3,0,1,2,A,-,12,21453,A,N,D,C,A,A,H,-,A,A,0,NA,NA,NA,NA,Y,NA,A,01,0,1,0,0,0,0,0,0,0,-,-,NA,NA,ORANGE,SANTA ANA,-117.91580005,33.74519004
6528395,2014,2014-08-14,3015,2014-06-11,1157,1505,44N,3,5,6,3015,0,0,0,NA,0,NA,EAST CHAPMAN AV,S EARLHAM ST,70,E,N,A,-,N,NA,NA,NA,NA,NA,NA,NA,NA,NA,Y,4,0,1,2,A,-,03,22350,NA,N,C,C,A,A,H,-,A,D,0,NA,NA,NA,Y,Y,NA,A,01,0,0,1,0,0,0,0,0,0,-,-,NA,NA,ORANGE,ORANGE,-117.80768019,33.78776
6528538,2014,2016-04-09,9675,2014-06-19,1044,18929,NA,4,1,7,3019,0,1,1,NA,2,502,RT 5,4TH ST,1000,N,N,A,-,Y,ORA,12,5,-,-,32.28,H,-,S,Y,4,0,1,2,A,-,03,22350,NA,N,C,C,A,A,H,-,A,D,1,NA,NA,NA,NA,Y,NA,A,01,0,0,1,0,0,0,0,0,0,-,-,33.74874,-117.84373,ORANGE,SANTA ANA,-117.85965634,33.75817753
6528846,2014,2015-04-10,3013,2014-06-08,1731,184,NA,7,5,3,3013,0,0,0,NA,0,NA,LOS ALAMITOS BL,CERRITOS BL,180,NA,N,A,-,N,NA,NA,NA,NA,NA,NA,NA,NA,NA,N,4,0,1,2,A,-,01,23153,A,N,C,C,A,A,H,-,A,A,0,NA,NA,NA,NA,Y,Y,A,01,0,0,1,0,0,0,0,0,0,-,-,NA,NA,ORANGE,LOS ALAMITOS,-118.07186006,33.81038006
6529292,2014,2014-08-09,3019,2014-06-11,1938,2648,WE,3,5,7,3019,0,0,0,NA,0,001,WESTMINSTER AV,HARPER ST,10,W,N,A,-,N,NA,NA,NA,NA,NA,NA,NA,NA,NA,N,3,0,1,2,A,-,08,22107,NA,F,D,G,A,A,H,-,B,A,0,NA,Y,NA,NA,Y,NA,L,04,0,1,0,0,0,0,1,0,0,-,-,NA,NA,ORANGE,SANTA ANA,-117.91433282,33.7598797
6529308,2014,2014-08-09,3019,2014-06-11,1134,1925,SC,3,5,7,3019,0,0,0,NA,0,091,SUSAN ST,SUNFLOWER AV,459,N,N,A,-,N,NA,NA,NA,NA,NA,NA,NA,NA,NA,Y,4,0,1,2,A,-,09,21804,A,N,D,C,A,A,H,-,A,A,0,NA,NA,NA,NA,Y,NA,A,01,0,0,1,0,0,0,0,0,0,-,-,NA,NA,ORANGE,SANTA ANA,-117.91344167,33.69461709
6529318,2014,2014-08-09,3026,2014-06-19,1025,3779,NA,4,5,6,3026,0,0,0,NA,0,00C,HARVARD AV,WARNER AV,0,NA,Y,A,-,N,NA,NA,NA,NA,NA,NA,NA,NA,NA,Y,3,0,1,2,D,-,00,NA,NA,N,D,C,A,A,H,-,A,A,0,NA,NA,NA,NA,Y,NA,-,-,0,1,0,0,0,0,0,0,0,-,-,NA,NA,ORANGE,IRVINE,-117.81263008,33.69262006
6536246,2014,2016-04-09,9675,2014-05-29,1755,15155,NA,4,2,6,3015,0,1,1,NA,2,502,RT 5,RT 22,528,S,N,A,-,Y,ORA,12,5,-,-,33.92,H,-,N,Y,4,0,3,3,A,-,03,22350,NA,N,C,C,A,A,H,-,A,D,1,NA,NA,NA,NA,Y,NA,A,01,0,0,3,0,0,0,0,0,0,-,-,33.77652,-117.87406,ORANGE,ORANGE,-117.87505203,33.77782827
6536887,2014,2014-08-21,3014,2014-06-15,0952,1379,RD44,7,5,5,3014,0,0,0,NA,0,0A4,OCEAN BL,JASMINE AV,55,W,N,A,-,N,NA,NA,NA,NA,NA,NA,NA,NA,NA,N,3,0,1,1,A,-,03,22350,NA,N,H,A,A,A,G,-,A,D,0,NA,Y,NA,NA,Y,NA,L,04,0,1,0,0,0,0,1,0,0,-,-,33.5949,-117.8754,ORANGE,NEWPORT BEACH,-117.8751522,33.59477565
6537313,2014,2014-08-20,3022,2014-06-17,2033,989,NA,2,5,5,3022,0,0,0,NA,0,001,IRVINE BL,NEWPORT AV,0,NA,Y,A,-,N,NA,NA,NA,NA,NA,NA,NA,NA,NA,Y,4,0,6,2,A,-,12,21453,A,N,D,C,A,A,H,-,C,A,0,NA,NA,NA,NA,Y,NA,A,01,0,0,6,0,0,0,0,0,0,-,-,NA,NA,ORANGE,TUSTIN,-117.8120801,33.74823003
6537950,2014,2016-04-04,3002,2014-06-15,0656,1463,52BY,7,5,4,3002,0,0,0,NA,0,014,IMPERIAL HWY,STATE COLLEGE BL,217,E,N,A,-,Y,ORA,12,90,-,-,5.23,H,-,E,Y,4,0,1,1,A,-,05,21651,B,N,E,I,A,A,H,-,A,A,0,NA,NA,NA,NA,Y,NA,A,01,0,0,1,0,0,0,0,0,0,-,-,NA,NA,ORANGE,BREA,-117.88733425,33.91155703
6538350,2014,2014-08-13,3015,2014-06-30,1840,1454,164,1,5,6,3015,0,0,0,NA,0,331,CANYON VIEW,WHITE OAK RIDGE,0,NA,Y,A,-,N,NA,NA,NA,NA,NA,NA,NA,NA,NA,Y,3,0,2,2,A,-,01,23152,A,N,A,C,A,A,H,-,A,A,0,NA,NA,NA,NA,Y,Y,A,01,0,2,0,0,0,0,0,0,0,-,-,NA,NA,ORANGE,ORANGE,-117.76455008,33.7857201
6539505,2014,2016-04-04,3010,2014-06-21,0803,0147,326,6,5,6,3010,0,0,0,NA,0,004,RT 1,SEAPOINT,183,N,N,A,-,Y,ORA,12,1,-,-,27.08,H,-,S,Y,3,0,2,2,A,-,07,21658,A,N,C,C,A,A,H,-,A,A,0,NA,Y,Y,NA,Y,NA,L,04,0,2,0,0,0,0,1,0,1,-,-,NA,NA,ORANGE,HUNTINGTON BEACH,-118.03265053,33.68035756
6539550,2014,2014-09-18,3001,2014-06-23,1325,1508,NA,1,5,7,3001,0,0,0,NA,0,0D3,WEST KATELLA AV,SOUTH CLEMENTINE ST,95,W,N,A,-,N,NA,NA,NA,NA,NA,NA,NA,NA,NA,Y,3,0,2,3,A,-,-,NA,NA,N,-,C,A,A,H,-,A,-,0,NA,NA,NA,NA,Y,NA,A,01,0,1,1,0,0,0,0,0,0,-,-,NA,NA,ORANGE,ANAHEIM,-117.91033198,33.80341
6539738,2014,2014-08-22,3000,2014-07-01,2047,5377,951H1,2,5,5,3040,0,0,0,NA,0,740,ALISO CREEK RD,YOSEMITE RD,0,NA,Y,A,-,N,NA,NA,NA,NA,NA,NA,NA,NA,NA,Y,4,0,2,2,A,-,01,23152,A,N,D,C,A,A,H,-,C,D,0,NA,NA,NA,NA,Y,Y,D,22,0,0,2,0,0,0,0,0,0,-,-,NA,NA,ORANGE,LAGUNA NIGUEL,-117.70160001,33.5558901
6540409,2014,2014-09-10,3000,2014-06-22,1645,3207,382,7,5,4,3049,0,0,0,NA,0,921F5,ALICIA PKWY,HOLLYOAK,170,N,N,A,-,N,NA,NA,NA,NA,NA,NA,NA,NA,NA,Y,4,0,3,3,A,-,01,23153,A,N,C,C,A,A,H,-,A,A,0,NA,NA,NA,NA,Y,Y,D,22,0,0,3,0,0,0,0,0,0,-,-,NA,NA,ORANGE,ALISO VIEJO,-117.71040521,33.5778343
6540422,2014,2014-08-26,3010,2014-06-19,2221,1176,431,4,5,6,3010,0,0,0,NA,0,004,17TH ST,MAIN ST,0,NA,Y,A,-,N,NA,NA,NA,NA,NA,NA,NA,NA,NA,Y,3,0,1,2,A,-,09,21801,A,N,D,C,A,A,H,-,C,A,0,NA,NA,NA,NA,Y,NA,D,22,0,1,0,0,0,0,0,0,0,-,-,NA,NA,ORANGE,HUNTINGTON BEACH,-118.00171005,33.67529009
6541579,2014,2014-09-03,3022,2014-07-15,1814,1147,3022,2,5,5,3022,0,0,0,NA,0,003,BRYAN AV,TUSTIN RANCH RD,75,W,N,A,-,N,NA,NA,NA,NA,NA,NA,NA,NA,NA,N,4,0,1,3,A,-,03,22350,NA,N,C,C,A,A,H,-,A,A,0,NA,NA,NA,Y,Y,NA,A,01,0,0,1,0,0,0,0,0,0,-,-,33.4352,-117.4755,ORANGE,TUSTIN,-117.79873918,33.73130147
6541957,2014,2014-08-28,3009,2014-07-23,1747,3826,155,3,5,6,3009,0,0,0,NA,0,023,GARDEN GROVE BL,FAIRVIEW ST,288,W,N,A,-,N,NA,NA,NA,NA,NA,NA,NA,NA,NA,N,3,0,2,3,A,-,12,21453,A,M,C,C,A,A,H,-,A,A,0,NA,NA,NA,NA,Y,NA,-,99,0,1,1,0,0,0,0,0,0,-,-,NA,NA,ORANGE,GARDEN GROVE,-117.90398533,33.77450678
6542419,2014,2015-12-04,3007,2014-06-18,1027,215/950,55,3,5,5,3007,0,0,0,NA,0,003,SLATER AV,CIVIC CENTER,51,NA,N,A,-,N,NA,NA,NA,NA,NA,NA,NA,NA,NA,Y,4,0,1,2,A,-,03,22350,NA,N,C,C,A,A,H,-,A,A,0,NA,NA,NA,NA,Y,NA,A,01,0,0,1,0,0,0,0,0,0,-,-,NA,NA,ORANGE,FOUNTAIN VALLEY,-117.951164,33.708942
6542441,2014,2014-08-12,3019,2014-06-20,0900,2460,NE,5,5,7,3019,0,0,0,NA,0,002,BRISTOL ST,HESPERIAN ST,550,N,N,A,-,N,NA,NA,NA,NA,NA,NA,NA,NA,NA,N,4,0,3,2,A,-,03,22350,NA,N,C,C,A,A,H,-,A,D,0,NA,NA,NA,NA,Y,NA,A,01,0,0,3,0,0,0,0,0,0,-,-,NA,NA,ORANGE,SANTA ANA,-117.88427422,33.77805869
6542712,2014,2014-08-12,3007,2014-06-22,0149,291,72,7,5,5,3007,0,0,0,NA,0,003,NEWLAND ST,MOBALE ST,0,NA,Y,A,-,N,NA,NA,NA,NA,NA,NA,NA,NA,NA,Y,4,0,1,1,A,-,08,22107,NA,N,E,I,A,A,H,-,C,D,0,NA,NA,NA,NA,Y,NA,A,01,0,0,1,0,0,0,0,0,0,-,-,NA,NA,ORANGE,FOUNTAIN VALLEY,-117.98021003,33.69035007
6543017,2014,2015-04-06,3010,2014-06-26,1210,1225,436,4,5,6,3010,0,0,0,NA,0,003,BROOKHURST,CONTINENTAL,105,S,N,B,-,N,NA,NA,NA,NA,NA,NA,NA,NA,NA,Y,4,0,1,3,A,-,01,23152,A,N,C,C,A,A,H,-,A,A,0,NA,NA,NA,NA,Y,Y,A,07,0,0,1,0,0,0,0,0,0,-,-,NA,NA,ORANGE,HUNTINGTON BEACH,-117.95398,33.67460212
6543125,2014,2015-03-21,3020,2014-05-21,2049,178,NA,3,5,4,3020,0,0,0,NA,0,ROVER,SEAL BEACH BL,SAINT ANDREWS DR,64,N,N,A,-,N,NA,NA,NA,NA,NA,NA,NA,NA,NA,Y,4,0,1,2,A,-,03,22350,NA,N,C,C,A,A,H,-,C,A,0,NA,NA,Y,NA,Y,NA,A,01,0,0,1,0,0,0,0,0,1,-,-,NA,NA,ORANGE,SEAL BEACH,-118.07770717,33.76249547
6543257,2014,2014-08-20,3015,2014-06-16,0855,919,45W,1,5,6,3015,0,0,0,NA,0,712,N MAIN ST,EAST KATELLA AV,50,S,N,A,-,N,NA,NA,NA,NA,NA,NA,NA,NA,NA,N,4,0,1,2,A,-,21,22106,NA,N,C,C,A,A,H,-,A,A,0,NA,NA,NA,NA,Y,NA,A,07,0,0,1,0,0,0,0,0,0,-,-,NA,NA,ORANGE,ORANGE,-117.86707,33.80882293
6543586,2014,2014-08-11,3001,2014-06-29,1457,A1252,NA,7,5,7,3001,0,0,0,NA,0,0D2,SOUTH STATE COLLEGE BL,CERRITOS AV,0,NA,Y,A,-,N,NA,NA,NA,NA,NA,NA,NA,NA,NA,Y,4,0,2,2,A,-,12,21453,A,N,D,C,A,A,H,-,A,A,0,NA,NA,NA,NA,Y,Y,A,01,0,0,2,0,0,0,0,0,0,-,-,NA,NA,ORANGE,ANAHEIM,-117.88925006,33.81063006
6544038,2014,2015-03-07,9670,2014-06-16,1355,012927,NA,1,1,7,3001,0,1,3,NA,2,094,RT 91,ACACIA ST,720,W,N,A,-,Y,ORA,12,91,-,-,4.44,H,-,E,Y,4,0,1,3,A,-,16,24002,A,N,H,A,A,A,H,-,A,D,1,NA,NA,NA,Y,Y,NA,G,25,0,0,1,0,0,0,0,0,0,-,-,33.85376,-117.90077,ORANGE,ANAHEIM,-117.90360982,33.85375979
6544050,2014,2016-04-09,9670,2014-06-25,1335,012927,NA,3,1,5,3003,0,1,3,NA,2,091,RT 91,HOLDER ST,300,E,N,A,-,Y,ORA,12,91,-,R,1.38,H,-,W,Y,3,0,1,4,A,-,03,22350,NA,N,C,C,A,A,H,-,A,D,1,NA,NA,NA,NA,Y,NA,A,01,0,1,0,0,0,0,0,0,0,-,-,33.85614,-118.01969,ORANGE,BUENA PARK,-118.01946515,33.85602633
6544164,2014,2016-03-30,9670,2014-06-22,1745,20723,NA,7,2,4,3020,0,1,1,NA,2,045,RT 405,SEAL BEACH BL,2640,S,N,A,-,Y,ORA,12,405,-,-,22.14,H,-,S,Y,4,0,1,3,A,-,03,22350,NA,N,C,C,A,A,D,-,A,D,1,NA,NA,NA,NA,Y,NA,A,01,0,0,1,0,0,0,0,0,0,-,-,33.774,-118.05853,ORANGE,SEAL BEACH,-118.06643988,33.77422598
6544414,2014,2014-08-14,3014,2014-06-17,0747,1395,RD52,2,5,5,3014,0,0,0,NA,0,0A4,SPYGLASS HILL RD,SAN JOAQUIN HILLS RD,18,N,N,A,-,N,NA,NA,NA,NA,NA,NA,NA,NA,NA,N,2,0,1,1,C,-,18,NA,NA,N,H,A,A,A,H,-,A,A,0,NA,Y,NA,NA,Y,NA,-,-,1,0,0,0,0,0,1,0,0,-,-,33.6076,-117.8506,ORANGE,NEWPORT BEACH,-117.8507,33.60756935
6545667,2014,2014-08-21,3026,2014-06-15,1149,458,NA,7,5,6,3026,0,0,0,NA,0,00C,ALTON,PACIFICA,25,E,N,A,-,N,NA,NA,NA,NA,NA,NA,NA,NA,NA,Y,3,0,3,2,A,-,12,21453,A,N,D,C,A,A,H,-,A,A,0,NA,NA,NA,NA,Y,NA,A,01,0,1,2,0,0,0,0,0,0,-,-,NA,NA,ORANGE,IRVINE,-117.75555057,33.65564315
6545671,2014,2014-08-12,3026,2014-06-25,1815,6352,NA,3,5,6,3026,0,0,0,NA,0,00U,UNIVERSITY DR,MAC ARTHUR BL,576,N,N,A,-,N,NA,NA,NA,NA,NA,NA,NA,NA,NA,Y,4,0,1,3,A,-,03,22350,NA,N,C,C,A,A,H,-,A,A,0,NA,NA,NA,NA,Y,NA,A,01,0,0,1,0,0,0,0,0,0,-,-,NA,NA,ORANGE,IRVINE,-117.85975,33.65035
6547177,2014,2016-04-04,3002,2014-06-01,1211,1562,530Y,7,5,4,3002,0,0,0,NA,0,014,IMPERIAL HWY,SHOPPING CENTER,318,E,N,A,-,Y,ORA,12,90,-,-,6.29,H,-,W,N,4,0,1,2,A,-,03,22350,NA,N,C,C,A,A,H,-,A,A,0,NA,NA,NA,NA,Y,NA,A,07,0,0,1,0,0,0,0,0,0,-,-,NA,NA,ORANGE,BREA,-117.86877413,33.91108138
6548381,2014,2014-08-21,3011,2014-06-11,1259,31241,62,3,5,4,3011,0,0,0,NA,0,002,ANACAPA WY,SKYLINE DR,65,W,N,A,-,N,NA,NA,NA,NA,NA,NA,NA,NA,NA,Y,4,0,1,2,A,-,03,22350,NA,N,C,E,A,A,H,-,A,D,0,NA,NA,NA,NA,Y,NA,A,07,0,0,1,0,0,0,0,0,0,-,-,NA,NA,ORANGE,LAGUNA BEACH,-117.77557569,33.54688348
6548459,2014,2016-04-05,9675,2014-06-20,1455,20668,NA,5,2,6,3026,0,1,1,NA,2,504,RT 5,SAND CANYON AV,2000,S,N,A,-,Y,ORA,12,5,-,R,23.56,H,-,N,Y,4,0,1,3,A,-,03,22350,NA,N,C,C,A,A,H,-,A,D,1,NA,NA,NA,NA,Y,NA,A,01,0,0,1,0,0,0,0,0,0,-,-,33.40228,-117.45207,ORANGE,IRVINE,-117.75545169,33.67228984
6549609,2014,2014-08-20,3001,2014-07-11,2056,415,NA,5,5,7,3001,0,0,0,NA,0,0D2,SOUTH EUCLID ST,WEST BROADWAY,62,S,N,A,-,N,NA,NA,NA,NA,NA,NA,NA,NA,NA,N,4,0,1,2,A,-,03,22350,NA,N,C,C,A,A,H,-,C,A,0,NA,NA,NA,NA,Y,NA,A,01,0,0,1,0,0,0,0,0,0,-,-,NA,NA,ORANGE,ANAHEIM,-117.94149,33.82871002
6550196,2014,2014-09-02,3001,2014-06-26,2203,1373,NA,4,5,7,3001,0,0,0,NA,0,NA,W LINCOLN AV,NORTH WEST ST,18,E,N,A,-,N,NA,NA,NA,NA,NA,NA,NA,NA,NA,N,4,0,1,2,A,-,11,21456,A,N,G,B,B,A,H,-,C,A,0,Y,NA,NA,NA,Y,NA,N,60,0,0,1,0,1,0,0,0,0,-,-,NA,NA,ORANGE,ANAHEIM,-117.92707087,33.83264
6553869,2014,2014-08-20,3001,2014-07-09,1915,406,NA,3,5,7,3001,0,0,0,NA,0,0D1,WEST BALL RD,SOUTH NUTWOOD ST,10,W,N,A,-,N,NA,NA,NA,NA,NA,NA,NA,NA,NA,Y,3,0,3,3,A,-,07,21658,A,N,B,C,A,A,H,-,A,A,0,NA,NA,Y,NA,Y,NA,A,01,0,1,2,0,0,0,0,0,2,-,-,NA,NA,ORANGE,ANAHEIM,-117.95014284,33.81787933
6555891,2014,2016-04-26,9675,2014-07-27,1725,20738,NA,7,2,7,3019,0,1,3,NA,2,553,RT 55,MAIN ST,900,N,N,A,-,Y,ORA,12,55,-,R,6.59,H,-,N,N,4,0,1,2,A,-,03,22350,NA,N,C,C,A,A,H,-,A,D,6,NA,NA,NA,NA,Y,NA,J,41,0,0,1,0,0,0,0,0,0,-,-,33.69358,-117.86664,ORANGE,SANTA ANA,-117.86579292,33.6941381
6557335,2014,2016-05-28,9675,2014-07-11,1105,19404,NA,5,1,7,3019,0,1,1,NA,2,503,RT 5,RT 55,500,N,N,A,-,Y,ORA,12,5,-,-,30.39,H,-,S,Y,4,0,1,3,A,-,07,21658,A,N,B,C,A,A,H,-,A,A,1,NA,NA,NA,NA,Y,NA,A,07,0,0,1,0,0,0,0,0,0,-,-,33.74188,-117.8385,ORANGE,SANTA ANA,-117.83605875,33.74132307
6557458,2014,2016-05-28,9675,2014-07-01,1845,15826,NA,2,2,6,3026,0,1,1,NA,2,503,RT 5,YALE ST,100,N,N,A,-,Y,ORA,12,5,-,R,25.85,H,-,N,Y,4,0,3,3,A,-,03,22350,NA,N,C,C,A,A,H,-,A,D,1,NA,NA,NA,NA,Y,NA,A,08,0,0,3,0,0,0,0,0,0,-,-,33.71478,-117.7612,ORANGE,IRVINE,-117.77537677,33.70091508
6558521,2014,2016-04-09,3024,2014-05-08,2124,158,P26,4,5,5,3024,0,0,0,NA,0,EAST,RT 39,HAZARD AV,200,S,N,A,-,Y,ORA,12,39,-,-,7.09,H,-,N,N,4,0,1,2,A,-,01,23152,A,N,C,C,A,A,H,-,C,A,0,NA,NA,NA,NA,Y,Y,A,01,0,0,1,0,0,0,0,0,0,-,-,NA,NA,ORANGE,WESTMINSTER,-117.98946689,33.75128635
6558545,2014,2014-08-13,3007,2014-05-03,1252,289,27,6,5,5,3007,0,0,0,NA,0,002,NEWHOPE ST,DELPHINIUM AV,0,NA,Y,A,-,N,NA,NA,NA,NA,NA,NA,NA,NA,NA,N,3,0,4,2,A,-,09,21801,A,N,A,C,A,A,H,-,A,D,0,NA,NA,NA,NA,Y,NA,A,07,0,4,0,0,0,0,0,0,0,-,-,NA,NA,ORANGE,FOUNTAIN VALLEY,-117.92856008,33.72956008
6559636,2014,2014-08-04,3009,2014-04-29,2150,2372,83,2,5,6,3009,0,0,0,NA,0,1-2,CHAPMAN AV,MAGNOLIA ST,0,NA,Y,A,-,N,NA,NA,NA,NA,NA,NA,NA,NA,NA,N,4,0,2,3,-,-,-,NA,NA,N,D,C,A,A,H,-,C,A,0,NA,NA,NA,NA,Y,NA,-,-,0,0,2,0,0,0,0,0,0,-,-,NA,NA,ORANGE,GARDEN GROVE,-117.97539005,33.78847011
6559729,2014,2014-08-15,3019,2014-05-16,0833,2630,SC,5,5,7,3019,0,0,0,NA,0,004,FAIRVIEW ST,MCFADDEN AV,30,S,N,A,-,N,NA,NA,NA,NA,NA,NA,NA,NA,NA,N,3,0,1,2,A,-,11,21954,A,N,G,B,D,A,H,-,A,A,0,Y,NA,NA,NA,Y,NA,N,60,0,1,0,0,1,0,0,0,0,-,-,NA,NA,ORANGE,SANTA ANA,-117.90678802,33.73441777
6560205,2014,2016-06-15,9670,2014-07-08,0810,014303,NA,2,1,7,3001,0,1,3,NA,2,094,RT 91,LEMON ST,520,E,N,A,-,Y,ORA,12,91,-,-,3.61,H,-,E,Y,4,0,1,3,A,-,03,22350,NA,N,C,C,A,A,H,-,A,D,1,NA,NA,NA,NA,Y,NA,A,01,0,0,1,0,0,0,0,0,0,-,-,33.85318,-117.91685,ORANGE,ANAHEIM,-117.91815309,33.85397483
6561680,2014,2016-05-31,9675,2014-07-14,1900,018539,NA,1,2,6,3015,0,1,3,NA,2,222,RT 22,RT 5,225,E,N,A,-,Y,ORA,12,22,-,R,10.55,H,-,W,Y,3,0,1,1,A,-,08,22107,NA,N,-,-,A,A,H,-,A,-,6,NA,NA,NA,NA,Y,NA,A,07,0,1,0,0,0,0,0,0,0,-,-,33.77899,-117.87524,ORANGE,ORANGE,-117.87527767,33.77902708
6563398,2014,2016-06-16,3012,2014-07-16,1104,586,31,3,5,5,3012,0,0,0,NA,0,003,LAMBERT RD,BEACH BL,175,E,N,A,-,Y,ORA,12,39,-,-,19.671,I,6,S,N,4,0,1,3,A,-,09,21804,A,N,D,C,A,A,H,-,A,D,0,NA,NA,NA,NA,Y,NA,D,22,0,0,1,0,0,0,0,0,0,-,-,NA,NA,ORANGE,LA HABRA,-117.96789747,33.92452309
6563480,2014,2014-08-25,3019,2014-07-03,1838,2771,SC,4,5,7,3019,0,0,0,NA,0,004,EUCLID ST,16TH ST,0,NA,Y,A,-,N,NA,NA,NA,NA,NA,NA,NA,NA,NA,N,4,0,2,4,A,-,09,21801,A,M,D,C,A,A,H,-,A,D,0,NA,NA,NA,NA,Y,NA,D,22,0,0,2,0,0,0,0,0,0,-,-,NA,NA,ORANGE,SANTA ANA,-117.93762004,33.75842012
6564181,2014,2016-02-18,3015,2014-05-30,1720,1433,NA,5,5,6,3015,0,0,0,NA,0,NA,CHAPMAN AV,RT 55,50,W,N,A,-,Y,ORA,12,55,-,-,13.921,R,4,S,N,4,0,1,1,A,-,03,22350,NA,N,B,I,A,A,H,-,A,D,0,NA,Y,NA,NA,Y,NA,L,04,0,0,1,0,0,0,1,0,0,-,SF,NA,NA,ORANGE,ORANGE,-117.83111401,33.79082389
6564191,2014,2014-09-03,3024,2014-07-20,1850,135,P39,7,5,5,3024,0,0,0,NA,0,EAST,EDINGER AV,BUSHARD ST,81,W,N,A,-,N,NA,NA,NA,NA,NA,NA,NA,NA,NA,Y,4,0,2,2,A,-,01,23152,F,N,C,C,A,A,H,-,A,A,0,NA,NA,NA,NA,Y,Y,A,07,0,0,2,0,0,0,0,0,0,-,-,NA,NA,ORANGE,WESTMINSTER,-117.96358579,33.73037
6564350,2014,2014-08-22,3010,2014-07-03,1547,1059,281,4,5,6,3010,0,0,0,NA,0,008,GOLDENWEST ST,SLATER AV,320,S,N,A,-,N,NA,NA,NA,NA,NA,NA,NA,NA,NA,N,4,0,1,2,A,-,21,22106,NA,N,C,C,A,A,H,-,A,A,0,NA,NA,NA,NA,Y,NA,A,08,0,0,1,0,0,0,0,0,0,-,-,NA,NA,ORANGE,HUNTINGTON BEACH,-118.00655,33.70743779
6564454,2014,2014-08-22,3001,2014-07-15,1556,A1158,NA,2,5,7,3001,0,0,0,NA,0,0D3,HASTER ST,BLUEBELL AV,169,N,N,B,-,N,NA,NA,NA,NA,NA,NA,NA,NA,NA,Y,4,0,1,1,A,-,08,22107,NA,N,E,I,A,A,H,-,A,D,0,NA,NA,NA,NA,Y,NA,A,01,0,0,1,0,0,0,0,0,0,-,-,NA,NA,ORANGE,ANAHEIM,-117.90638883,33.79566305
6564458,2014,2014-08-22,3001,2014-07-15,2053,1740,NA,2,5,7,3001,0,0,0,NA,0,0D3,STATE COLLEGE BL,VERMONT AV,8,N,N,B,-,N,NA,NA,NA,NA,NA,NA,NA,NA,NA,N,3,0,1,2,A,-,10,21950,A,N,G,B,B,A,H,-,C,A,0,Y,NA,NA,NA,Y,NA,A,01,0,1,0,0,1,0,0,0,0,-,-,NA,NA,ORANGE,ANAHEIM,-117.88935,33.82792193
6566407,2014,2014-08-27,3014,2014-07-04,1840,1253,RD25,5,5,5,3014,0,0,0,NA,0,0A2,HOSPITAL RD,NEWPORT BL,60,E,N,A,-,N,NA,NA,NA,NA,NA,NA,NA,NA,NA,N,3,0,1,1,A,-,03,22350,NA,N,H,A,A,A,H,-,A,A,0,NA,Y,NA,NA,Y,NA,L,04,0,1,0,0,0,0,1,0,0,-,-,33.6256,-117.9276,ORANGE,NEWPORT BEACH,-117.92791594,33.62569349
6566440,2014,2014-08-27,3009,2014-07-11,1237,2724,116,5,5,6,3009,0,0,0,NA,0,023,TRASK AV,TAFT ST,0,NA,Y,A,-,N,NA,NA,NA,NA,NA,NA,NA,NA,NA,Y,4,0,3,2,A,-,09,21801,A,N,A,C,A,A,H,-,A,A,0,NA,NA,NA,NA,Y,NA,A,01,0,0,3,0,0,0,0,0,0,-,-,NA,NA,ORANGE,GARDEN GROVE,-117.94211005,33.76689005
6566840,2014,2014-08-06,3000,2014-05-31,1813,2621,797G2,6,5,4,3021,0,0,0,NA,0,021,KNOTT AV,KATELLA AV,80,N,N,A,-,N,NA,NA,NA,NA,NA,NA,NA,NA,NA,N,4,0,1,3,A,-,03,22350,NA,N,C,C,A,A,H,-,A,A,0,NA,NA,NA,NA,Y,NA,D,22,0,0,1,0,0,0,0,0,0,-,-,NA,NA,ORANGE,STANTON,-118.01103,33.80316935
6566974,2014,2014-08-27,3015,2014-07-05,2340,1491,16W,6,5,6,3015,0,0,0,NA,0,001,N GRAND ST,E EVERETT PL,0,NA,Y,A,-,N,NA,NA,NA,NA,NA,NA,NA,NA,NA,N,4,0,1,2,A,-,12,22450,A,F,D,G,A,A,H,-,C,D,0,NA,Y,NA,NA,Y,NA,L,04,0,0,1,0,0,0,1,0,0,-,-,NA,NA,ORANGE,ORANGE,-117.85092012,33.79827003