CASE_ID,ACCIDENT_YEAR,PROC_DATE,JURIS,COLLISION_DATE,COLLISION_TIME,OFFICER_ID,REPORTING_DISTRICT,DAY_OF_WEEK,CHP_SHIFT,POPULATION,CNTY_CITY_LOC,SPECIAL_COND,BEAT_TYPE,CHP_BEAT_TYPE,CITY_DIVISION_LAPD,CHP_BEAT_CLASS,BEAT_NUMBER,PRIMARY_RD,SECONDARY_RD,DISTANCE,DIRECTION,INTERSECTION,WEATHER_1,WEATHER_2,STATE_HWY_IND,CALTRANS_COUNTY,CALTRANS_DISTRICT,STATE_ROUTE,ROUTE_SUFFIX,POSTMILE_PREFIX,POSTMILE,LOCATION_TYPE,RAMP_INTERSECTION,SIDE_OF_HWY,TOW_AWAY,COLLISION_SEVERITY,NUMBER_KILLED,NUMBER_INJURED,PARTY_COUNT,PRIMARY_COLL_FACTOR,PCF_CODE_OF_VIOL,PCF_VIOL_CATEGORY,PCF_VIOLATION,PCF_VIOL_SUBSECTION,HIT_AND_RUN,TYPE_OF_COLLISION,MVIW,PED_ACTION,ROAD_SURFACE,ROAD_COND_1,ROAD_COND_2,LIGHTING,CONTROL_DEVICE,CHP_ROAD_TYPE,PEDESTRIAN_ACCIDENT,BICYCLE_ACCIDENT,MOTORCYCLE_ACCIDENT,TRUCK_ACCIDENT,NOT_PRIVATE_PROPERTY,ALCOHOL_INVOLVED,STWD_VEHTYPE_AT_FAULT,CHP_VEHTYPE_AT_FAULT,COUNT_SEVERE_INJ,COUNT_VISIBLE_INJ,COUNT_COMPLAINT_PAIN,COUNT_PED_KILLED,COUNT_PED_INJURED,COUNT_BICYCLIST_KILLED,COUNT_BICYCLIST_INJURED,COUNT_MC_KILLED,COUNT_MC_INJURED,PRIMARY_RAMP,SECONDARY_RAMP,LATITUDE,LONGITUDE,COUNTY,CITY,POINT_X,POINT_Y
8152321,2016,2016-10-31,3008,2016-09-05,1938,1484,NA,1,5,6,3008,0,0,0,NA,0,002,HARBOR BL,ORANGEFAIR MALL DR,250,N,N,A,-,N,NA,NA,NA,NA,NA,NA,NA,NA,NA,N,4,0,1,2,A,-,01,23152,A,M,C,C,A,A,H,-,C,D,0,NA,NA,NA,NA,Y,NA,A,01,0,0,1,0,0,0,0,0,0,-,-,NA,NA,ORANGE,FULLERTON,-117.924368,33.856978
81526026,2021,2021-07-22,3010,2021-07-14,1121,0147,477,3,5,6,3010,0,0,0,NA,0,002,HAMILTON AVE,BROOKHURST ST,0,NA,Y,A,-,N,NA,NA,NA,NA,NA,NA,NA,NA,NA,Y,3,0,1,2,A,-,09,21801,A,N,D,C,A,A,H,-,A,A,0,NA,NA,NA,NA,Y,NA,A,01,0,1,0,0,0,0,0,0,0,-,-,33.648929595947266,-117.95500183105467,ORANGE,HUNTINGTON BEACH,-117.95368957519533,33.65058517456055
81528133,2021,2021-07-26,3024,2021-06-12,1105,505,P-31,6,5,5,3024,0,0,0,NA,0,WEST,MCFADDEN AVENUE,VERMONT STREET,0,NA,Y,A,-,N,NA,NA,NA,NA,NA,NA,NA,NA,NA,Y,4,0,1,2,A,-,12,21453,A,N,D,C,A,A,H,-,A,A,0,NA,NA,NA,NA,Y,NA,A,01,0,0,1,0,0,0,0,0,0,-,-,33.73749923706055,-117.99961853027344,ORANGE,WESTMINSTER,-118.00006103515624,33.737640380859375
8152873,2016,2016-10-31,3010,2016-10-12,1119,1226,139,3,5,6,3010,0,0,0,NA,0,009,EDWARDS ST,MCFADDEN AV,280,N,N,A,-,N,NA,NA,NA,NA,NA,NA,NA,NA,NA,Y,4,0,1,3,A,-,04,21703,NA,N,C,C,A,A,H,-,A,A,0,NA,NA,NA,NA,Y,NA,A,07,0,0,1,0,0,0,0,0,0,-,-,NA,NA,ORANGE,HUNTINGTON BEACH,-118.01560669,33.7380576
81529333,2021,2021-07-27,3008,2021-06-15,1309,1511,Zone,2,5,6,3008,0,0,0,NA,0,NA,ACACIA AVE,KIMBERLY AVE,0,NA,Y,A,-,N,NA,NA,NA,NA,NA,NA,NA,NA,NA,Y,4,0,1,2,A,-,09,21802,A,N,D,C,A,A,H,-,A,A,0,NA,NA,NA,NA,Y,NA,A,01,0,0,1,0,0,0,0,0,0,-,-,NA,NA,ORANGE,FULLERTON,-117.89816284179688,33.8631477355957
81531185,2021,2021-07-29,3022,2021-02-11,1251,1296,North,4,5,5,3022,0,0,0,NA,0,NA,NEWPORT AV,MAIN ST (E),195,N,N,A,-,N,NA,NA,NA,NA,NA,NA,NA,NA,NA,N,4,0,1,2,A,-,09,21804,A,N,D,G,A,A,H,-,A,D,0,NA,Y,NA,NA,Y,NA,A,07,0,0,1,0,0,0,1,0,0,-,-,33.74203109741211,-117.81803894042967,ORANGE,TUSTIN,-117.81776428222656,33.742549896240234
81531214,2021,2021-07-29,3001,2021-06-24,1145,A2227,NA,4,5,7,3001,0,0,0,NA,0,D-2,EAST STREET,OAK STREET,0,NA,Y,A,-,N,NA,NA,NA,NA,NA,NA,NA,NA,NA,Y,3,0,1,2,A,-,09,21801,A,N,D,C,A,A,H,-,A,D,0,NA,NA,NA,NA,Y,NA,A,01,0,1,0,0,0,0,0,0,0,-,-,33.8372917175293,-117.90251159667967,ORANGE,ANAHEIM,-117.90238189697266,33.837127685546875
81531247,2021,2021-07-29,3019,2021-07-18,0151,3652,SE,7,5,7,3019,0,0,0,NA,0,003,MAIN STREET,CAMILE STREET,150,N,N,A,-,N,NA,NA,NA,NA,NA,NA,NA,NA,NA,Y,4,0,1,3,A,-,01,23153,A,N,A,E,A,A,H,-,C,D,0,NA,NA,NA,NA,Y,Y,A,01,0,0,1,0,0,0,0,0,0,-,-,33.73997116088867,-117.867919921875,ORANGE,SANTA ANA,-117.86769104003906,33.74114227294922
81531342,2021,2021-07-29,3024,2021-06-19,1405,400,P-10,6,5,5,3024,0,0,0,NA,0,WEST,EDWARDS STREET,BESTEL AVENUE,0,NA,Y,A,-,N,NA,NA,NA,NA,NA,NA,NA,NA,NA,Y,4,0,2,2,A,-,09,21801,A,N,D,C,A,A,H,-,A,D,0,NA,NA,NA,NA,Y,NA,A,07,0,0,2,0,0,0,0,0,0,-,-,33.76852035522461,-118.01615142822266,ORANGE,WESTMINSTER,-118.01602935791016,33.76838684082031
81534325,2021,2021-08-02,3022,2021-07-22,0444,1321,NA,4,5,5,3022,0,0,0,NA,0,NA,TUSTIN RANCH RD,WARNER AV (E),140,S,N,A,-,N,NA,NA,NA,NA,NA,NA,NA,NA,NA,Y,3,0,1,1,A,-,01,23152,A,N,E,I,A,A,H,-,C,D,0,NA,NA,NA,NA,Y,Y,A,07,0,1,0,0,0,0,0,0,0,-,-,33.70100021362305,-117.8222885131836,ORANGE,TUSTIN,-117.82563018798828,33.70075988769531
8153642,2016,2016-10-26,3001,2016-09-24,1850,415,NA,6,5,7,3001,0,0,0,NA,0,0D1,WEST ORANGE AV,SOUTH WESTERN AV,0,NA,Y,A,-,N,NA,NA,NA,NA,NA,NA,NA,NA,NA,N,3,0,1,2,A,-,12,21453,A,N,D,G,A,A,H,-,B,A,0,NA,Y,NA,NA,Y,NA,L,04,0,1,0,0,0,0,1,0,0,-,-,NA,NA,ORANGE,ANAHEIM,-118.0021501,33.8246201
81539298,2021,2021-08-09,3001,2021-08-05,1645,A1252,NA,4,5,7,3001,0,0,0,NA,0,D-2,CRESCENT WAY,PENHALL WAY,177,N,N,A,-,N,NA,NA,NA,NA,NA,NA,NA,NA,NA,Y,4,0,3,2,A,-,09,21801,A,N,D,C,A,A,H,-,A,D,0,NA,NA,NA,NA,Y,NA,A,07,0,0,3,0,0,0,0,0,0,-,-,33.83552169799805,-117.94734191894533,ORANGE,ANAHEIM,-117.94734954833984,33.83568572998047
81539317,2021,2021-08-09,3019,2021-07-11,1617,3538,NA,7,5,7,3019,0,0,0,NA,0,NA,1ST STREET,FAIRVIEW STREET,300,E,N,A,-,N,NA,NA,NA,NA,NA,NA,NA,NA,NA,Y,4,0,4,2,A,-,03,22350,NA,N,C,C,A,A,H,-,A,D,0,NA,NA,NA,NA,Y,NA,A,01,0,0,4,0,0,0,0,0,0,-,-,33.74531173706055,-117.9052505493164,ORANGE,SANTA ANA,-117.90438079833984,33.745338439941406
81539561,2021,2021-08-09,3022,2021-07-25,1447,1348,South,7,5,5,3022,0,0,0,NA,0,NA,RED HILL AV,MITCHELL AV,401,N,N,A,-,N,NA,NA,NA,NA,NA,NA,NA,NA,NA,Y,4,0,1,2,A,-,09,21804,A,N,D,C,A,A,H,-,A,D,0,NA,NA,NA,NA,Y,NA,A,01,0,0,1,0,0,0,0,0,0,-,-,NA,NA,ORANGE,TUSTIN,-117.81736755371094,33.731590270996094
81539689,2021,2021-08-09,3022,2021-06-29,0916,1308,NA,2,5,5,3022,0,0,0,NA,0,NA,JAMBOREE RD,EL CAMINO REAL,0,NA,Y,A,-,N,NA,NA,NA,NA,NA,NA,NA,NA,NA,Y,4,0,1,2,A,-,09,21453,C,N,D,C,A,A,H,-,A,A,0,NA,NA,NA,NA,Y,NA,D,22,0,0,1,0,0,0,0,0,0,-,-,33.7223014831543,-117.79216766357422,ORANGE,TUSTIN,-117.79248809814452,33.72239685058594
81539720,2021,2021-08-09,3008,2021-06-25,1202,1585,Zone,5,5,6,3008,0,0,0,NA,0,NA,VALENCIA DR,STATE COLLEGE BLVD,0,NA,Y,A,-,N,NA,NA,NA,NA,NA,NA,NA,NA,NA,Y,3,0,1,2,A,-,12,21453,A,N,D,C,A,A,H,-,A,A,0,NA,NA,NA,NA,Y,NA,A,01,0,1,0,0,0,0,0,0,0,-,-,NA,NA,ORANGE,FULLERTON,-117.88951110839844,33.86684799194336
81540894,2021,2021-08-10,3015,2021-07-03,0439,1643,RD144,6,5,6,3015,0,0,0,NA,0,131,NEWPORT BLVD,SKYLARK PL,43,S,N,A,-,N,NA,NA,NA,NA,NA,NA,NA,NA,NA,Y,3,0,1,1,A,-,03,22350,NA,N,E,I,A,A,H,-,C,A,0,NA,NA,NA,NA,Y,NA,A,01,0,1,0,0,0,0,0,0,0,-,-,33.78403091430664,-117.77088165283205,ORANGE,ORANGE,-117.7709503173828,33.783870697021484
81541895,2021,2021-08-11,3001,2021-08-07,1234,A2367,D-3,6,5,7,3001,0,0,0,NA,0,D-3,WAGNER AVENUE,SUNKIST STREET,0,NA,Y,A,-,N,NA,NA,NA,NA,NA,NA,NA,NA,NA,Y,4,0,5,2,A,-,09,21801,A,N,A,C,A,A,H,-,A,A,0,NA,NA,NA,NA,Y,NA,A,07,0,0,5,0,0,0,0,0,0,-,-,33.825279235839844,-117.88028717041016,ORANGE,ANAHEIM,-117.88053894042967,33.825401306152344
81542002,2021,2021-08-11,3019,2021-07-14,2256,3569,NE,3,5,7,3019,0,0,0,NA,0,002,4TH STREET,MABURY STREET,0,NA,Y,A,-,N,NA,NA,NA,NA,NA,NA,NA,NA,NA,Y,4,0,1,2,-,-,-,NA,NA,N,D,C,A,A,H,-,C,A,0,NA,NA,NA,NA,Y,NA,-,-,0,0,1,0,0,0,0,0,0,-,-,33.74802017211914,-117.84403228759766,ORANGE,SANTA ANA,-117.84384155273438,33.74805450439453
81542020,2021,2021-08-11,3008,2021-06-27,1422,1578,Zone,7,5,6,3008,0,0,0,NA,0,NA,EUCLID ST,BAKER AVE,0,NA,Y,A,-,N,NA,NA,NA,NA,NA,NA,NA,NA,NA,Y,4,0,1,2,A,-,09,21801,A,N,D,C,A,A,H,-,A,A,0,NA,NA,NA,NA,Y,NA,D,22,0,0,1,0,0,0,0,0,0,-,-,NA,NA,ORANGE,FULLERTON,-117.9417724609375,33.856910705566406
81542984,2021,2021-08-12,3001,2021-07-22,1602,A2292,D-1,4,5,7,3001,0,0,0,NA,0,D-1,ORANGE AVENUE,DANBROOK DRIVE,18,E,N,A,-,N,NA,NA,NA,NA,NA,NA,NA,NA,NA,N,4,0,1,2,A,-,05,21460,NA,N,D,C,A,A,H,-,A,D,0,NA,NA,NA,NA,Y,NA,A,07,0,0,1,0,0,0,0,0,0,-,-,33.82469177246094,-118.00827026367188,ORANGE,ANAHEIM,-118.00820159912108,33.824588775634766
81543013,2021,2021-08-12,3010,2021-08-03,1523,2250,263,2,5,6,3010,0,0,0,NA,0,006,BEACH BL - SR39,WARNER AVE,37,N,N,A,-,Y,NA,NA,NA,NA,NA,NA,NA,NA,NA,N,3,0,1,1,A,-,08,22107,NA,N,H,A,A,A,H,-,A,D,0,NA,Y,NA,NA,Y,NA,L,04,0,1,0,0,0,0,1,0,0,-,-,33.71451187133789,-117.9892807006836,ORANGE,HUNTINGTON BEACH,-117.9889907836914,33.71565246582031
81543640,2021,2021-08-12,3014,2021-07-31,1032,1520,RD35,6,5,5,3014,0,0,0,NA,0,A3,BACK BAY DR,SAN JOAQUIN HILLS RD,5502,N,N,A,-,N,NA,NA,NA,NA,NA,NA,NA,NA,NA,N,3,0,2,2,A,-,05,21650,NA,N,B,G,A,A,H,-,A,D,0,NA,Y,NA,NA,Y,NA,L,04,0,1,1,0,0,0,2,0,0,-,-,33.64038848876953,-117.88639068603516,ORANGE,NEWPORT BEACH,-117.88660430908205,33.6384391784668
81546442,2021,2021-08-17,3019,2021-07-01,1710,3638,NE,4,5,7,3019,0,0,0,NA,0,002,BROADWAY,18TH STREET,0,NA,Y,A,-,N,NA,NA,NA,NA,NA,NA,NA,NA,NA,N,4,0,4,2,A,-,05,21752,D,N,D,C,A,A,H,-,A,D,0,NA,NA,NA,NA,Y,NA,A,01,0,0,4,0,0,0,0,0,0,-,-,33.76115036010742,-117.86962127685548,ORANGE,SANTA ANA,-117.86962890625,33.76089096069336
81548561,2021,2021-08-19,3001,2021-08-17,0836,A1068,NA,2,5,7,3001,0,0,0,NA,0,D-4,IMPERIAL HIGHWAY,AVENIDA BERNARDO (S),170,N,N,A,-,Y,NA,NA,NA,NA,NA,NA,NA,NA,NA,Y,4,0,1,1,C,-,18,NA,NA,N,E,I,A,A,A,-,A,D,0,NA,NA,NA,NA,Y,NA,-,-,0,0,1,0,0,0,0,0,0,-,-,33.84669876098633,-117.79046630859376,ORANGE,ANAHEIM,-117.79042053222656,33.849422454833984
81548592,2021,2021-08-19,3010,2021-08-10,0908,0147,495,2,5,6,3010,0,0,0,NA,0,002,PACIFIC COAST HWY - SR1,BROOKHURST ST,0,NA,Y,A,-,Y,NA,NA,NA,NA,NA,NA,NA,NA,NA,Y,3,0,1,2,D,-,00,NA,NA,N,D,C,A,A,H,-,A,A,0,NA,NA,NA,NA,Y,NA,-,-,0,1,0,0,0,0,0,0,0,-,-,33.63380813598633,-117.9658203125,ORANGE,HUNTINGTON BEACH,-117.964111328125,33.635284423828125
8154956,2016,2016-11-02,3019,2016-10-07,1727,2776,SE,5,5,7,3019,0,0,0,NA,0,003,PINE ST,HICKORY ST,0,NA,Y,A,-,N,NA,NA,NA,NA,NA,NA,NA,NA,NA,Y,4,0,1,3,A,-,09,21802,A,N,D,C,A,A,H,-,A,A,0,NA,NA,NA,NA,Y,NA,D,22,0,0,1,0,0,0,0,0,0,-,-,33.74326,-117.86073,ORANGE,SANTA ANA,-117.86098012,33.74344008
81550929,2021,2021-08-23,3010,2021-08-19,1842,1208,262,4,5,6,3010,0,0,0,NA,0,007,BEACH BL - SR39,WARNER AVE,0,NA,Y,A,-,Y,NA,NA,NA,NA,NA,NA,NA,NA,NA,Y,4,0,2,2,A,-,12,21453,A,N,D,C,A,A,H,-,A,A,0,NA,NA,NA,NA,Y,NA,-,-,0,0,2,0,0,0,0,0,0,-,-,33.71569061279297,-117.98902893066406,ORANGE,HUNTINGTON BEACH,-117.9889907836914,33.71554946899414
81552216,2021,2021-08-24,3001,2021-08-18,1716,A2292,D-3,3,5,7,3001,0,0,0,NA,0,D-3,CERRITOS AVENUE,VERNON STREET,0,NA,Y,A,-,N,NA,NA,NA,NA,NA,NA,NA,NA,NA,Y,4,0,2,2,A,-,09,21802,A,N,A,C,A,A,H,-,A,D,0,NA,NA,NA,NA,Y,NA,A,07,0,0,2,0,0,0,0,0,0,-,-,33.80913162231445,-117.89389801025392,ORANGE,ANAHEIM,-117.89360809326172,33.810604095458984
81552222,2021,2021-08-24,3001,2021-08-22,2256,A1047,NA,7,5,7,3001,0,0,0,NA,0,D-1,BEACH BOULEVARD,LINCOLN AVENUE,0,NA,Y,-,-,Y,NA,NA,NA,NA,NA,NA,NA,NA,NA,Y,2,0,5,2,A,-,01,23152,F,N,D,C,A,A,H,-,C,A,0,NA,NA,NA,NA,Y,NA,A,01,3,1,1,0,0,0,0,0,0,-,-,33.83192825317383,-117.99334716796876,ORANGE,ANAHEIM,-117.99337768554688,33.83198165893555
81554473,2021,2021-08-26,3015,2021-07-09,1230,1598,45E,5,5,6,3015,0,0,0,NA,0,712M,KATELLA AVE,GLASSELL ST,177,W,N,A,-,N,NA,NA,NA,NA,NA,NA,NA,NA,NA,Y,3,0,2,2,A,-,09,21804,A,N,D,C,A,A,H,-,A,D,0,NA,NA,NA,NA,Y,NA,A,07,0,1,1,0,0,0,0,0,0,-,-,33.80849838256836,-117.85260772705078,ORANGE,ORANGE,-117.85359954833984,33.809085845947266
81556606,2021,2021-08-27,3019,2021-02-03,2104,2859,WE,3,5,7,3019,0,0,0,NA,0,001,1ST STREET,SUSAN STREET,940,E,N,A,-,N,NA,NA,NA,NA,NA,NA,NA,NA,NA,N,1,1,0,2,A,-,11,21954,A,N,G,B,D,A,H,-,C,D,0,Y,NA,NA,NA,Y,Y,N,60,0,0,0,1,0,0,0,0,0,-,-,33.744991302490234,-117.91372680664063,ORANGE,SANTA ANA,-117.91054534912108,33.74523162841797
81556715,2021,2021-08-27,3024,2021-07-02,2118,426,P-14,5,5,5,3024,0,0,0,NA,0,WEST,BOLSA CHICA ROAD,RANCHO ROAD,0,NA,Y,A,-,N,NA,NA,NA,NA,NA,NA,NA,NA,NA,Y,3,0,1,2,A,-,09,21453,C,N,D,C,A,A,H,-,C,A,0,NA,NA,NA,NA,Y,NA,A,01,0,1,0,0,0,0,0,0,0,-,-,33.750389099121094,-118.04469299316406,ORANGE,WESTMINSTER,-118.04196166992188,33.750125885009766
8155678,2016,2016-11-03,3019,2016-10-08,1742,2963,SOUTH,6,5,7,3019,0,0,0,NA,0,NA,MACARTHUR BL,SUSAN ST,15,W,N,A,-,N,NA,NA,NA,NA,NA,NA,NA,NA,NA,Y,4,0,1,2,A,-,08,22107,NA,N,B,C,A,A,H,-,B,A,0,NA,NA,NA,NA,Y,NA,A,01,0,0,1,0,0,0,0,0,0,-,-,NA,NA,ORANGE,SANTA ANA,-117.9130492,33.7017
81557458,2021,2021-08-30,3001,2021-08-25,1820,A2187,D-4,3,5,7,3001,0,0,0,NA,0,NA,NOHL RANCH ROAD,SCOUT TRAIL,0,NA,Y,A,-,N,NA,NA,NA,NA,NA,NA,NA,NA,NA,N,4,0,1,2,A,-,12,21453,A,N,D,G,A,A,H,-,A,A,0,NA,Y,NA,NA,Y,NA,-,-,0,0,1,0,0,0,1,0,0,-,-,33.841331481933594,-117.7859115600586,ORANGE,ANAHEIM,-117.78627014160156,33.84417724609375
81560019,2021,2021-09-01,3008,2021-07-11,2100,1526,Zone,7,5,6,3008,0,0,0,NA,0,NA,LEMON ST,VALENCIA DR,6,N,N,A,-,N,NA,NA,NA,NA,NA,NA,NA,NA,NA,N,4,0,1,2,A,-,03,22350,NA,M,C,C,A,A,H,-,C,A,0,NA,NA,NA,NA,Y,NA,-,99,0,0,1,0,0,0,0,0,0,-,-,NA,NA,ORANGE,FULLERTON,-117.91989135742188,33.86622619628906
81560797,2021,2021-09-02,3001,2021-08-28,2228,A2687,NA,6,5,7,3001,0,0,0,NA,0,D-2,SHAKESPEARE STREET,ELSIENA WAY,63,N,N,A,-,N,NA,NA,NA,NA,NA,NA,NA,NA,NA,Y,4,0,2,4,A,-,03,22350,NA,N,C,E,A,A,H,-,C,D,0,NA,NA,NA,NA,Y,NA,A,01,0,0,2,0,0,0,0,0,0,-,-,33.84086990356445,-117.8771514892578,ORANGE,ANAHEIM,-117.87703704833984,33.841041564941406
81560810,2021,2021-09-02,3010,2021-08-28,1148,3042,455,6,5,6,3010,0,0,0,NA,0,002,BUSHARD ST,ATLANTA AVE,0,NA,Y,A,-,N,NA,NA,NA,NA,NA,NA,NA,NA,NA,Y,3,0,1,4,A,-,09,21801,A,N,D,C,A,A,H,-,A,A,0,NA,NA,NA,NA,Y,NA,A,01,0,1,0,0,0,0,0,0,0,-,-,33.65753173828125,-117.96237182617188,ORANGE,HUNTINGTON BEACH,-117.96234130859376,33.65778732299805
81561218,2021,2021-09-02,3014,2021-08-21,0149,1503,RD12,6,5,5,3014,0,0,0,NA,0,A1,E BAY AVE,CYPRESS ST,65,E,N,A,-,N,NA,NA,NA,NA,NA,NA,NA,NA,NA,Y,2,0,2,4,A,-,01,23152,A,N,B,E,A,A,H,-,D,D,0,NA,NA,Y,NA,Y,Y,C,02,1,1,0,0,0,0,0,0,2,-,-,33.60369873046875,-117.90170288085938,ORANGE,NEWPORT BEACH,-117.90204620361328,33.60379409790039
81563081,2021,2021-09-06,3010,2021-08-29,1651,2090,413,7,5,6,3010,0,0,0,NA,0,005,BEACH BL - SR39,ELLIS AVE,6,N,N,A,-,Y,NA,NA,NA,NA,NA,NA,NA,NA,NA,Y,2,0,1,2,A,-,03,22350,NA,N,C,C,A,A,H,-,A,A,0,NA,NA,NA,NA,Y,NA,A,01,1,0,0,0,0,0,0,0,0,-,-,33.6939582824707,-117.98916625976563,ORANGE,HUNTINGTON BEACH,-117.98876190185548,33.69397735595703
81563320,2021,2021-09-06,3008,2021-07-23,2005,1321,Zone,5,5,6,3008,0,0,0,NA,0,NA,MAGNOLIA AVE,VALENCIA DR,0,NA,Y,A,-,N,NA,NA,NA,NA,NA,NA,NA,NA,NA,Y,3,0,2,2,A,-,03,22350,NA,N,C,C,A,A,H,-,B,A,0,NA,NA,NA,NA,Y,NA,A,01,0,1,1,0,0,0,0,0,0,-,-,NA,NA,ORANGE,FULLERTON,-117.97632598876952,33.86640548706055
81565921,2021,2021-09-09,3019,2021-08-10,0606,2801,SC,2,5,7,3019,0,0,0,NA,0,004,HARVARD STREET,SUSAN STREET (E),9,W,N,A,-,N,NA,NA,NA,NA,NA,NA,NA,NA,NA,Y,4,0,1,1,A,-,08,22107,NA,N,E,I,A,A,H,-,B,D,0,NA,NA,NA,NA,Y,NA,A,07,0,0,1,0,0,0,0,0,0,-,-,33.72031021118164,-117.91227722167967,ORANGE,SANTA ANA,-117.91301727294922,33.72026062011719
81569274,2021,2021-09-14,3015,2021-08-24,2040,1670,RD 24,2,5,6,3015,0,0,0,NA,0,132,CHAPMAN AVE,CA 55 N/B ONRAMP,0,NA,Y,A,-,N,NA,NA,NA,NA,NA,NA,NA,NA,NA,N,3,0,2,2,A,-,12,21453,A,N,D,C,A,A,H,-,C,A,0,NA,NA,NA,NA,Y,NA,A,01,0,1,1,0,0,0,0,0,0,-,-,NA,NA,ORANGE,ORANGE,-117.829667,33.787835
81569319,2021,2021-09-14,3015,2021-09-11,1510,1250,RD54,6,5,6,3015,0,0,0,NA,0,711M,PROSPECT ST,CHAPMAN AVE,315,N,N,A,-,N,NA,NA,NA,NA,NA,NA,NA,NA,NA,N,3,0,1,2,A,-,11,21954,A,N,G,B,D,A,H,-,A,D,0,Y,NA,NA,NA,Y,NA,N,60,0,1,0,0,1,0,0,0,0,-,-,33.78773880004883,-117.81832122802734,ORANGE,ORANGE,-117.81839752197266,33.78779983520508
81569337,2021,2021-09-14,3019,2021-05-14,2354,3749,SE,5,5,7,3019,0,0,0,NA,0,003,WARNER AVENUE,BROADWAY,125,W,N,A,-,N,NA,NA,NA,NA,NA,NA,NA,NA,NA,Y,1,1,0,2,A,-,01,23152,A,N,D,C,A,A,H,-,C,D,0,NA,NA,NA,NA,Y,Y,A,01,0,0,0,0,0,0,0,0,0,-,-,33.71529006958008,-117.87042999267578,ORANGE,SANTA ANA,-117.87017822265624,33.716041564941406
81569357,2021,2021-09-14,3019,2021-08-15,2048,3751,NA,7,5,7,3019,0,0,0,NA,0,NA,FLOWER STREET,COLUMBINE AVENUE,0,NA,Y,A,-,N,NA,NA,NA,NA,NA,NA,NA,NA,NA,N,4,0,2,2,A,-,09,21802,A,N,D,C,A,A,H,-,C,D,0,NA,NA,NA,NA,Y,NA,A,07,0,0,2,0,0,0,0,0,0,-,-,33.70222854614258,-117.87787628173828,ORANGE,SANTA ANA,-117.87692260742188,33.702911376953125
81569642,2021,2021-09-14,3014,2021-08-30,1507,1483,RD29,1,5,5,3014,0,0,0,NA,0,A2,MARIAN LN,WARWICK LN,48,W,N,A,-,N,NA,NA,NA,NA,NA,NA,NA,NA,NA,N,3,0,1,2,A,-,03,22350,NA,N,C,G,A,A,H,-,A,D,0,NA,NA,NA,NA,Y,NA,M,91,0,1,0,0,0,0,0,0,0,-,-,33.62879180908203,-117.89959716796876,ORANGE,NEWPORT BEACH,-117.89962005615234,33.628868103027344
81570349,2021,2021-09-15,3001,2021-09-09,2007,A2545,NA,4,5,7,3001,0,0,0,NA,0,NA,KNOTT AVENUE,BALL ROAD,505,N,N,A,-,N,NA,NA,NA,NA,NA,NA,NA,NA,NA,Y,3,0,2,2,A,-,08,22107,NA,N,B,C,A,A,H,-,C,A,0,NA,NA,NA,NA,Y,NA,A,01,0,1,1,0,0,0,0,0,0,-,-,33.8173713684082,-118.01094818115234,ORANGE,ANAHEIM,-118.01081085205078,33.818634033203125
81570356,2021,2021-09-15,3001,2021-09-13,1502,A2537,NA,1,5,7,3001,0,0,0,NA,0,D-1,WESTERN AVENUE,BALL ROAD,0,W,Y,A,-,N,NA,NA,NA,NA,NA,NA,NA,NA,NA,N,4,0,2,2,A,-,09,21801,A,N,D,C,A,A,H,-,A,A,0,NA,NA,NA,NA,Y,NA,A,01,0,0,2,0,0,0,0,0,0,-,-,33.81732940673828,-118.00222778320313,ORANGE,ANAHEIM,-118.00205993652344,33.81733703613281
8157186,2016,2017-02-18,3001,2016-10-23,0712,A1555,NA,7,5,7,3001,0,0,0,NA,0,0D1,N BROOKHURST ST,RT 5,0,NA,Y,B,-,Y,ORA,12,5,-,-,40.908,R,4,S,Y,4,0,2,2,A,-,09,21453,C,N,A,C,A,A,H,-,A,A,0,NA,NA,NA,NA,Y,NA,A,01,0,0,2,0,0,0,0,0,0,-,SF,NA,NA,ORANGE,ANAHEIM,-117.96212944,33.84691982
81572651,2020,2021-09-17,3019,2020-12-29,0724,3482,WE,2,5,7,3019,0,0,0,NA,0,001,EUCLID STREET,2ND STREET,92,S,N,A,-,N,NA,NA,NA,NA,NA,NA,NA,NA,NA,N,1,1,0,2,A,-,10,21954,B,N,G,B,D,A,H,-,A,D,0,Y,NA,NA,NA,Y,NA,A,01,0,0,0,1,0,0,0,0,0,-,-,33.746131896972656,-117.93760681152344,ORANGE,SANTA ANA,-117.93749237060548,33.745758056640625
8157316,2015,2016-11-03,3004,2015-10-06,0931,P429,88,2,5,6,3004,0,0,0,NA,0,002,NEWPORT BL,MESA DR,0,NA,Y,A,-,N,NA,NA,NA,NA,NA,NA,NA,NA,NA,Y,4,0,1,2,A,-,12,21453,A,N,D,C,A,A,H,-,A,A,0,NA,NA,NA,NA,Y,NA,D,22,0,0,1,0,0,0,0,0,0,-,-,33.3957,-117.5359,ORANGE,COSTA MESA,-117.89526011,33.66633001