CASE_ID,ACCIDENT_YEAR,PROC_DATE,JURIS,COLLISION_DATE,COLLISION_TIME,OFFICER_ID,REPORTING_DISTRICT,DAY_OF_WEEK,CHP_SHIFT,POPULATION,CNTY_CITY_LOC,SPECIAL_COND,BEAT_TYPE,CHP_BEAT_TYPE,CITY_DIVISION_LAPD,CHP_BEAT_CLASS,BEAT_NUMBER,PRIMARY_RD,SECONDARY_RD,DISTANCE,DIRECTION,INTERSECTION,WEATHER_1,WEATHER_2,STATE_HWY_IND,CALTRANS_COUNTY,CALTRANS_DISTRICT,STATE_ROUTE,ROUTE_SUFFIX,POSTMILE_PREFIX,POSTMILE,LOCATION_TYPE,RAMP_INTERSECTION,SIDE_OF_HWY,TOW_AWAY,COLLISION_SEVERITY,NUMBER_KILLED,NUMBER_INJURED,PARTY_COUNT,PRIMARY_COLL_FACTOR,PCF_CODE_OF_VIOL,PCF_VIOL_CATEGORY,PCF_VIOLATION,PCF_VIOL_SUBSECTION,HIT_AND_RUN,TYPE_OF_COLLISION,MVIW,PED_ACTION,ROAD_SURFACE,ROAD_COND_1,ROAD_COND_2,LIGHTING,CONTROL_DEVICE,CHP_ROAD_TYPE,PEDESTRIAN_ACCIDENT,BICYCLE_ACCIDENT,MOTORCYCLE_ACCIDENT,TRUCK_ACCIDENT,NOT_PRIVATE_PROPERTY,ALCOHOL_INVOLVED,STWD_VEHTYPE_AT_FAULT,CHP_VEHTYPE_AT_FAULT,COUNT_SEVERE_INJ,COUNT_VISIBLE_INJ,COUNT_COMPLAINT_PAIN,COUNT_PED_KILLED,COUNT_PED_INJURED,COUNT_BICYCLIST_KILLED,COUNT_BICYCLIST_INJURED,COUNT_MC_KILLED,COUNT_MC_INJURED,PRIMARY_RAMP,SECONDARY_RAMP,LATITUDE,LONGITUDE,COUNTY,CITY,POINT_X,POINT_Y
81783659,2022,2022-05-30,3015,2022-05-22,0856,1530,46,7,5,6,3015,0,0,0,NA,0,733M,WANDA RD,KATELLA AVE,0,NA,Y,A,-,N,NA,NA,NA,NA,NA,NA,NA,NA,NA,Y,3,0,1,2,A,-,12,21453,A,N,D,C,A,A,H,-,A,A,0,NA,NA,NA,NA,Y,NA,D,22,0,1,0,0,0,0,0,0,0,-,-,NA,NA,ORANGE,ORANGE,-117.82196807861328,33.81033706665039
81783963,2022,2022-05-30,3007,2022-05-10,0819,1166,46,2,5,5,3007,0,0,0,NA,0,002,WARNER,LOS JARDINES WEST,0,NA,Y,A,-,N,NA,NA,NA,NA,NA,NA,NA,NA,NA,Y,2,0,2,2,A,-,09,21801,A,N,D,C,A,A,H,-,A,A,0,NA,NA,NA,NA,Y,NA,A,01,1,0,1,0,0,0,0,0,0,-,-,NA,NA,ORANGE,FOUNTAIN VALLEY,-117.94136810302734,33.716285705566406
81784413,2022,2022-05-31,3001,2022-05-28,1056,A2065,D-1,6,5,7,3001,0,0,0,NA,0,015,CRESCENT AVENUE,ALAMO STREET,0,NA,Y,B,-,N,NA,NA,NA,NA,NA,NA,NA,NA,NA,Y,3,0,3,2,A,-,09,21802,A,N,D,C,A,A,H,-,A,D,0,NA,NA,NA,NA,Y,NA,A,01,0,1,2,0,0,0,0,0,0,-,-,33.839630126953125,-117.9641571044922,ORANGE,ANAHEIM,-117.96405029296876,33.83979415893555
81785499,2022,2022-06-01,3010,2022-05-30,1625,1261,451,1,5,6,3010,0,0,0,NA,0,004,MAIN ST,PALM AVE,0,E,Y,A,-,N,NA,NA,NA,NA,NA,NA,NA,NA,NA,Y,4,0,2,2,A,-,09,21802,A,N,D,C,A,A,H,-,A,A,0,NA,NA,NA,NA,Y,NA,A,01,0,0,2,0,0,0,0,0,0,-,-,33.66297912597656,-118.00006103515624,ORANGE,HUNTINGTON BEACH,-117.99894714355467,33.664024353027344
81785515,2022,2022-06-01,3008,2022-04-05,1610,1387,ZONE,2,5,6,3008,0,0,0,NA,0,NA,COMMONWEALTH AVE,BROOKHURST RD,0,NA,Y,A,-,N,NA,NA,NA,NA,NA,NA,NA,NA,NA,Y,3,0,3,2,A,-,09,21801,A,N,D,C,A,A,H,-,A,A,0,NA,NA,NA,NA,Y,NA,A,07,0,3,0,0,0,0,0,0,0,-,-,NA,NA,ORANGE,FULLERTON,-117.95941162109376,33.87013244628906
81787116,2022,2022-06-02,3014,2022-05-18,2213,1590,RD28,3,5,5,3014,0,0,0,NA,0,A2,IRVINE AVE,LINDA LN,201,N,N,A,-,N,NA,NA,NA,NA,NA,NA,NA,NA,NA,Y,3,0,1,2,A,-,03,22350,NA,N,B,E,A,A,C,-,C,D,0,NA,NA,NA,NA,Y,NA,A,01,0,1,0,0,0,0,0,0,0,-,-,NA,NA,ORANGE,NEWPORT BEACH,-117.90125274658205,33.635719299316406
81791739,2022,2022-06-09,3007,2022-05-15,1338,313,46,7,5,5,3007,0,0,0,NA,0,002,SLATER AVE,WARD ST,0,NA,Y,A,-,N,NA,NA,NA,NA,NA,NA,NA,NA,NA,Y,4,0,2,2,A,-,12,21453,A,N,A,C,A,A,H,-,A,A,0,NA,NA,NA,NA,Y,NA,-,-,0,0,2,0,0,0,0,0,0,-,-,NA,NA,ORANGE,FOUNTAIN VALLEY,-117.94570159912108,33.709041595458984
81791872,2022,2022-06-09,3007,2022-05-23,0919,1148,24,1,5,5,3007,0,0,0,NA,0,001,BUSHARD ST,HEIL AVE,0,NA,Y,A,-,N,NA,NA,NA,NA,NA,NA,NA,NA,NA,Y,3,0,2,2,A,-,09,21801,A,N,A,C,A,A,H,-,A,A,0,NA,NA,NA,NA,Y,NA,A,08,0,1,1,0,0,0,0,0,0,-,-,NA,NA,ORANGE,FOUNTAIN VALLEY,-117.96322631835938,33.723331451416016
81793172,2022,2022-06-13,3001,2022-06-03,2234,A1906,D-3,5,5,7,3001,0,0,0,NA,0,D-3,HARBOR BOULEVARD,MANCHESTER AVENUE,237,S,N,A,-,N,NA,NA,NA,NA,NA,NA,NA,NA,NA,N,4,0,2,2,A,-,03,22350,NA,M,C,C,A,A,H,-,C,A,0,NA,NA,NA,NA,Y,NA,A,01,0,0,2,0,0,0,0,0,0,-,-,NA,NA,ORANGE,ANAHEIM,-117.91539764404295,33.81193161010742
81793183,2022,2022-06-13,3001,2022-06-07,2345,A2684,D-2,2,5,7,3001,0,0,0,NA,0,022,WEST STREET,LA PALMA AVENUE (E),300,N,N,A,-,N,NA,NA,NA,NA,NA,NA,NA,NA,NA,N,4,0,1,2,D,-,00,NA,NA,F,D,C,A,A,H,-,C,D,0,NA,NA,NA,NA,Y,NA,-,-,0,0,1,0,0,0,0,0,0,-,-,33.8472900390625,-117.93183135986328,ORANGE,ANAHEIM,-117.93222045898438,33.84798049926758
8179508,2016,2016-12-08,3001,2016-11-21,1553,471,NA,1,5,7,3001,0,0,0,NA,0,0D3,WEST SANTA ANA ST,SOUTH MANCHESTER AV,9,W,N,A,-,N,NA,NA,NA,NA,NA,NA,NA,NA,NA,Y,4,0,1,2,A,-,12,21453,A,N,D,C,A,A,H,-,A,A,0,NA,NA,NA,NA,Y,NA,-,-,0,0,1,0,0,0,0,0,0,-,-,NA,NA,ORANGE,ANAHEIM,-117.92805782,33.82750165
81795455,2022,2022-06-15,3019,2022-05-05,2200,3789,SC,4,5,7,3019,0,0,0,NA,0,004,BISHOP STREET,FLOWER STREET,760,W,N,A,-,N,NA,NA,NA,NA,NA,NA,NA,NA,NA,N,2,0,2,5,A,-,01,23152,A,N,B,E,F,A,H,-,C,D,0,Y,NA,NA,NA,Y,Y,A,01,1,0,1,0,2,0,0,0,0,-,-,33.738739013671875,-117.87667846679688,ORANGE,SANTA ANA,-117.87892150878906,33.739410400390625
81795556,2022,2022-06-15,3008,2022-04-28,0856,1592,ZONE,4,5,6,3008,0,0,0,NA,0,NA,BASTANCHURY RD,ASSOCIATED RD,0,NA,Y,A,-,N,NA,NA,NA,NA,NA,NA,NA,NA,NA,Y,3,0,2,2,A,-,08,22107,NA,N,A,C,A,A,H,-,A,A,0,NA,NA,NA,NA,Y,NA,D,22,0,2,0,0,0,0,0,0,0,-,-,NA,NA,ORANGE,FULLERTON,-117.88562774658205,33.89336013793945
81797174,2022,2022-06-17,3001,2022-06-16,0552,A2187,D-3,4,5,7,3001,0,0,0,NA,0,NA,KATELLA AVENUE,HARBOR BOULEVARD,0,NA,Y,B,-,N,NA,NA,NA,NA,NA,NA,NA,NA,NA,Y,4,0,2,3,A,-,09,21453,C,N,A,C,A,A,H,-,A,A,0,NA,NA,NA,NA,Y,NA,A,07,0,0,2,0,0,0,0,0,0,-,-,NA,NA,ORANGE,ANAHEIM,-117.9154052734375,33.803253173828125
81797214,2022,2022-06-17,3010,2022-06-14,1603,1118,261,2,5,6,3010,0,0,0,NA,0,007,WARNER AVE,GOTHARD ST,535,E,N,A,-,N,NA,NA,NA,NA,NA,NA,NA,NA,NA,Y,3,0,1,1,A,-,03,22350,NA,N,E,I,A,A,H,-,A,D,0,NA,NA,Y,NA,Y,NA,C,02,0,1,0,0,0,0,0,0,1,-,-,33.7145881652832,-118.00012969970705,ORANGE,HUNTINGTON BEACH,-117.99832153320313,33.71562957763672
81799418,2022,2022-06-21,3008,2022-05-08,1516,1616,ZONE,7,5,6,3008,0,0,0,NA,0,NA,MALVERN AVE,BEVERLY DR,108,W,N,A,-,N,NA,NA,NA,NA,NA,NA,NA,NA,NA,Y,4,0,1,3,A,-,07,21658,A,N,C,E,A,A,H,-,A,A,0,NA,NA,NA,NA,Y,NA,A,01,0,0,1,0,0,0,0,0,0,-,-,NA,NA,ORANGE,FULLERTON,-117.94709014892578,33.87533950805664
81800489,2022,2022-06-22,3001,2022-06-17,2112,A2684,NA,5,5,7,3001,0,0,0,NA,0,D-1,ARIEL PLACE,CANOGA STREET,88,E,N,A,-,N,NA,NA,NA,NA,NA,NA,NA,NA,NA,N,2,0,1,2,A,-,11,21954,A,N,G,B,D,A,H,-,A,D,0,Y,NA,NA,NA,Y,NA,N,60,1,0,0,0,1,0,0,0,0,-,-,33.82609176635742,-118.00985717773438,ORANGE,ANAHEIM,-118.00959777832033,33.825984954833984
81801404,2022,2022-06-23,3001,2022-06-21,2224,A2467,D-2,2,5,7,3001,0,0,0,NA,0,NA,LINCOLN AVENUE,STATE COLLEGE BOULEVARD,39,W,N,A,-,N,NA,NA,NA,NA,NA,NA,NA,NA,NA,Y,4,0,1,2,A,-,03,22350,NA,M,C,C,A,A,H,-,C,A,0,NA,NA,NA,NA,Y,NA,A,01,0,0,1,0,0,0,0,0,0,-,-,33.83998107910156,-117.88934326171876,ORANGE,ANAHEIM,-117.88945770263672,33.84003829956055
81802172,2022,2022-07-08,3007,2022-06-11,0726,313,57,6,5,5,3007,0,0,0,NA,0,002,TALBERT AVE,EUCLID STREET,0,NA,Y,B,-,N,NA,NA,NA,NA,NA,NA,NA,NA,NA,Y,4,0,1,2,A,-,12,21453,A,N,D,C,A,A,H,-,A,A,0,NA,NA,NA,NA,Y,NA,A,07,0,0,1,0,0,0,0,0,0,-,-,NA,NA,ORANGE,FOUNTAIN VALLEY,-117.93702697753906,33.701812744140625
81802439,2022,2022-06-24,3001,2022-06-22,1259,A2187,D-2,3,5,7,3001,0,0,0,NA,0,NA,HARBOR BOULEVARD,NORTH STREET,0,NA,Y,A,-,N,NA,NA,NA,NA,NA,NA,NA,NA,NA,Y,4,0,2,3,A,-,12,21453,A,N,D,C,A,A,H,-,A,A,0,NA,NA,NA,NA,Y,NA,A,01,0,0,2,0,0,0,0,0,0,-,-,NA,NA,ORANGE,ANAHEIM,-117.92246246337892,33.842952728271484
81804514,2022,2022-06-28,3001,2022-06-08,1629,A2292,D-3,3,5,7,3001,0,0,0,NA,0,D-3,RAMPART STREET,TOWNE CENTRE PLACE (N),14,S,N,A,-,N,NA,NA,NA,NA,NA,NA,NA,NA,NA,N,3,0,1,2,A,-,09,21801,A,N,A,C,A,A,H,-,A,D,0,NA,NA,NA,NA,Y,NA,A,01,0,1,0,0,0,0,0,0,0,-,-,33.79486083984375,-117.88200378417967,ORANGE,ANAHEIM,-117.8816146850586,33.79488754272461
81806538,2022,2022-06-30,3019,2022-06-18,1755,3720,SC,6,5,7,3019,0,0,0,NA,0,004,WARNER AVENUE,LINDA WAY,610,E,N,-,-,N,NA,NA,NA,NA,NA,NA,NA,NA,NA,Y,3,0,1,1,A,-,01,23152,A,N,E,I,A,A,H,-,A,D,0,NA,NA,NA,NA,Y,Y,A,01,0,1,0,0,0,0,0,0,0,-,-,33.71538162231445,-117.8940200805664,ORANGE,SANTA ANA,-117.89190673828124,33.71590805053711
8180759,2016,2017-03-04,3002,2016-11-18,1837,1630,528Z,5,5,4,3002,0,0,0,NA,0,013,IMPERIAL HWY,RT 57,20,W,N,A,-,Y,ORA,12,90,-,R,12.54,H,-,E,Y,4,0,1,3,A,-,03,22350,NA,N,C,C,A,A,H,-,C,A,0,NA,NA,NA,NA,Y,NA,A,01,0,0,1,0,0,0,0,0,0,-,NF,NA,NA,ORANGE,BREA,-117.88378482,33.91082926
8180818,2016,2016-12-05,3012,2016-11-03,2310,641,NA,4,5,5,3012,0,0,0,NA,0,004,GREENWOOD AV,ORANGE,142,E,N,A,-,N,NA,NA,NA,NA,NA,NA,NA,NA,NA,N,4,0,1,1,A,-,01,23152,E,N,E,J,A,A,H,-,C,D,0,NA,NA,NA,NA,Y,NA,A,01,0,0,1,0,0,0,0,0,0,-,-,NA,NA,ORANGE,LA HABRA,-117.94354295,33.93683377
81808431,2022,2022-07-01,3001,2022-06-27,2028,A2461,D-1,1,5,7,3001,0,0,0,NA,0,D-1,WESTCHESTER DRIVE,LINCOLN AVENUE,125,S,N,A,-,N,NA,NA,NA,NA,NA,NA,NA,NA,NA,N,4,0,1,2,A,-,09,21801,A,N,A,C,A,A,H,-,B,D,0,NA,NA,NA,NA,Y,NA,A,07,0,0,1,0,0,0,0,0,0,-,-,NA,NA,ORANGE,ANAHEIM,-118.00540924072266,33.83155822753906
81808837,2022,2022-07-01,3016,2022-03-11,1052,1293,41,5,5,5,3016,0,0,0,NA,0,002,ORANGETHORPE AVENUE,VAN BUREN STREET,0,NA,Y,A,-,N,NA,NA,NA,NA,NA,NA,NA,NA,NA,Y,4,0,2,2,A,-,12,21453,A,N,D,C,A,A,H,-,A,A,0,NA,NA,NA,NA,Y,NA,A,01,0,0,2,0,0,0,0,0,0,-,-,33.868221282958984,-117.8313217163086,ORANGE,PLACENTIA,-117.83126831054688,33.86817169189453
81808902,2022,2022-07-01,3016,2022-05-24,1705,1300,4,2,5,5,3016,0,0,0,NA,0,001,PLACENTIA AVENUE,LEWIS PLACE,279,N,N,A,-,N,NA,NA,NA,NA,NA,NA,NA,NA,NA,Y,4,0,1,2,A,-,09,21801,A,N,A,C,A,A,H,-,A,D,0,NA,NA,NA,NA,Y,NA,A,01,0,0,1,0,0,0,0,0,0,-,-,33.89421844482422,-117.8721923828125,ORANGE,PLACENTIA,-117.8723373413086,33.894954681396484
81810873,2022,2022-07-06,3008,2022-05-24,1510,1295,ZONE,2,5,6,3008,0,0,0,NA,0,NA,RAYMOND AVE,ORANGETHORPE AVE,123,S,N,A,-,N,NA,NA,NA,NA,NA,NA,NA,NA,NA,Y,4,0,1,2,A,-,09,21804,A,N,D,C,A,A,H,-,A,D,0,NA,NA,NA,NA,Y,NA,D,22,0,0,1,0,0,0,0,0,0,-,-,NA,NA,ORANGE,FULLERTON,-117.90676879882813,33.8592414855957
81812521,2022,2022-07-08,3001,2022-07-06,1422,A1555,D-2,3,5,7,3001,0,0,0,NA,0,D-2,LOARA STREET,CATALPA AVENUE,339,S,N,A,-,N,NA,NA,NA,NA,NA,NA,NA,NA,NA,N,3,0,1,2,A,-,09,21804,A,N,D,C,A,A,H,-,A,D,0,NA,NA,NA,NA,Y,NA,A,01,0,1,0,0,0,0,0,0,0,-,-,33.84281921386719,-117.93692779541016,ORANGE,ANAHEIM,-117.93728637695313,33.8427619934082
81812522,2022,2022-07-08,3001,2022-06-24,0350,A1906,D-2,5,5,7,3001,0,0,0,NA,0,D-2,LA PALMA AVENUE,KEMP STREET,74,W,N,A,-,N,NA,NA,NA,NA,NA,NA,NA,NA,NA,Y,4,0,2,2,A,-,08,22107,NA,N,B,C,A,A,H,-,C,D,0,NA,NA,NA,Y,Y,NA,F,25,0,0,2,0,0,0,0,0,0,-,-,NA,NA,ORANGE,ANAHEIM,-117.91676330566406,33.847251892089844
81813786,2022,2022-07-11,3015,2022-07-08,0932,1563,RD 41,5,5,6,3015,0,0,0,NA,0,731M,STATE COLLEGE BLVD,ANAHEIM WAY,0,NA,Y,A,-,N,NA,NA,NA,NA,NA,NA,NA,NA,NA,Y,4,0,2,2,A,-,12,21453,A,N,D,C,A,A,H,-,A,A,0,NA,NA,NA,NA,Y,NA,A,01,0,0,2,0,0,0,0,0,0,-,-,NA,NA,ORANGE,ORANGE,-117.8899383544922,33.792667388916016
81813809,2022,2022-07-11,3010,2022-07-06,1603,2211,136,3,5,6,3010,0,0,0,NA,0,009,BOLSA CHICA ST,BOLSA AVE,520,S,N,A,-,N,NA,NA,NA,NA,NA,NA,NA,NA,NA,N,4,0,1,2,A,-,04,21703,NA,F,C,C,A,A,H,-,A,D,0,NA,NA,NA,NA,Y,NA,A,07,0,0,1,0,0,0,0,0,0,-,-,33.74393081665039,-118.04129028320313,ORANGE,HUNTINGTON BEACH,-118.04166412353516,33.74290466308594
81814729,2022,2022-07-12,3001,2022-07-09,1656,A1252,D-3,6,5,7,3001,0,0,0,NA,0,NA,CLEMENTINE STREET,DISNEY WAY,0,NA,Y,A,-,N,NA,NA,NA,NA,NA,NA,NA,NA,NA,Y,3,0,1,2,A,-,12,21453,A,N,D,C,A,A,H,-,A,A,0,NA,NA,NA,NA,Y,NA,A,07,0,1,0,0,0,0,0,0,0,-,-,33.80717086791992,-117.9101333618164,ORANGE,ANAHEIM,-117.91007232666016,33.806968688964844
81815576,2022,2022-07-13,3022,2022-06-12,1718,1247,NORTH,7,5,5,3022,0,0,0,NA,0,001,MAIN ST,NEWPORT AV (E),0,NA,Y,A,-,N,NA,NA,NA,NA,NA,NA,NA,NA,NA,N,4,0,1,2,A,-,21,22106,NA,N,D,G,A,A,H,-,A,A,0,NA,Y,NA,NA,Y,NA,A,01,0,0,1,0,0,0,1,0,0,-,-,33.741859436035156,-117.81788635253906,ORANGE,TUSTIN,-117.81819152832033,33.74215316772461
81815602,2022,2022-07-13,3001,2022-06-19,1158,A2582,D-1,7,5,7,3001,0,0,0,NA,0,012,ORANGE AVENUE,DANBROOK DRIVE,0,NA,Y,A,-,N,NA,NA,NA,NA,NA,NA,NA,NA,NA,Y,4,0,2,2,A,-,09,21802,A,N,D,C,A,A,H,-,A,D,0,NA,NA,NA,NA,Y,NA,A,01,0,0,2,0,0,0,0,0,0,-,-,33.82469177246094,-118.00827026367188,ORANGE,ANAHEIM,-118.00826263427734,33.82459259033203
81816703,2022,2022-07-14,3019,2022-05-20,0722,3637,WE,5,5,7,3019,0,0,0,NA,0,001,FAIRVIEW STREET,HIGHLAND STREET,0,NA,Y,C,-,N,NA,NA,NA,NA,NA,NA,NA,NA,NA,Y,4,0,1,2,A,-,09,21804,A,N,A,C,A,B,H,-,A,D,0,NA,NA,NA,NA,Y,NA,A,07,0,0,1,0,0,0,0,0,0,-,-,33.736820220947266,-117.90699768066406,ORANGE,SANTA ANA,-117.9067840576172,33.73707580566406
8181718,2016,2017-03-02,3008,2016-09-17,1344,1177,NA,6,5,6,3008,0,0,0,NA,0,2    3,NUTWOOD AV,RT 57,0,NA,Y,A,-,Y,ORA,12,57,-,-,17.413,R,4,N,Y,4,0,1,2,A,-,12,21453,A,N,D,C,A,A,H,-,A,A,0,NA,NA,NA,NA,Y,NA,D,22,0,0,1,0,0,0,0,0,0,-,NF,NA,NA,ORANGE,FULLERTON,-117.88022911,33.87552826
8181847,2016,2016-12-07,3010,2016-11-18,0847,1176,241,5,5,6,3010,0,0,0,NA,0,009,EDINGER,GOLDENWEST,922,E,N,A,-,N,NA,NA,NA,NA,NA,NA,NA,NA,NA,Y,4,0,2,2,A,-,07,21658,A,N,D,C,A,A,H,-,A,D,0,NA,NA,NA,NA,Y,NA,A,01,0,0,2,0,0,0,0,0,0,-,-,NA,NA,ORANGE,HUNTINGTON BEACH,-118.00374454,33.73011
81820977,2022,2022-07-20,3008,2022-06-05,0139,1605,ZONE,7,5,6,3008,0,0,0,NA,0,NA,EUCLID ST,WILSHIRE AVE,0,NA,Y,A,-,N,NA,NA,NA,NA,NA,NA,NA,NA,NA,Y,4,0,1,1,A,-,01,23152,A,N,E,I,A,A,H,-,C,D,0,NA,NA,NA,NA,Y,Y,A,01,0,0,1,0,0,0,0,0,0,-,-,NA,NA,ORANGE,FULLERTON,-117.94198608398438,33.87211227416992
8182115,2016,2016-12-06,3008,2016-10-01,1058,1491,NA,6,5,6,3008,0,0,0,NA,0,003,ASSOCIATED RD,ROLLING HILLS DR,1056,N,N,A,-,N,NA,NA,NA,NA,NA,NA,NA,NA,NA,Y,2,0,1,1,A,-,01,23152,A,N,E,I,A,A,H,-,A,D,0,NA,NA,NA,NA,Y,Y,A,01,1,0,0,0,0,0,0,0,0,-,-,NA,NA,ORANGE,FULLERTON,-117.88257988,33.90628023
8182131,2016,2016-12-07,3008,2016-10-01,1722,1445,NA,6,5,6,3008,0,0,0,NA,0,0Z1,PIONEER AV,GILBERT ST,0,NA,Y,A,-,N,NA,NA,NA,NA,NA,NA,NA,NA,NA,Y,3,0,2,2,A,-,12,21453,A,N,D,C,A,A,H,-,A,A,0,NA,NA,NA,NA,Y,NA,A,01,0,2,0,0,0,0,0,0,0,-,-,NA,NA,ORANGE,FULLERTON,-117.96614002,33.88819003
81823458,2022,2022-07-25,3001,2022-07-07,1551,A2367,D-3,4,5,7,3001,0,0,0,NA,0,D-3,HARBOR BOULEVARD,SOUTH STREET,559,S,N,A,-,N,NA,NA,NA,NA,NA,NA,NA,NA,NA,Y,4,0,2,3,A,-,09,21804,A,N,D,C,A,A,H,-,A,D,0,NA,NA,NA,NA,Y,NA,A,01,0,0,2,0,0,0,0,0,0,-,-,NA,NA,ORANGE,ANAHEIM,-117.91618347167967,33.82392501831055
8182914,2016,2017-03-02,3002,2016-11-25,1301,1562,528Z,5,5,4,3002,0,0,0,NA,0,013,IMPERIAL HWY,RT 57,112,W,N,A,-,Y,ORA,12,90,-,R,5.54,H,-,W,N,4,0,2,2,A,-,07,21658,A,N,C,C,A,A,H,-,A,A,0,NA,NA,NA,Y,Y,NA,A,01,0,0,2,0,0,0,0,0,0,-,-,NA,NA,ORANGE,BREA,-117.88200212,33.91081392
81829306,2022,2022-08-01,3001,2022-07-24,0246,A1906,D-2,7,5,7,3001,0,0,0,NA,0,D-2,EUCLID STREET,LINCOLN AVENUE,39,S,N,A,-,N,NA,NA,NA,NA,NA,NA,NA,NA,NA,Y,4,0,2,2,A,-,03,22350,NA,M,C,C,A,A,H,-,C,A,0,NA,NA,NA,NA,Y,NA,A,01,0,0,2,0,0,0,0,0,0,-,-,NA,NA,ORANGE,ANAHEIM,-117.94148254394533,33.83243942260742
81829704,2022,2022-08-01,3002,2022-07-07,1125,1671,NA,4,5,4,3002,0,0,0,NA,0,013,BIRCH ST,STATE COLLEGE BL,0,NA,Y,A,-,Y,NA,NA,NA,NA,NA,NA,NA,NA,NA,N,4,0,1,2,A,-,03,22350,NA,N,C,C,A,A,H,-,A,A,0,NA,NA,NA,NA,Y,NA,A,01,0,0,1,0,0,0,0,0,0,-,-,33.917930603027344,-117.88298797607422,ORANGE,BREA,-117.88298034667967,33.917884826660156
81830732,2022,2022-08-02,3019,2022-06-10,1930,3673,NE,5,5,7,3019,0,0,0,NA,0,002,GRAND AVENUE,SANTA ANA BOULEVARD,0,NA,Y,A,-,N,NA,NA,NA,NA,NA,NA,NA,NA,NA,N,4,0,1,2,A,-,12,21453,A,N,D,C,A,A,H,-,A,A,0,NA,NA,NA,NA,Y,NA,-,-,0,0,1,0,0,0,0,0,0,-,-,33.75428009033203,-117.85196685791016,ORANGE,SANTA ANA,-117.85195159912108,33.75434875488281
81830818,2022,2022-08-02,3019,2022-06-22,1512,3382,WE,3,5,7,3019,0,0,0,NA,0,001,NEWHOPE STREET,17TH STREET,0,NA,Y,A,-,N,NA,NA,NA,NA,NA,NA,NA,NA,NA,Y,4,0,1,5,A,-,12,21453,A,N,D,C,A,A,H,-,A,A,0,NA,NA,NA,NA,Y,NA,A,01,0,0,1,0,0,0,0,0,0,-,-,NA,NA,ORANGE,SANTA ANA,NA,NA
81830872,2022,2022-08-02,3019,2022-06-29,2323,3770,SE,3,5,7,3019,0,0,0,NA,0,003,WARNER AVENUE,WRIGHT STREET,0,NA,Y,-,-,N,NA,NA,NA,NA,NA,NA,NA,NA,NA,N,3,0,1,2,A,-,09,21801,A,N,D,C,A,A,H,-,C,A,0,NA,NA,NA,NA,Y,Y,A,01,0,1,0,0,0,0,0,0,0,-,-,33.714839935302734,-117.84770965576172,ORANGE,SANTA ANA,-117.84703063964844,33.71588897705078
81836010,2022,2022-08-09,3024,2022-06-12,1450,400,P-23,7,5,5,3024,0,0,0,NA,0,WEST,HOOVER STREET,HAZARD AVENUE,330,S,N,A,-,N,NA,NA,NA,NA,NA,NA,NA,NA,NA,N,3,0,1,1,A,-,08,22107,NA,N,E,I,A,A,H,-,A,D,0,NA,NA,NA,NA,Y,NA,A,01,0,1,0,0,0,0,0,0,0,-,-,33.75143814086914,-118.00109100341795,ORANGE,WESTMINSTER,-117.99838256835938,33.7510986328125
81838604,2022,2022-08-12,3001,2022-08-10,1208,A2752,D-3,3,5,7,3001,0,0,0,NA,0,NA,BROADWAY,EAST STREET,0,NA,Y,A,-,N,NA,NA,NA,NA,NA,NA,NA,NA,NA,Y,4,0,1,2,A,-,12,21453,A,N,D,C,A,A,H,-,A,A,0,NA,NA,NA,NA,Y,NA,D,22,0,0,1,0,0,0,0,0,0,-,-,33.83607864379883,-117.90213775634766,ORANGE,ANAHEIM,-117.90193939208984,33.83592224121094
81839668,2022,2022-08-15,3019,2022-07-16,0550,3727,NE,6,5,7,3019,0,0,0,NA,0,002,17TH STREET,GRAND AVENUE,0,NA,Y,A,-,N,NA,NA,NA,NA,NA,NA,NA,NA,NA,Y,4,0,2,3,A,-,12,21453,A,N,D,C,A,A,H,-,A,A,0,NA,NA,NA,NA,Y,NA,A,07,0,0,2,0,0,0,0,0,0,-,-,33.75992965698242,-117.85192108154295,ORANGE,SANTA ANA,-117.85192108154295,33.759918212890625
81839860,2022,2022-08-15,3007,2022-08-06,1434,316,52,6,5,5,3007,0,0,0,NA,0,001,MAGNOLIA,SWORDFISH,0,NA,Y,A,-,N,NA,NA,NA,NA,NA,NA,NA,NA,NA,Y,4,0,1,2,A,-,09,21804,A,N,D,C,A,A,H,-,A,D,0,NA,NA,NA,NA,Y,NA,A,01,0,0,1,0,0,0,0,0,0,-,-,NA,NA,ORANGE,FOUNTAIN VALLEY,-117.97177124023438,33.70265197753906
8184040,2016,2016-12-14,3008,2016-10-07,1646,1177,NA,5,5,6,3008,0,0,0,NA,0,0Z2,BERKELEY AV,CHAPMAN AV,461,N,N,A,-,N,NA,NA,NA,NA,NA,NA,NA,NA,NA,Y,3,0,3,5,A,-,08,22107,NA,N,B,B,E,A,H,-,A,D,0,Y,NA,NA,NA,Y,NA,A,01,0,2,1,0,2,0,0,0,0,-,-,NA,NA,ORANGE,FULLERTON,-117.91425954,33.87528382
81841262,2022,2022-08-16,3014,2022-08-13,1130,1572,RD39,6,5,5,3014,0,0,0,NA,0,A3,SR -1 (E. COAST HWY),JAMBOREE RD,70,E,N,A,-,N,NA,NA,NA,NA,NA,NA,NA,NA,NA,Y,3,0,1,1,A,-,03,22350,NA,N,E,I,A,A,H,-,A,A,0,NA,NA,Y,NA,Y,NA,C,02,0,1,0,0,0,0,0,0,1,-,-,33.612979888916016,-117.89029693603516,ORANGE,NEWPORT BEACH,-117.89096069335938,33.61294937133789