CASE_ID,ACCIDENT_YEAR,PROC_DATE,JURIS,COLLISION_DATE,COLLISION_TIME,OFFICER_ID,REPORTING_DISTRICT,DAY_OF_WEEK,CHP_SHIFT,POPULATION,CNTY_CITY_LOC,SPECIAL_COND,BEAT_TYPE,CHP_BEAT_TYPE,CITY_DIVISION_LAPD,CHP_BEAT_CLASS,BEAT_NUMBER,PRIMARY_RD,SECONDARY_RD,DISTANCE,DIRECTION,INTERSECTION,WEATHER_1,WEATHER_2,STATE_HWY_IND,CALTRANS_COUNTY,CALTRANS_DISTRICT,STATE_ROUTE,ROUTE_SUFFIX,POSTMILE_PREFIX,POSTMILE,LOCATION_TYPE,RAMP_INTERSECTION,SIDE_OF_HWY,TOW_AWAY,COLLISION_SEVERITY,NUMBER_KILLED,NUMBER_INJURED,PARTY_COUNT,PRIMARY_COLL_FACTOR,PCF_CODE_OF_VIOL,PCF_VIOL_CATEGORY,PCF_VIOLATION,PCF_VIOL_SUBSECTION,HIT_AND_RUN,TYPE_OF_COLLISION,MVIW,PED_ACTION,ROAD_SURFACE,ROAD_COND_1,ROAD_COND_2,LIGHTING,CONTROL_DEVICE,CHP_ROAD_TYPE,PEDESTRIAN_ACCIDENT,BICYCLE_ACCIDENT,MOTORCYCLE_ACCIDENT,TRUCK_ACCIDENT,NOT_PRIVATE_PROPERTY,ALCOHOL_INVOLVED,STWD_VEHTYPE_AT_FAULT,CHP_VEHTYPE_AT_FAULT,COUNT_SEVERE_INJ,COUNT_VISIBLE_INJ,COUNT_COMPLAINT_PAIN,COUNT_PED_KILLED,COUNT_PED_INJURED,COUNT_BICYCLIST_KILLED,COUNT_BICYCLIST_INJURED,COUNT_MC_KILLED,COUNT_MC_INJURED,PRIMARY_RAMP,SECONDARY_RAMP,LATITUDE,LONGITUDE,COUNTY,CITY,POINT_X,POINT_Y
81841662,2022,2023-06-01,3014,2022-08-01,2300,1570,RD12,1,5,5,3014,0,0,0,NA,0,A1,BALBOA BLVD,MEDINA WAY,200,W,N,A,-,N,NA,NA,NA,NA,NA,NA,NA,NA,NA,Y,3,0,2,2,A,-,03,22350,NA,M,B,C,A,A,H,-,D,D,0,NA,NA,NA,NA,Y,NA,A,07,0,1,1,0,0,0,0,0,0,-,-,33.603599548339844,-117.90550231933594,ORANGE,NEWPORT BEACH,-117.9054718017578,33.6037483215332
81842958,2022,2022-08-18,3022,2022-08-02,2242,1396,NA,2,5,5,3022,0,0,0,NA,0,NA,WALNUT AV,FRANKLIN AV,40,W,N,A,-,N,NA,NA,NA,NA,NA,NA,NA,NA,NA,Y,4,0,1,2,A,-,01,23152,A,N,C,C,A,A,H,-,C,A,0,NA,NA,NA,NA,Y,Y,A,01,0,0,1,0,0,0,0,0,0,-,-,33.71678161621094,-117.80793762207033,ORANGE,TUSTIN,-117.80811309814452,33.716739654541016
81844780,2022,2022-08-22,3008,2022-07-10,1608,1643,ZONE,7,5,6,3008,0,0,0,NA,0,NA,EUCLID ST,WILLIAMSON AVE,0,NA,Y,A,-,N,NA,NA,NA,NA,NA,NA,NA,NA,NA,N,3,0,1,2,A,-,11,21954,A,N,G,B,D,A,H,-,A,D,0,Y,NA,NA,NA,Y,NA,N,60,0,1,0,0,1,0,0,0,0,-,-,NA,NA,ORANGE,FULLERTON,-117.94194793701172,33.869178771972656
81847142,2022,2022-08-24,3001,2022-08-15,1952,A2796,D-2,1,5,7,3001,0,0,0,NA,0,D-2,ANAHEIM SHORES DR,LA PALMA AVENUE,9,N,N,A,-,N,NA,NA,NA,NA,NA,NA,NA,NA,NA,N,4,0,1,2,A,-,05,21650,1,N,H,G,A,A,H,-,C,A,0,NA,Y,NA,NA,Y,NA,L,04,0,0,1,0,0,0,1,0,0,-,-,33.84669876098633,-117.95175933837892,ORANGE,ANAHEIM,-117.95180511474608,33.84705352783203
81850388,2022,2022-08-26,3024,2022-07-21,1825,412,P-04,4,5,5,3024,0,0,0,NA,0,WEST,TRASK AVENUE,SISKIYOU STREET,0,NA,Y,A,-,N,NA,NA,NA,NA,NA,NA,NA,NA,NA,N,3,0,1,2,A,-,03,22350,NA,N,C,C,A,A,H,-,A,A,0,NA,NA,NA,NA,Y,NA,A,01,0,1,0,0,0,0,0,0,0,-,-,33.76601028442383,-118.01360321044922,ORANGE,WESTMINSTER,-118.01116180419922,33.766380310058594
81852637,2022,2022-08-30,3001,2022-08-09,1428,A1825,NA,2,5,7,3001,0,0,0,NA,0,NA,LEMON STREET,BALL ROAD,308,N,N,A,-,N,NA,NA,NA,NA,NA,NA,NA,NA,NA,Y,3,0,2,2,A,-,09,21804,A,N,D,C,A,A,H,-,A,D,0,NA,NA,NA,NA,Y,NA,A,07,0,2,0,0,0,0,0,0,0,-,-,NA,NA,ORANGE,ANAHEIM,-117.91046905517578,33.81884002685547
81853892,2022,2022-08-31,3019,2022-07-25,0654,3637,SC,1,5,7,3019,0,0,0,NA,0,004,SEGERSTROM AVENUE,HARBOR BOULEVARD,0,NA,Y,B,-,N,NA,NA,NA,NA,NA,NA,NA,NA,NA,N,3,0,1,2,A,-,09,21801,A,N,B,C,A,A,H,-,A,A,0,NA,NA,Y,NA,Y,NA,C,02,0,1,0,0,0,0,0,0,1,-,-,33.70886993408203,-117.92003631591795,ORANGE,SANTA ANA,-117.91975402832033,33.70865249633789
81855842,2022,2022-09-02,3001,2022-08-26,2140,A1047,NA,5,5,7,3001,0,0,0,NA,0,D-2,LEMON STREET,RT 91 WBOFF/R,0,NA,Y,A,-,Y,NA,NA,NA,NA,NA,NA,NA,NA,NA,Y,4,0,2,2,A,-,12,21453,A,N,D,C,A,A,H,-,C,A,0,NA,NA,NA,NA,Y,NA,A,01,0,0,2,0,0,0,0,0,0,-,-,33.85340881347656,-117.9193115234375,ORANGE,ANAHEIM,-117.91980743408205,33.854312896728516
81855944,2022,2022-09-02,3024,2022-07-10,2023,504,P-28,7,5,5,3024,0,0,0,NA,0,EAST,BOLSA AVENUE,PAGODA,0,NA,Y,A,-,N,NA,NA,NA,NA,NA,NA,NA,NA,NA,Y,4,0,3,2,A,-,12,21453,A,F,D,C,A,A,H,-,C,A,0,NA,NA,NA,NA,Y,NA,A,01,0,0,3,0,0,0,0,0,0,-,-,NA,NA,ORANGE,WESTMINSTER,NA,NA
81857157,2022,2022-09-05,3024,2022-06-24,2303,475,P-05,5,5,5,3024,0,0,0,NA,0,WEST,HOOVER STREET,GARDEN GROVE BOULEVARD,700,S,N,A,-,N,NA,NA,NA,NA,NA,NA,NA,NA,NA,Y,3,0,2,2,A,-,01,23152,A,N,A,C,A,A,H,-,C,D,0,NA,NA,NA,NA,Y,Y,A,01,0,1,1,0,0,0,0,0,0,-,-,33.773651123046875,-117.99861145019533,ORANGE,WESTMINSTER,-117.99858856201172,33.77184295654297
81858439,2022,2022-09-07,3001,2022-09-04,1451,A2194,D-3,7,5,7,3001,0,0,0,NA,0,D-3,LOARA STREET,BROADWAY,0,NA,Y,A,-,N,NA,NA,NA,NA,NA,NA,NA,NA,NA,N,3,0,4,3,A,-,12,21453,A,M,D,C,A,A,H,-,A,A,0,NA,NA,NA,NA,Y,NA,D,22,0,1,3,0,0,0,0,0,0,-,-,33.828041076660156,-117.93707275390624,ORANGE,ANAHEIM,-117.93714904785156,33.82892990112305
81860413,2022,2022-09-09,3015,2022-08-29,1538,1250,RD147,1,5,6,3015,0,0,0,NA,0,711M,CANNON ST,TAFT AVE,400,S,N,A,-,N,NA,NA,NA,NA,NA,NA,NA,NA,NA,N,4,0,1,2,A,-,07,21658,A,N,B,C,A,A,H,-,A,D,0,NA,NA,NA,NA,Y,NA,A,01,0,0,1,0,0,0,0,0,0,-,-,33.81639862060547,-117.7952117919922,ORANGE,ORANGE,-117.79530334472656,33.81666946411133
8186069,2016,2016-12-29,3000,2016-11-07,1709,5163,951H1,1,5,5,3040,0,0,0,NA,0,743,MOULTON PKWY,RANCHO NIGUEL RD,128,S,N,A,-,N,NA,NA,NA,NA,NA,NA,NA,NA,NA,Y,4,0,2,2,A,-,03,22350,NA,N,C,C,A,A,H,-,B,D,0,NA,NA,NA,NA,Y,NA,A,01,0,0,2,0,0,0,0,0,0,-,-,NA,NA,ORANGE,LAGUNA NIGUEL,-117.69724502,33.55014978
81864882,2022,2022-09-15,3010,2022-09-07,0831,2137,149,3,5,6,3010,0,0,0,NA,0,009,EDWARDS ST,NCLP STARSHINE,9,S,N,-,-,N,NA,NA,NA,NA,NA,NA,NA,NA,NA,Y,3,0,1,2,A,-,09,21802,A,N,D,C,A,A,H,-,A,A,0,NA,NA,NA,NA,Y,NA,A,01,0,1,0,0,0,0,0,0,0,-,-,NA,NA,ORANGE,HUNTINGTON BEACH,-118.0155792236328,33.73464584350586
81865996,2022,2022-09-16,3010,2022-09-09,1615,1015,128,5,5,6,3010,0,0,0,NA,0,009,SPRINGDALE ST,GLENWOOD DR,0,NA,Y,B,C,N,NA,NA,NA,NA,NA,NA,NA,NA,NA,N,4,0,1,2,A,-,03,22350,NA,N,H,G,A,B,H,-,A,A,0,NA,Y,NA,NA,Y,NA,A,07,0,0,1,0,0,0,1,0,0,-,-,33.75046920776367,-118.0243682861328,ORANGE,HUNTINGTON BEACH,-118.02456665039063,33.750450134277344
81866049,2022,2022-09-16,3019,2022-08-05,0639,3692,SE,5,5,7,3019,0,0,0,NA,0,003,WARNER AVENUE,ORANGE AVENUE (E),153,E,N,A,-,N,NA,NA,NA,NA,NA,NA,NA,NA,NA,N,3,0,1,1,A,-,08,22107,NA,N,E,I,A,A,H,-,A,D,0,NA,NA,NA,NA,Y,NA,A,01,0,1,0,0,0,0,0,0,0,-,-,33.715179443359375,-117.86582183837892,ORANGE,SANTA ANA,-117.86484527587892,33.71603012084961
81866185,2022,2022-09-16,3019,2022-09-12,1559,3823,WE,1,5,7,3019,0,0,0,NA,0,001,EUCLID STREET,BARBETTE AVENUE,67,N,N,A,-,N,NA,NA,NA,NA,NA,NA,NA,NA,NA,N,3,0,2,3,A,-,08,22100,A,N,D,C,A,A,H,-,A,D,0,NA,NA,NA,NA,Y,NA,A,01,0,1,1,0,0,0,0,0,0,-,-,33.74116134643555,-117.93762969970705,ORANGE,SANTA ANA,-117.93743133544922,33.7412223815918
81867043,2022,2022-09-19,3015,2022-09-12,1805,1536,RD23E,1,5,6,3015,0,0,0,NA,0,DESK,TUSTIN ST,CHAPMAN AVE,0,NA,Y,A,-,N,NA,NA,NA,NA,NA,NA,NA,NA,NA,N,3,0,1,2,A,-,10,21950,A,F,G,B,B,A,H,-,A,A,0,Y,NA,NA,NA,Y,NA,A,01,0,1,0,0,1,0,0,0,0,-,-,33.78786087036133,-117.83567810058594,ORANGE,ORANGE,-117.8357391357422,33.78782653808594
81868435,2022,2022-09-20,3001,2022-09-09,1534,A2503,D-3,5,5,7,3001,0,0,0,NA,0,D-3,WALNUT STREET,ELDERWOOD AVENUE,45,N,N,C,-,N,NA,NA,NA,NA,NA,NA,NA,NA,NA,N,4,0,1,2,A,-,03,22350,NA,N,C,E,A,B,H,-,A,D,0,NA,NA,NA,NA,Y,NA,A,01,0,0,1,0,0,0,0,0,0,-,-,33.82535171508789,-117.9286880493164,ORANGE,ANAHEIM,-117.92849731445313,33.82543182373047
81869531,2022,2022-09-21,3008,2022-08-03,1214,1159,ZONE,3,5,6,3008,0,0,0,NA,0,NA,HIGHLAND AVE,TRUSLOW AVE,66,N,N,A,-,N,NA,NA,NA,NA,NA,NA,NA,NA,NA,N,4,0,1,2,A,-,08,22102,NA,N,B,C,A,A,H,-,A,D,0,NA,NA,NA,NA,Y,NA,A,01,0,0,1,0,0,0,0,0,0,-,-,NA,NA,ORANGE,FULLERTON,-117.92867279052734,33.867469787597656
81871590,2022,2022-09-23,3010,2022-09-20,0659,1118,411,2,5,6,3010,0,0,0,NA,0,005,GOLDENWEST ST,ELLIS AVE,0,NA,Y,A,-,N,NA,NA,NA,NA,NA,NA,NA,NA,NA,Y,1,1,1,2,A,-,09,21453,C,N,A,C,A,A,H,-,A,A,0,NA,NA,NA,NA,Y,NA,A,07,0,1,0,0,0,0,0,0,0,-,-,33.6928596496582,-118.00679779052734,ORANGE,HUNTINGTON BEACH,-118.00636291503906,33.693748474121094
81873927,2022,2022-09-27,3022,2022-09-16,1423,1380,SOUTH,5,5,5,3022,0,0,0,NA,0,NA,NEWPORT AV,MC FADDEN AV,194,N,N,A,-,N,NA,NA,NA,NA,NA,NA,NA,NA,NA,N,4,0,1,2,A,-,03,22350,NA,N,C,C,A,A,H,-,A,A,0,NA,NA,NA,NA,Y,NA,A,01,0,0,1,0,0,0,0,0,0,-,-,33.733909606933594,-117.82652282714844,ORANGE,TUSTIN,-117.82602691650392,33.73416519165039
81875953,2022,2022-09-28,3014,2022-09-23,1313,1527,RD33,5,5,5,3014,0,0,0,NA,0,A3,ORCHARD DR,SANTA ANA AVE,100,E,N,A,-,N,NA,NA,NA,NA,NA,NA,NA,NA,NA,N,4,0,1,1,A,-,03,22350,NA,N,H,G,A,A,H,-,A,D,0,NA,Y,NA,NA,Y,NA,L,04,0,0,1,0,0,0,1,0,0,-,-,33.663490295410156,-117.8844985961914,ORANGE,NEWPORT BEACH,-117.88459777832033,33.66358184814453
81876157,2022,2022-09-29,3001,2022-09-26,1313,A2382,NA,1,5,7,3001,0,0,0,NA,0,D-2,MIRALOMA AVENUE,SUNSHINE WAY,0,NA,Y,A,-,N,NA,NA,NA,NA,NA,NA,NA,NA,NA,Y,3,0,3,2,A,-,12,21453,A,N,D,C,A,A,H,-,A,A,0,NA,NA,NA,NA,Y,NA,-,-,0,2,1,0,0,0,0,0,0,-,-,NA,NA,ORANGE,ANAHEIM,-117.87783050537108,33.85285949707031
81878342,2022,2022-09-30,3001,2022-09-07,2046,A1397,NA,3,5,7,3001,0,0,0,NA,0,D-2,ANAHEIM BOULEVARD,CARL KARCHER WAY,112,S,N,A,-,N,NA,NA,NA,NA,NA,NA,NA,NA,NA,N,3,0,1,2,A,-,05,21650,1,N,D,G,A,A,H,-,C,D,0,NA,Y,NA,NA,Y,NA,L,04,0,1,0,0,0,0,1,0,0,-,-,NA,NA,ORANGE,ANAHEIM,-117.91983795166016,33.85054397583008
81879500,2022,2022-10-03,3008,2022-08-20,1342,1606,ZONE,6,5,6,3008,0,0,0,NA,0,NA,BROOKHURST RD,91 RAMP (S),20,N,N,A,-,N,NA,NA,NA,NA,NA,NA,NA,NA,NA,Y,4,0,1,2,A,-,08,22107,NA,N,D,C,A,A,H,-,A,A,0,NA,NA,NA,NA,Y,NA,A,01,0,0,1,0,0,0,0,0,0,-,-,NA,NA,ORANGE,FULLERTON,-117.95921325683594,33.853355407714844
81879708,2022,2022-10-03,3022,2022-08-28,0847,1384,NA,7,5,5,3022,0,0,0,NA,0,NA,NEWPORT AV,MC FADDEN AV,138,N,N,B,-,N,NA,NA,NA,NA,NA,NA,NA,NA,NA,Y,3,0,1,1,A,-,01,23152,F,N,E,I,A,A,H,-,A,D,0,NA,NA,NA,NA,Y,NA,-,-,0,1,0,0,0,0,0,0,0,-,-,33.733909606933594,-117.82652282714844,ORANGE,TUSTIN,-117.82614135742188,33.734046936035156
8188212,2016,2016-12-13,3015,2016-11-25,0344,1531,44S,5,5,6,3015,0,0,0,NA,0,121,S WRIGHTWOOD ST,E LA VETA AV,16,N,N,A,-,N,NA,NA,NA,NA,NA,NA,NA,NA,NA,Y,4,0,1,1,A,-,01,23152,A,N,E,I,A,A,H,-,C,D,0,NA,NA,NA,NA,Y,Y,A,01,0,0,1,0,0,0,0,0,0,-,-,NA,NA,ORANGE,ORANGE,-117.80908954,33.78034386
81882524,2022,2022-10-05,3008,2022-08-24,1242,1159,ZONE,3,5,6,3008,0,0,0,NA,0,NA,MALVERN AVE,ALBERTSONS WAY,218,E,N,A,-,N,NA,NA,NA,NA,NA,NA,NA,NA,NA,Y,4,0,1,1,A,-,08,22107,NA,N,E,I,A,A,H,-,A,D,0,NA,NA,NA,NA,Y,NA,A,01,0,0,1,0,0,0,0,0,0,-,-,NA,NA,ORANGE,FULLERTON,NA,NA
81884672,2022,2022-10-07,3019,2022-10-02,2113,3615,NE,7,5,7,3019,0,0,0,NA,0,002,16TH STREET,BUSH STREET,0,NA,Y,A,-,N,NA,NA,NA,NA,NA,NA,NA,NA,NA,N,4,0,1,2,A,-,05,21650,1,N,D,G,A,A,H,-,C,D,0,NA,Y,NA,NA,Y,NA,L,04,0,0,1,0,0,0,1,0,0,-,-,33.75912094116211,-117.86640167236328,ORANGE,SANTA ANA,-117.86634826660156,33.7589111328125
81884842,2022,2022-10-07,3024,2022-08-15,2239,472,P-35,1,5,5,3024,0,0,0,NA,0,EAST,BOLSA AVENUE,BUSHARD STREET,0,NA,Y,A,-,N,NA,NA,NA,NA,NA,NA,NA,NA,NA,N,3,0,1,2,A,-,12,21453,A,N,D,C,A,A,H,-,C,A,0,NA,NA,NA,NA,Y,NA,-,-,0,1,0,0,0,0,0,0,0,-,-,33.7447509765625,-117.96351623535156,ORANGE,WESTMINSTER,-117.96354675292967,33.74496078491211
81885154,2022,2022-11-29,3014,2022-09-26,1616,1527,RD44,1,5,5,3014,0,0,0,NA,0,A4,SR-1 (E COAST HWY),JASMINE AVE,0,NA,Y,A,-,Y,NA,NA,NA,NA,NA,NA,NA,NA,NA,N,4,0,1,2,A,-,03,22350,NA,M,C,C,A,A,H,-,A,D,0,NA,NA,NA,NA,Y,NA,D,22,0,0,1,0,0,0,0,0,0,-,-,33.59809875488281,-117.87159729003906,ORANGE,NEWPORT BEACH,-117.87181854248048,33.598243713378906
81886857,2022,2022-10-11,3001,2022-10-08,1645,A1047,NA,6,5,7,3001,0,0,0,NA,0,D-2,PLACENTIA AVENUE,STATE COLLEGE BOULEVARD,325,E,N,A,-,N,NA,NA,NA,NA,NA,NA,NA,NA,NA,Y,3,0,2,3,C,-,18,NA,NA,N,A,C,A,A,H,-,A,D,0,NA,NA,NA,NA,Y,NA,-,-,0,1,1,0,0,0,0,0,0,-,-,NA,NA,ORANGE,ANAHEIM,-117.88825988769533,33.85129165649414
81886911,2022,2022-10-11,3010,2022-10-01,1149,1107,271,6,5,6,3010,0,0,0,NA,0,006,WARNER AVE,GOLDENWEST ST,37,E,N,A,-,N,NA,NA,NA,NA,NA,NA,NA,NA,NA,Y,4,0,2,2,D,-,00,NA,NA,N,D,C,A,A,H,-,A,A,0,NA,NA,NA,NA,Y,NA,-,-,0,0,2,0,0,0,0,0,0,-,-,33.71464920043945,-118.00665283203124,ORANGE,HUNTINGTON BEACH,-118.0065460205078,33.71548843383789
81886938,2022,2022-10-11,3008,2022-08-30,1400,1159,ZONE,2,5,6,3008,0,0,0,NA,0,NA,BREA BLVD,LONGVIEW DR,30,N,N,A,-,N,NA,NA,NA,NA,NA,NA,NA,NA,NA,Y,3,0,1,2,A,-,09,21800,A,N,C,C,A,A,H,-,A,D,0,NA,NA,NA,NA,Y,NA,A,01,0,1,0,0,0,0,0,0,0,-,-,NA,NA,ORANGE,FULLERTON,-117.91861724853516,33.888648986816406
81888923,2022,2022-10-13,3001,2022-10-05,0952,A1825,D-2,3,5,7,3001,0,0,0,NA,0,NA,BROOKMORE AVENUE,BROOKHURST STREET,5,E,N,A,-,N,NA,NA,NA,NA,NA,NA,NA,NA,NA,N,3,0,1,2,A,-,09,21453,B,N,A,G,A,A,H,-,A,B,0,NA,Y,NA,NA,Y,NA,A,01,0,1,0,0,0,0,1,0,0,-,-,NA,NA,ORANGE,ANAHEIM,-117.95891571044922,33.82025909423828
81888985,2022,2022-10-13,3010,2022-10-12,1143,3042,422,3,5,6,3010,0,0,0,NA,0,005,MAIN ST,YORKTOWN AVE,156,N,N,A,-,N,NA,NA,NA,NA,NA,NA,NA,NA,NA,Y,4,0,1,2,A,-,03,22350,NA,N,C,C,A,A,H,-,A,A,0,NA,NA,NA,NA,Y,NA,A,01,0,0,1,0,0,0,0,0,0,-,-,33.67831039428711,-118.00247955322266,ORANGE,HUNTINGTON BEACH,-118.00177764892578,33.67974853515625
81890972,2022,2022-10-17,3024,2022-08-29,0825,502,P-27,1,5,5,3024,0,0,0,NA,0,EAST,HAZARD AVENUE,BUSHARD STREET,114,E,N,A,-,N,NA,NA,NA,NA,NA,NA,NA,NA,NA,N,4,0,1,2,A,-,08,22107,NA,N,C,C,A,A,H,-,A,D,0,NA,NA,NA,NA,Y,NA,A,01,0,0,1,0,0,0,0,0,0,-,-,33.75202941894531,-117.96344757080078,ORANGE,WESTMINSTER,-117.96320343017578,33.7522087097168
81890975,2022,2022-10-17,3024,2022-09-10,0545,479,P-31,6,5,5,3024,0,0,0,NA,0,EAST,BEACH BOULEVARD (SR 39),BOLSA AVENUE,0,NA,Y,A,-,Y,NA,NA,NA,NA,NA,NA,NA,NA,NA,Y,3,0,1,2,A,-,09,21800,D,N,D,C,A,B,H,-,C,B,0,NA,NA,NA,NA,Y,NA,A,08,0,1,0,0,0,0,0,0,0,-,-,33.74401092529297,-117.99240112304688,ORANGE,WESTMINSTER,-117.98938751220705,33.74470901489258
8189162,2016,2016-12-19,3001,2016-11-24,1623,1851,D4,4,5,7,3001,0,0,0,NA,0,NA,N PRELUDE DR,TANGO AV,150,S,N,A,-,N,NA,NA,NA,NA,NA,NA,NA,NA,NA,Y,4,0,1,2,A,-,09,21804,A,N,D,C,A,A,H,-,B,D,0,NA,NA,NA,NA,Y,NA,A,01,0,0,1,0,0,0,0,0,0,-,-,NA,NA,ORANGE,ANAHEIM,-117.79947711,33.86580944
81891629,2022,2022-10-17,3014,2022-10-11,1908,1503,RD44,2,5,5,3014,0,0,0,NA,0,A4,SR-1 (E. COAST HWY),IRIS AVE,100,W,N,B,-,Y,NA,NA,NA,NA,NA,NA,NA,NA,NA,N,3,0,1,2,A,-,03,22350,NA,N,B,C,A,A,H,-,C,D,0,NA,NA,Y,NA,Y,NA,C,02,0,1,0,0,0,0,0,0,1,-,-,33.599491119384766,-117.87220001220705,ORANGE,NEWPORT BEACH,-117.87222290039063,33.5994758605957
81892274,2022,2022-10-18,3022,2022-09-09,1258,1392,NA,5,5,5,3022,0,0,0,NA,0,NA,NEWPORT AV,1ST ST,0,NA,Y,B,G,N,NA,NA,NA,NA,NA,NA,NA,NA,NA,Y,3,0,1,2,A,-,12,21453,A,N,D,C,A,A,H,-,A,A,0,NA,NA,NA,NA,Y,NA,A,07,0,1,0,0,0,0,0,0,0,-,-,33.745601654052734,-117.81472778320313,ORANGE,TUSTIN,-117.81478118896484,33.74546432495117
81893616,2022,2022-10-19,3008,2022-08-21,0056,1435,ZONE,7,5,6,3008,0,0,0,NA,0,NA,EUCLID ST,COMMONWEALTH AVE,30,S,N,A,-,N,NA,NA,NA,NA,NA,NA,NA,NA,NA,Y,4,0,2,2,A,-,01,23152,A,N,D,C,A,A,H,-,C,A,0,NA,NA,NA,NA,Y,Y,A,01,0,0,2,0,0,0,0,0,0,-,-,NA,NA,ORANGE,FULLERTON,-117.94196319580078,33.87013626098633
8189651,2016,2017-03-01,3003,2016-11-21,1803,1079,NA,1,5,5,3003,0,0,0,NA,0,NA,BEACH BL,ORANGETHORPE AV,879,S,N,A,-,Y,ORA,12,39,-,-,14.44,H,-,S,N,4,0,1,2,A,-,08,22107,NA,N,B,C,A,A,H,-,C,A,0,NA,NA,NA,NA,Y,NA,A,01,0,0,1,0,0,0,0,0,0,-,-,NA,NA,ORANGE,BUENA PARK,-117.99813082,33.85693956
81896713,2022,2022-10-24,3019,2022-07-31,1550,3779,SE,7,5,7,3019,0,0,0,NA,0,003,GRAND AVENUE,CHESTNUT AVENUE,0,NA,Y,A,-,N,NA,NA,NA,NA,NA,NA,NA,NA,NA,Y,4,0,1,2,A,-,09,21801,A,N,D,C,A,A,H,-,A,A,0,NA,NA,NA,NA,Y,NA,A,01,0,0,1,0,0,0,0,0,0,-,-,33.74155044555664,-117.85047912597656,ORANGE,SANTA ANA,-117.85028076171876,33.742557525634766
81896741,2022,2022-10-24,3019,2022-08-30,1555,3716,SE,2,5,7,3019,0,0,0,NA,0,003,EDINGER AVENUE,LYON STREET,0,NA,Y,A,-,N,NA,NA,NA,NA,NA,NA,NA,NA,NA,N,4,0,2,2,A,-,12,21453,A,N,D,C,A,A,H,-,A,A,0,NA,NA,NA,NA,Y,NA,-,-,0,0,2,0,0,0,0,0,0,-,-,33.72663116455078,-117.844970703125,ORANGE,SANTA ANA,-117.84516143798828,33.7266731262207
81896747,2022,2022-10-24,3019,2022-09-03,1523,3720,SC,6,5,7,3019,0,0,0,NA,0,004,RAITT STREET,HALL AVENUE (S),71,S,N,B,C,N,NA,NA,NA,NA,NA,NA,NA,NA,NA,N,3,0,3,2,A,-,08,22107,NA,N,D,C,A,B,H,-,A,D,0,NA,NA,NA,NA,Y,NA,A,01,0,1,2,0,0,0,0,0,0,-,-,33.7133903503418,-117.89710998535156,ORANGE,SANTA ANA,-117.89649963378906,33.713600158691406
81896770,2022,2022-10-24,3019,2022-09-15,1551,3824,NE,4,5,7,3019,0,0,0,NA,0,002,17TH STREET,ROSS STREET,29,E,N,A,-,N,NA,NA,NA,NA,NA,NA,NA,NA,NA,N,4,0,3,3,A,-,03,22350,NA,N,C,C,A,A,H,-,A,D,0,NA,NA,NA,NA,Y,NA,D,22,0,0,3,0,0,0,0,0,0,-,-,33.75986862182617,-117.87259674072266,ORANGE,SANTA ANA,-117.87239837646484,33.7601203918457
81896805,2022,2022-10-24,3019,2022-09-20,1522,3155,SE,2,5,7,3019,0,0,0,NA,0,003,EDINGER AVENUE,SHELTON STREET,14,W,N,A,-,N,NA,NA,NA,NA,NA,NA,NA,NA,NA,N,4,0,1,2,A,-,03,22350,NA,N,D,C,A,A,H,-,A,D,0,NA,NA,Y,NA,Y,NA,C,03,0,0,1,0,0,0,0,0,1,-,-,33.72732925415039,-117.88095855712892,ORANGE,SANTA ANA,-117.88130950927734,33.72711181640625
81896881,2022,2022-10-24,3019,2022-10-01,0829,3752,NE,6,5,7,3019,0,0,0,NA,0,002,17TH STREET,LINCOLN AVENUE,150,W,N,A,-,N,NA,NA,NA,NA,NA,NA,NA,NA,NA,Y,4,0,2,4,A,-,03,22350,NA,N,C,C,A,A,H,-,A,A,0,NA,NA,NA,NA,Y,NA,A,01,0,0,2,0,0,0,0,0,0,-,-,33.75899124145508,-117.85607147216795,ORANGE,SANTA ANA,-117.85667419433594,33.7598876953125
81896901,2022,2022-10-24,3019,2022-10-05,1157,2875,WE,3,5,7,3019,0,0,0,NA,0,001,BRISTOL STREET,5TH STREET,25,S,N,A,-,N,NA,NA,NA,NA,NA,NA,NA,NA,NA,N,4,0,1,2,A,-,09,21802,A,N,D,C,A,A,H,-,A,A,0,NA,NA,NA,NA,Y,NA,A,01,0,0,1,0,0,0,0,0,0,-,-,33.74822998046875,-117.8852081298828,ORANGE,SANTA ANA,-117.88514709472656,33.748741149902344
81897052,2022,2022-10-24,3024,2022-09-19,1559,432,P-15,1,5,5,3024,0,0,0,NA,0,WEST,WESTMINSTER AVENUE,SHERWOOD STREET,80,W,N,A,-,N,NA,NA,NA,NA,NA,NA,NA,NA,NA,N,4,0,1,2,A,-,08,22107,NA,N,D,C,A,A,D,-,A,D,0,NA,NA,NA,NA,Y,NA,A,01,0,0,1,0,0,0,0,0,0,-,-,33.75899124145508,-118.02577209472656,ORANGE,WESTMINSTER,-118.0260009765625,33.7589111328125