CASE_ID,ACCIDENT_YEAR,PROC_DATE,JURIS,COLLISION_DATE,COLLISION_TIME,OFFICER_ID,REPORTING_DISTRICT,DAY_OF_WEEK,CHP_SHIFT,POPULATION,CNTY_CITY_LOC,SPECIAL_COND,BEAT_TYPE,CHP_BEAT_TYPE,CITY_DIVISION_LAPD,CHP_BEAT_CLASS,BEAT_NUMBER,PRIMARY_RD,SECONDARY_RD,DISTANCE,DIRECTION,INTERSECTION,WEATHER_1,WEATHER_2,STATE_HWY_IND,CALTRANS_COUNTY,CALTRANS_DISTRICT,STATE_ROUTE,ROUTE_SUFFIX,POSTMILE_PREFIX,POSTMILE,LOCATION_TYPE,RAMP_INTERSECTION,SIDE_OF_HWY,TOW_AWAY,COLLISION_SEVERITY,NUMBER_KILLED,NUMBER_INJURED,PARTY_COUNT,PRIMARY_COLL_FACTOR,PCF_CODE_OF_VIOL,PCF_VIOL_CATEGORY,PCF_VIOLATION,PCF_VIOL_SUBSECTION,HIT_AND_RUN,TYPE_OF_COLLISION,MVIW,PED_ACTION,ROAD_SURFACE,ROAD_COND_1,ROAD_COND_2,LIGHTING,CONTROL_DEVICE,CHP_ROAD_TYPE,PEDESTRIAN_ACCIDENT,BICYCLE_ACCIDENT,MOTORCYCLE_ACCIDENT,TRUCK_ACCIDENT,NOT_PRIVATE_PROPERTY,ALCOHOL_INVOLVED,STWD_VEHTYPE_AT_FAULT,CHP_VEHTYPE_AT_FAULT,COUNT_SEVERE_INJ,COUNT_VISIBLE_INJ,COUNT_COMPLAINT_PAIN,COUNT_PED_KILLED,COUNT_PED_INJURED,COUNT_BICYCLIST_KILLED,COUNT_BICYCLIST_INJURED,COUNT_MC_KILLED,COUNT_MC_INJURED,PRIMARY_RAMP,SECONDARY_RAMP,LATITUDE,LONGITUDE,COUNTY,CITY,POINT_X,POINT_Y
81898254,2022,2022-10-25,3019,2022-10-11,0842,3449,SC,2,5,7,3019,0,0,0,NA,0,004,BRISTOL STREET,WARNER AVENUE,425,N,N,A,-,N,NA,NA,NA,NA,NA,NA,NA,NA,NA,N,4,0,2,2,A,-,09,21801,A,N,D,C,A,A,H,-,A,D,0,NA,NA,NA,NA,Y,NA,A,01,0,0,2,0,0,0,0,0,0,-,-,33.715641021728516,-117.8860092163086,ORANGE,SANTA ANA,-117.88531494140624,33.717384338378906
8189940,2016,2016-12-20,3002,2016-11-30,0843,1628,327W,3,5,4,3002,0,0,0,NA,0,011,BREA BL,CENTRAL AV,55,N,N,A,-,N,NA,NA,NA,NA,NA,NA,NA,NA,NA,Y,4,0,2,2,A,-,09,21804,A,N,D,C,A,A,H,-,A,A,0,NA,NA,NA,NA,Y,NA,A,01,0,0,2,0,0,0,0,0,0,-,-,NA,NA,ORANGE,BREA,-117.89392073,33.93224508
8190096,2016,2016-12-22,3003,2016-11-15,2239,1001,NA,2,5,5,3003,0,0,0,NA,0,NA,KNOTT AV,9TH ST,300,S,N,A,-,N,NA,NA,NA,NA,NA,NA,NA,NA,NA,Y,4,0,1,2,A,-,08,22100,A,N,A,J,A,A,H,-,C,D,0,NA,NA,NA,Y,Y,NA,F,25,0,0,1,0,0,0,0,0,0,-,-,NA,NA,ORANGE,BUENA PARK,-118.01136791,33.86443752
8190134,2016,2017-01-18,3007,2016-12-07,1546,1125,52,3,5,5,3007,0,0,0,NA,0,001,TALBERT AV,SANTA MARIANA ST,0,NA,Y,A,-,N,NA,NA,NA,NA,NA,NA,NA,NA,NA,N,4,0,1,3,A,-,03,22350,NA,N,C,C,A,A,H,-,A,A,0,NA,NA,NA,NA,Y,NA,A,07,0,0,1,0,0,0,0,0,0,-,-,NA,NA,ORANGE,FOUNTAIN VALLEY,-117.97653002,33.70133008
81904636,2022,2022-10-31,3001,2022-10-26,1706,A2292,NA,3,5,7,3001,0,0,0,NA,0,NA,ACACIA STREET,ROMNEYA DRIVE,100,S,N,A,-,N,NA,NA,NA,NA,NA,NA,NA,NA,NA,Y,3,0,1,2,A,-,09,21804,A,N,D,C,A,A,H,-,A,D,0,NA,NA,Y,NA,Y,NA,A,01,0,1,0,0,0,0,0,0,1,-,-,33.85102081298828,-117.89788818359376,ORANGE,ANAHEIM,-117.89794921875,33.850616455078125
81906157,2022,2022-11-01,3022,2022-10-20,1440,1308,NA,4,5,5,3022,0,0,0,NA,0,NA,1ST ST,A ST (E),2,W,N,A,-,N,NA,NA,NA,NA,NA,NA,NA,NA,NA,Y,4,0,1,2,A,-,05,21650,NA,N,D,C,A,A,H,-,A,D,0,NA,NA,NA,NA,Y,NA,A,01,0,0,1,0,0,0,0,0,0,-,-,33.74555969238281,-117.8271026611328,ORANGE,TUSTIN,-117.82733917236328,33.74563980102539
81908298,2022,2022-11-03,3008,2022-09-06,1705,1378,ZONE,2,5,6,3008,0,0,0,NA,0,NA,HARBOR BLVD,VALLEY VIEW DR (N),0,NA,Y,A,-,N,NA,NA,NA,NA,NA,NA,NA,NA,NA,N,4,0,2,2,A,-,12,21453,A,N,-,C,A,A,H,-,A,A,0,NA,NA,NA,NA,Y,NA,A,07,0,0,2,0,0,0,0,0,0,-,-,NA,NA,ORANGE,FULLERTON,-117.92485809326172,33.88302993774414
81910354,2022,2022-11-07,3019,2022-10-13,1708,3716,WE,4,5,7,3019,0,0,0,NA,0,001,EUCLID STREET,ROBERTS DRIVE,0,NA,Y,A,-,N,NA,NA,NA,NA,NA,NA,NA,NA,NA,Y,3,0,3,2,A,-,06,21755,A,N,D,C,A,A,H,-,A,D,0,NA,NA,NA,NA,Y,NA,A,01,0,1,2,0,0,0,0,0,0,-,-,33.73508834838867,-117.93766021728516,ORANGE,SANTA ANA,-117.93733978271484,33.73503112792969
8191063,2016,2016-12-20,3019,2016-11-16,1640,3196,SE,3,5,7,3019,0,0,0,NA,0,005,FLOWER ST,SEGERSTROM AV,45,N,N,B,-,N,NA,NA,NA,NA,NA,NA,NA,NA,NA,Y,3,0,1,2,A,-,09,21801,A,N,D,C,A,A,H,-,B,A,0,NA,NA,NA,NA,Y,NA,D,22,0,1,0,0,0,0,0,0,0,-,-,33.70952,-117.87662,ORANGE,SANTA ANA,-117.87683743,33.70986335
81911965,2022,2022-11-08,3019,2022-10-15,2159,3777,SE,6,5,7,3019,0,0,0,NA,0,003,MAIN STREET,SAINT ANDREW PLACE,74,S,N,C,-,N,NA,NA,NA,NA,NA,NA,NA,NA,NA,N,3,0,2,1,A,-,03,22350,NA,N,F,A,A,B,D,-,C,A,0,NA,NA,NA,NA,Y,NA,A,01,0,1,1,0,0,0,0,0,0,-,-,33.722328186035156,-117.86807250976563,ORANGE,SANTA ANA,-117.86785888671876,33.722206115722656
81913724,2022,2022-11-09,3007,2022-11-03,1602,306,44,4,5,5,3007,0,0,0,NA,0,001,EL REY AVE,BUSHARD ST,80,E,N,A,-,N,NA,NA,NA,NA,NA,NA,NA,NA,NA,N,3,0,1,2,A,-,10,21950,A,F,G,B,E,A,H,-,A,D,0,Y,NA,NA,NA,Y,NA,D,22,0,1,0,0,1,0,0,0,0,-,-,NA,NA,ORANGE,FOUNTAIN VALLEY,-117.96279907226563,33.70998001098633
81914099,2022,2022-11-09,3026,2022-11-03,0924,7094,NA,4,5,6,3026,0,0,0,NA,0,009,BAKE PKWY.,MUIRLANDS BLVD.,223,N,N,A,-,N,NA,NA,NA,NA,NA,NA,NA,NA,NA,N,2,0,1,2,A,-,07,21658,A,F,B,C,A,A,H,-,A,D,0,NA,NA,Y,NA,Y,NA,A,07,1,0,0,0,0,0,0,0,1,-,-,NA,NA,ORANGE,IRVINE,-117.71565246582033,33.640289306640625
8191464,2016,2016-12-22,3008,2016-10-05,2046,1512,NA,3,5,6,3008,0,0,0,NA,0,0Z3,CHAPMAN AV,STATE COLLEGE BL,480,E,N,A,-,N,NA,NA,NA,NA,NA,NA,NA,NA,NA,N,4,0,1,2,A,-,09,21804,A,N,D,C,A,A,H,-,D,A,0,NA,NA,NA,NA,Y,NA,A,01,0,0,1,0,0,0,0,0,0,-,-,NA,NA,ORANGE,FULLERTON,-117.88804678,33.8741699
81915443,2022,2022-11-11,3019,2022-10-30,1908,3823,SC,7,5,7,3019,0,0,0,NA,0,004,FLOWER STREET,BORCHARD AVENUE,107,N,N,A,-,N,NA,NA,NA,NA,NA,NA,NA,NA,NA,Y,3,0,5,2,A,-,09,21804,A,N,H,C,A,A,H,-,C,D,0,NA,NA,NA,NA,Y,NA,A,01,0,1,4,0,0,0,0,0,0,-,-,33.72896957397461,-117.87660980224608,ORANGE,SANTA ANA,-117.87652587890624,33.729225158691406
81915841,2022,2022-11-14,3015,2022-11-06,2106,1696,RD45,7,5,6,3015,0,0,0,NA,0,112,KATELLA AVE,STRUCK AVE,80,E,N,A,-,N,NA,NA,NA,NA,NA,NA,NA,NA,NA,N,4,0,1,2,A,-,03,22350,NA,N,C,C,A,A,H,-,C,A,0,NA,NA,NA,NA,Y,NA,A,01,0,0,1,0,0,0,0,0,0,-,-,33.80624008178711,-117.87088775634766,ORANGE,ORANGE,-117.87081909179688,33.806461334228516
81915860,2022,2022-11-14,3001,2022-11-11,0945,A1404,D-2,5,5,7,3001,0,0,0,NA,0,NA,ACACIA STREET,LA PALMA AVENUE,70,N,N,A,-,N,NA,NA,NA,NA,NA,NA,NA,NA,NA,N,4,0,1,2,A,-,03,22350,NA,N,C,C,A,A,H,-,A,A,0,NA,NA,NA,NA,Y,NA,A,01,0,0,1,0,0,0,0,0,0,-,-,NA,NA,ORANGE,ANAHEIM,-117.89785766601563,33.84746170043945
81916036,2022,2022-11-14,3024,2022-10-11,1927,465,P-05,2,5,5,3024,0,0,0,NA,0,WEST,GOLDENWEST STREET,GARDEN GROVE BOULEVARD,100,S,N,A,-,N,NA,NA,NA,NA,NA,NA,NA,NA,NA,N,4,0,1,2,A,-,11,21954,A,N,G,B,D,A,H,-,C,A,0,Y,NA,NA,NA,Y,NA,N,60,0,0,1,0,1,0,0,0,0,-,-,33.77370834350586,-118.00742340087892,ORANGE,WESTMINSTER,-118.00649261474608,33.680965423583984
81917881,2022,2022-11-15,3026,2022-10-26,1500,308,NA,3,5,6,3026,0,0,0,NA,0,003,BRIDGE RD,STANFORD,0,NA,Y,A,-,N,NA,NA,NA,NA,NA,NA,NA,NA,NA,N,4,0,1,2,A,-,00,4,NA,N,D,G,A,A,H,-,A,A,0,NA,Y,NA,NA,Y,NA,L,04,0,0,1,0,0,0,1,0,0,-,-,33.6519889831543,-117.84010314941406,ORANGE,IRVINE,-117.84002685546876,33.65202713012695
81920272,2022,2022-11-17,3019,2022-11-07,0759,3483,SC,1,5,7,3019,0,0,0,NA,0,004,EDINGER AVENUE,GREENVILLE STREET,28,W,N,C,-,N,NA,NA,NA,NA,NA,NA,NA,NA,NA,N,3,0,1,2,A,-,08,22107,NA,N,B,C,A,B,H,-,A,A,0,NA,NA,NA,NA,Y,NA,D,22,0,1,0,0,0,0,0,0,0,-,-,33.726829528808594,-117.90065002441406,ORANGE,SANTA ANA,-117.90021514892578,33.72724151611328
81921759,2022,2022-11-18,3026,2022-10-30,1952,686,NA,7,5,6,3026,0,0,0,NA,0,009,IRVINE BLVD,MODJESKA,0,NA,Y,A,-,N,NA,NA,NA,NA,NA,NA,NA,NA,NA,Y,2,0,7,2,A,-,09,21453,C,N,D,C,A,A,H,-,A,A,0,NA,NA,NA,NA,Y,NA,A,01,4,2,1,0,0,0,0,0,0,-,-,NA,NA,ORANGE,IRVINE,-117.71914672851563,33.68516540527344
81922015,2022,2022-11-21,3001,2022-11-18,1124,A2367,D-3,5,5,7,3001,0,0,0,NA,0,D-3,BROADWAY,EUCLID STREET,300,W,N,A,-,N,NA,NA,NA,NA,NA,NA,NA,NA,NA,Y,4,0,2,2,A,-,09,21804,A,N,D,C,A,A,H,-,A,D,0,NA,NA,NA,NA,Y,NA,A,01,0,0,2,0,0,0,0,0,0,-,-,33.829071044921875,-117.94164276123048,ORANGE,ANAHEIM,-117.94247436523438,33.828861236572266
81922243,2022,2022-11-21,3024,2022-10-13,1332,155,NA,4,5,5,3024,0,0,0,NA,0,NA,MCFADDEN AVENUE,MAGNOLIA STREET,85,W,N,B,-,N,NA,NA,NA,NA,NA,NA,NA,NA,NA,N,2,0,1,2,A,-,05,21650,1,N,A,G,A,A,H,-,A,A,0,NA,Y,NA,NA,Y,NA,L,04,1,0,0,0,0,0,1,0,0,-,-,33.7375602722168,-117.97228240966795,ORANGE,WESTMINSTER,-117.97244262695313,33.73756790161133
81922404,2022,2022-11-21,3016,2022-10-12,1535,1288,32,3,5,5,3016,0,0,0,NA,0,001,ROSE DRIVE,ALTA VISTA STREET,65,N,N,A,-,N,NA,NA,NA,NA,NA,NA,NA,NA,NA,N,4,0,2,2,A,-,03,22350,NA,F,C,C,A,A,H,-,A,A,0,NA,NA,NA,NA,Y,NA,A,01,0,0,2,0,0,0,0,0,0,-,-,33.875789642333984,-117.84329223632813,ORANGE,PLACENTIA,-117.84339141845705,33.87575149536133
81922410,2022,2022-11-21,3010,2022-11-14,1623,2055,442,1,5,6,3010,0,0,0,NA,0,003,BEACH BL - SR39,INDIANAPOLIS AVE,450,N,N,A,-,Y,ORA,NA,39,NA,NA,1.14,H,NA,R,Y,4,0,1,3,A,-,03,22350,NA,N,C,C,A,A,H,-,A,D,0,NA,NA,NA,NA,Y,NA,A,07,0,0,1,0,0,0,0,0,0,-,-,33.6650390625,-117.98838806152344,ORANGE,HUNTINGTON BEACH,-117.98837280273438,33.6650390625
81922644,2022,2022-11-21,3002,2022-11-04,1810,1694,NA,5,5,4,3002,0,0,0,NA,0,013,BIRCH ST,BIRCH MALL ENTRANCE RD,0,NA,Y,A,-,N,NA,NA,NA,NA,NA,NA,NA,NA,NA,Y,4,0,2,2,A,-,09,21801,A,N,D,C,A,A,H,-,C,A,0,NA,NA,NA,NA,Y,NA,A,01,0,0,2,0,0,0,0,0,0,-,-,33.91790008544922,-117.88629913330078,ORANGE,BREA,-117.89954376220705,33.91828155517578
8192284,2016,2017-02-18,3012,2016-12-10,0150,634,13,6,5,5,3012,0,0,0,NA,0,001,LA HABRA BL,BEACH BL,0,NA,Y,A,-,Y,ORA,12,39,-,-,27.171,I,5,N,Y,3,0,1,2,A,-,01,23152,B,N,C,C,A,A,H,-,C,A,0,NA,NA,NA,NA,Y,Y,A,01,0,1,0,0,0,0,0,0,0,-,-,NA,NA,ORANGE,LA HABRA,-117.9679501,33.93185012
81926002,2022,2022-11-24,3010,2022-11-18,1408,4094,NA,5,5,6,3010,0,0,0,NA,0,NA,BEACH BL - SR39,HEIL AVE,30,N,N,A,-,Y,NA,NA,NA,NA,NA,NA,NA,NA,NA,N,4,0,2,2,A,-,03,22350,NA,N,C,C,A,A,H,-,A,A,0,NA,NA,NA,NA,Y,NA,A,07,0,0,2,0,0,0,0,0,0,-,-,NA,NA,ORANGE,HUNTINGTON BEACH,-117.98909759521484,33.72304153442383
81928469,2022,2022-11-29,3019,2022-11-25,1057,3834,SC,5,5,7,3019,0,0,0,NA,0,004,BRISTOL STREET,WARNER AVENUE,173,S,N,A,-,N,NA,NA,NA,NA,NA,NA,NA,NA,NA,N,4,0,1,2,A,-,03,22350,NA,N,C,C,A,A,H,-,A,D,0,NA,NA,NA,NA,Y,NA,A,01,0,0,1,0,0,0,0,0,0,-,-,33.716190338134766,-117.8849868774414,ORANGE,SANTA ANA,-117.88535308837892,33.71574401855469
81929254,2022,2022-11-29,3014,2022-11-15,1653,1572,RD25,2,5,5,3014,0,0,0,NA,0,A2,SR-1 (W. COAST HWY),OLD NEWPORT BLVD,430,E,N,A,-,Y,ORA,NA,1,NA,NA,19.704,H,NA,R,N,4,0,1,2,A,-,05,21650,NA,N,D,G,A,A,H,-,C,A,0,NA,NA,NA,NA,Y,NA,M,91,0,0,1,0,0,0,0,0,0,-,-,33.62128829956055,-117.92739105224608,ORANGE,NEWPORT BEACH,-117.92739105224608,33.62132263183594
81929467,2022,2022-11-29,3014,2022-11-27,1710,1447,RD54,7,5,5,3014,0,0,0,NA,0,A4,BONITA CANYON DR,MESA VIEW DR,320,E,N,A,-,N,NA,NA,NA,NA,NA,NA,NA,NA,NA,Y,3,0,1,2,A,-,03,22350,NA,N,C,C,A,A,H,-,C,A,0,NA,NA,NA,NA,Y,NA,A,07,0,1,0,0,0,0,0,0,0,-,-,33.628318786621094,-117.85386657714844,ORANGE,NEWPORT BEACH,-117.85403442382813,33.62810516357422
81929715,2022,2022-11-30,3015,2022-10-18,2048,1612,RD 22,2,5,6,3015,0,0,0,NA,0,NA,GLASSELL ST,CULVER AVE,271,S,N,A,-,N,NA,NA,NA,NA,NA,NA,NA,NA,NA,Y,3,0,2,2,A,-,01,23152,A,N,C,E,A,A,H,-,C,D,0,NA,NA,NA,NA,Y,Y,A,01,0,2,0,0,0,0,0,0,0,-,-,33.78184127807617,-117.85323333740234,ORANGE,ORANGE,-117.85312652587892,33.781646728515625
81932964,2022,2022-12-05,3026,2022-11-28,1415,7094,NA,1,5,6,3026,0,0,0,NA,0,002,JAMBOREE RD.,I-405 N/B,97,N,N,B,-,Y,NA,NA,NA,NA,NA,NA,NA,NA,NA,Y,3,0,1,3,A,-,03,22350,NA,N,C,C,A,A,H,-,A,A,0,NA,NA,NA,NA,Y,NA,A,01,0,1,0,0,0,0,0,0,0,-,-,NA,NA,ORANGE,IRVINE,-117.84340667724608,33.67695999145508
81933009,2022,2022-12-05,3001,2022-11-17,1825,A2786,D-3,4,5,7,3001,0,0,0,NA,0,031,WALNUT STREET,BALL ROAD,0,NA,Y,A,-,N,NA,NA,NA,NA,NA,NA,NA,NA,NA,Y,4,0,1,2,A,-,09,21801,A,N,A,C,A,A,H,-,C,A,0,NA,NA,NA,NA,Y,NA,A,07,0,0,1,0,0,0,0,0,0,-,-,33.817020416259766,-117.9285888671875,ORANGE,ANAHEIM,-117.92849731445313,33.81797790527344
81933322,2022,2022-12-05,3008,2022-09-14,1120,1274,ZONE,3,5,6,3008,0,0,0,NA,0,NA,YORBA LINDA BLVD,ASSOCIATED RD,0,NA,Y,A,-,N,NA,NA,NA,NA,NA,NA,NA,NA,NA,Y,4,0,1,3,A,-,12,21453,A,N,D,C,A,A,H,-,A,A,0,NA,NA,NA,NA,Y,NA,A,01,0,0,1,0,0,0,0,0,0,-,-,NA,NA,ORANGE,FULLERTON,-117.88556671142578,33.88896179199219
81934462,2022,2022-12-05,3026,2022-11-21,0755,555,NA,1,5,6,3026,0,0,0,NA,0,004,DEERFIELD,FAWN GLN E,2,E,N,A,-,N,NA,NA,NA,NA,NA,NA,NA,NA,NA,N,3,0,1,2,D,-,00,NA,NA,N,D,G,A,A,H,-,A,A,0,NA,Y,NA,NA,Y,NA,-,-,0,1,0,0,0,0,1,0,0,-,-,33.694549560546875,-117.7913818359375,ORANGE,IRVINE,-117.79136657714844,33.69460678100586
81934752,2022,2022-12-06,3019,2022-11-11,2321,3655,SC,5,5,7,3019,0,0,0,NA,0,004,BRISTOL STREET,EDINGER AVENUE,340,S,N,A,-,N,NA,NA,NA,NA,NA,NA,NA,NA,NA,Y,2,0,2,3,A,-,01,23152,A,N,E,I,A,A,H,-,C,D,0,NA,NA,NA,NA,Y,Y,A,01,1,0,1,0,0,0,0,0,0,-,-,33.726600646972656,-117.8856201171875,ORANGE,SANTA ANA,-117.8852081298828,33.72624206542969
81934758,2022,2022-12-06,3019,2022-11-26,1948,3829,SE,6,5,7,3019,0,0,0,NA,0,003,STANDARD AVENUE,HOBART STREET,0,NA,Y,A,-,N,NA,NA,NA,NA,NA,NA,NA,NA,NA,N,4,0,1,2,A,-,12,21453,A,F,D,C,A,A,H,-,C,A,0,NA,NA,NA,NA,Y,NA,-,99,0,0,1,0,0,0,0,0,0,-,-,33.72998809814453,-117.8561782836914,ORANGE,SANTA ANA,-117.8564453125,33.729957580566406
81937906,2022,2022-12-09,3015,2022-11-14,1851,1694,RD21,1,5,6,3015,0,0,0,NA,0,311,CHAPMAN AVE,THE 5 FREEWAY,0,NA,Y,A,-,N,NA,NA,NA,NA,NA,NA,NA,NA,NA,N,4,0,1,2,A,-,12,21453,A,N,D,C,A,A,H,-,B,A,0,NA,NA,NA,NA,Y,NA,A,01,0,0,1,0,0,0,0,0,0,-,-,NA,NA,ORANGE,ORANGE,-117.88787078857422,33.78948211669922
81937989,2022,2022-12-09,3010,2022-12-08,1432,1225,155,4,5,6,3010,0,0,0,NA,0,008,EDINGER AVE,GRAHAM ST,0,NA,Y,A,-,N,NA,NA,NA,NA,NA,NA,NA,NA,NA,Y,4,0,2,2,A,-,09,21801,A,N,D,C,A,A,H,-,A,A,0,NA,NA,NA,NA,Y,NA,D,22,0,0,2,0,0,0,0,0,0,-,-,33.72975158691406,-118.03265380859376,ORANGE,HUNTINGTON BEACH,-118.03270721435548,33.72990417480469
81938839,2022,2022-12-12,3015,2022-09-19,0913,1563,RD 21,1,5,6,3015,0,0,0,NA,0,731M,LEWIS ST,METROPOLITAN DR,0,NA,Y,A,-,N,NA,NA,NA,NA,NA,NA,NA,NA,NA,Y,1,1,1,2,A,-,12,21453,A,N,D,C,A,A,H,-,A,A,0,NA,NA,NA,NA,Y,NA,A,01,0,1,0,0,0,0,0,0,0,-,-,33.78171920776367,-117.89759063720705,ORANGE,ORANGE,-117.8974609375,33.781707763671875
81938891,2022,2022-12-12,3019,2022-12-08,1430,3615,SC,4,5,7,3019,0,0,0,NA,0,004,1ST STREET,SULLIVAN STREET,0,NA,Y,A,-,N,NA,NA,NA,NA,NA,NA,NA,NA,NA,N,4,0,1,2,A,-,09,21800,A,N,D,C,A,A,H,-,A,A,0,NA,NA,NA,NA,Y,NA,A,07,0,0,1,0,0,0,0,0,0,-,-,33.74491882324219,-117.9027099609375,ORANGE,SANTA ANA,-117.90255737304688,33.74528503417969
8193913,2016,2016-12-27,3008,2016-08-30,1507,1341,Z3,2,5,6,3008,0,0,0,NA,0,001,CHAPMAN AV,STATE COLLEGE BL,500,NA,N,A,-,N,NA,NA,NA,NA,NA,NA,NA,NA,NA,N,4,0,2,2,A,-,03,22350,NA,N,C,C,A,A,H,-,A,D,0,NA,NA,NA,NA,Y,NA,A,01,0,0,2,0,0,0,0,0,0,-,-,NA,NA,ORANGE,FULLERTON,-117.88962013,33.87421009
81939286,2022,2022-12-12,3026,2022-12-05,1229,357,NA,1,5,6,3026,0,0,0,NA,0,009,IRVINE BLVD,ALTON PKWY,0,NA,Y,A,-,N,NA,NA,NA,NA,NA,NA,NA,NA,NA,Y,4,0,1,2,A,-,12,21453,A,N,D,C,A,A,H,-,A,A,0,NA,NA,NA,NA,Y,NA,A,01,0,0,1,0,0,0,0,0,0,-,-,NA,NA,ORANGE,IRVINE,-117.70654296875,33.663536071777344
81942902,2022,2022-12-15,3008,2022-11-03,2019,1317,ZONE,4,5,6,3008,0,0,0,NA,0,NA,STATE COLLEGE BLVD,BASTANCHURY RD,0,NA,Y,A,-,N,NA,NA,NA,NA,NA,NA,NA,NA,NA,N,3,0,1,2,A,-,11,21950,B,N,G,B,B,A,H,-,C,A,0,Y,NA,NA,NA,Y,NA,N,60,0,1,0,0,1,0,0,0,0,-,-,NA,NA,ORANGE,FULLERTON,-117.89176177978516,33.897796630859375
81944001,2022,2022-12-16,3010,2022-12-14,0821,1107,441,3,5,6,3010,0,0,0,NA,0,004,PALM AVE,15TH ST,12,E,N,A,-,N,NA,NA,NA,NA,NA,NA,NA,NA,NA,N,4,0,1,2,A,-,12,22450,A,N,D,C,A,A,H,-,A,D,0,NA,NA,NA,NA,Y,NA,A,08,0,0,1,0,0,0,0,0,0,-,-,33.6686897277832,-118.00553894042967,ORANGE,HUNTINGTON BEACH,-118.00552368164063,33.66872024536133
81944862,2022,2022-12-19,3007,2022-11-25,1725,302,43,5,5,5,3007,0,0,0,NA,0,001,MAGNOLIA,SLATER,430,N,N,A,-,N,NA,NA,NA,NA,NA,NA,NA,NA,NA,N,4,0,1,2,A,-,03,22350,NA,N,C,C,A,A,H,-,C,D,0,NA,NA,NA,NA,Y,NA,A,08,0,0,1,0,0,0,0,0,0,-,-,NA,NA,ORANGE,FOUNTAIN VALLEY,-117.97185516357422,33.70970916748047
81945058,2022,2023-01-04,3026,2022-11-25,2037,616,NA,5,5,6,3026,0,0,0,NA,0,009,ALTON,TECHNOLOGY W.,0,NA,Y,A,-,N,NA,NA,NA,NA,NA,NA,NA,NA,NA,Y,3,0,1,2,A,-,12,21453,A,N,D,C,A,A,H,-,A,A,0,NA,NA,NA,NA,Y,NA,A,01,0,1,0,0,0,0,0,0,0,-,-,NA,NA,ORANGE,IRVINE,-117.73956298828124,33.655372619628906
81947756,2022,2022-12-21,3008,2022-11-04,1519,1636,ZONE,5,5,6,3008,0,0,0,NA,0,NA,HARBOR BLVD,HILL AVE,10,E,N,A,-,N,NA,NA,NA,NA,NA,NA,NA,NA,NA,Y,3,0,2,2,A,-,03,22350,NA,N,C,C,A,A,H,-,A,A,0,NA,NA,NA,NA,Y,NA,A,01,0,1,1,0,0,0,0,0,0,-,-,NA,NA,ORANGE,FULLERTON,-117.9242706298828,33.86102294921875
81951845,2022,2022-12-26,3010,2022-12-05,0156,2204,431,1,5,6,3010,0,0,0,NA,0,005,LAKE ST,YORKTOWN AVE,0,NA,Y,B,C,N,NA,NA,NA,NA,NA,NA,NA,NA,NA,Y,4,0,1,1,A,-,01,23152,A,N,E,I,A,B,H,-,C,A,0,NA,NA,NA,NA,Y,Y,A,07,0,0,1,0,0,0,0,0,0,-,-,33.677459716796875,-117.99887084960938,ORANGE,HUNTINGTON BEACH,-117.99797821044922,33.67845153808594
81952139,2022,2022-12-26,3008,2022-09-21,0739,1582,ZONE,3,5,6,3008,0,0,0,NA,0,NA,ORANGEFAIR AVE,HARBOR BLVD,129,E,N,A,-,N,NA,NA,NA,NA,NA,NA,NA,NA,NA,N,4,0,1,2,A,-,03,22350,NA,N,B,E,A,A,H,-,A,D,0,NA,NA,NA,NA,Y,NA,A,01,0,0,1,0,0,0,0,0,0,-,-,NA,NA,ORANGE,FULLERTON,-117.92393493652344,33.8563117980957
81953908,2022,2022-12-28,3008,2022-09-28,0638,1582,ZONE,3,5,6,3008,0,0,0,NA,0,NA,CHAPMAN AVE,COMMONWEALTH AVE,0,NA,Y,A,-,N,NA,NA,NA,NA,NA,NA,NA,NA,NA,Y,3,0,1,3,A,-,09,21801,A,N,D,C,A,A,H,-,B,A,0,NA,NA,NA,NA,Y,NA,A,01,0,1,0,0,0,0,0,0,0,-,-,NA,NA,ORANGE,FULLERTON,-117.88423919677734,33.87409210205078
81954870,2022,2022-12-29,3015,2022-12-23,1339,1250,RD11,5,5,6,3015,0,0,0,NA,0,711M,LEWIS ST,CHAPMAN AVE,50,S,N,A,-,N,NA,NA,NA,NA,NA,NA,NA,NA,NA,N,4,0,1,2,A,-,03,22350,NA,N,C,C,A,A,H,-,A,A,0,NA,NA,NA,NA,Y,NA,A,07,0,0,1,0,0,0,0,0,0,-,-,33.78892135620117,-117.89749908447266,ORANGE,ORANGE,-117.8975067138672,33.78872299194336
81954888,2022,2022-12-29,3001,2022-12-23,1825,A1854,D-3,5,5,7,3001,0,0,0,NA,0,D-3,CERRITOS AVENUE,LEWIS STREET,560,E,N,A,-,N,NA,NA,NA,NA,NA,NA,NA,NA,NA,Y,3,0,3,2,A,-,03,22350,NA,N,C,C,A,A,H,-,C,A,0,NA,NA,NA,NA,Y,NA,A,01,0,1,2,0,0,0,0,0,0,-,-,NA,NA,ORANGE,ANAHEIM,-117.89608001708984,33.81060028076172