CASE_ID,ACCIDENT_YEAR,PROC_DATE,JURIS,COLLISION_DATE,COLLISION_TIME,OFFICER_ID,REPORTING_DISTRICT,DAY_OF_WEEK,CHP_SHIFT,POPULATION,CNTY_CITY_LOC,SPECIAL_COND,BEAT_TYPE,CHP_BEAT_TYPE,CITY_DIVISION_LAPD,CHP_BEAT_CLASS,BEAT_NUMBER,PRIMARY_RD,SECONDARY_RD,DISTANCE,DIRECTION,INTERSECTION,WEATHER_1,WEATHER_2,STATE_HWY_IND,CALTRANS_COUNTY,CALTRANS_DISTRICT,STATE_ROUTE,ROUTE_SUFFIX,POSTMILE_PREFIX,POSTMILE,LOCATION_TYPE,RAMP_INTERSECTION,SIDE_OF_HWY,TOW_AWAY,COLLISION_SEVERITY,NUMBER_KILLED,NUMBER_INJURED,PARTY_COUNT,PRIMARY_COLL_FACTOR,PCF_CODE_OF_VIOL,PCF_VIOL_CATEGORY,PCF_VIOLATION,PCF_VIOL_SUBSECTION,HIT_AND_RUN,TYPE_OF_COLLISION,MVIW,PED_ACTION,ROAD_SURFACE,ROAD_COND_1,ROAD_COND_2,LIGHTING,CONTROL_DEVICE,CHP_ROAD_TYPE,PEDESTRIAN_ACCIDENT,BICYCLE_ACCIDENT,MOTORCYCLE_ACCIDENT,TRUCK_ACCIDENT,NOT_PRIVATE_PROPERTY,ALCOHOL_INVOLVED,STWD_VEHTYPE_AT_FAULT,CHP_VEHTYPE_AT_FAULT,COUNT_SEVERE_INJ,COUNT_VISIBLE_INJ,COUNT_COMPLAINT_PAIN,COUNT_PED_KILLED,COUNT_PED_INJURED,COUNT_BICYCLIST_KILLED,COUNT_BICYCLIST_INJURED,COUNT_MC_KILLED,COUNT_MC_INJURED,PRIMARY_RAMP,SECONDARY_RAMP,LATITUDE,LONGITUDE,COUNTY,CITY,POINT_X,POINT_Y
81954920,2022,2022-12-29,3010,2022-12-22,1927,0147,271,4,5,6,3010,0,0,0,NA,0,006,WARNER AVE,GOLDENWEST ST,545,E,N,A,-,N,NA,NA,NA,NA,NA,NA,NA,NA,NA,N,4,0,1,3,A,-,03,22350,NA,N,C,C,A,A,H,-,C,A,0,NA,NA,NA,NA,Y,NA,A,01,0,0,1,0,0,0,0,0,0,-,-,33.71464920043945,-118.00665283203124,ORANGE,HUNTINGTON BEACH,-118.0048828125,33.715511322021484
81956206,2022,2022-12-30,3024,2022-10-25,0303,472,P-20,2,5,5,3024,0,0,0,NA,0,EAST,MAGNOLIA STREET,OASIS AVENUE,30,S,N,A,-,N,NA,NA,NA,NA,NA,NA,NA,NA,NA,Y,4,0,1,4,A,-,01,23152,A,N,C,E,A,A,H,-,C,D,0,NA,NA,NA,NA,Y,Y,A,01,0,0,1,0,0,0,0,0,0,-,-,33.755428314208984,-117.97503662109376,ORANGE,WESTMINSTER,-117.97238159179688,33.756256103515625
81956999,2022,2023-01-02,3024,2022-10-27,0859,155,P-26,4,5,5,3024,0,0,0,NA,0,EAST,MAGNOLIA STREET,CHAMPION AVENUE,105,S,N,A,-,N,NA,NA,NA,NA,NA,NA,NA,NA,NA,N,4,0,1,2,A,-,03,22350,NA,N,C,C,A,A,H,-,A,A,0,NA,NA,NA,NA,Y,NA,I,11,0,0,1,0,0,0,0,0,0,-,-,33.74673080444336,-117.97219848632813,ORANGE,WESTMINSTER,-117.97247314453124,33.748130798339844
81957197,2022,2023-01-02,3019,2022-11-05,1036,3734,WE,6,5,7,3019,0,0,0,NA,0,001,NEWHOPE STREET,FLIGHT AVENUE,215,N,N,A,-,N,NA,NA,NA,NA,NA,NA,NA,NA,NA,Y,4,0,1,2,D,-,00,NA,NA,N,D,C,A,A,H,-,A,D,0,NA,NA,NA,NA,Y,NA,-,-,0,0,1,0,0,0,0,0,0,-,-,33.73598861694336,-117.92897033691406,ORANGE,SANTA ANA,-117.92864227294922,33.73659133911133
81957240,2022,2023-01-02,3019,2022-12-08,1803,3716,SC,4,5,7,3019,0,0,0,NA,0,004,1ST STREET,CENTER STREET,0,NA,Y,A,-,N,NA,NA,NA,NA,NA,NA,NA,NA,NA,N,3,0,3,2,A,-,09,21453,C,N,D,C,A,A,H,-,C,A,0,NA,NA,NA,NA,Y,NA,A,01,0,1,2,0,0,0,0,0,0,-,-,33.745269775390625,-117.89810180664063,ORANGE,SANTA ANA,-117.89810180664063,33.745330810546875
81957307,2022,2023-01-02,3019,2022-12-20,0859,2801,SC,2,5,7,3019,0,0,0,NA,0,004,FLOWER STREET,MCFADDEN AVENUE,319,S,N,A,-,N,NA,NA,NA,NA,NA,NA,NA,NA,NA,Y,3,0,1,1,A,-,01,23152,F,N,E,I,A,A,H,-,A,D,0,NA,NA,NA,NA,Y,NA,D,22,0,1,0,0,0,0,0,0,0,-,-,33.73448944091797,-117.87647247314452,ORANGE,SANTA ANA,-117.87647247314452,33.73362731933594
81957713,2022,2024-01-09,3014,2022-12-11,1344,1555,RD16,7,5,5,3014,0,0,0,NA,0,A1,SR-1 (W COAST HWY),61ST ST,1053,E,N,B,-,Y,ORA,NA,1,NA,NA,20.735,H,NA,R,Y,2,0,1,2,A,-,03,22350,NA,N,B,C,A,B,H,-,A,D,0,NA,NA,Y,NA,Y,NA,C,02,1,0,0,0,0,0,0,0,1,-,-,33.625099182128906,-117.94458770751952,ORANGE,NEWPORT BEACH,-117.944580078125,33.62515640258789
81957719,2022,2023-01-02,3014,2022-12-15,1651,1501,RD51,4,5,5,3014,0,0,0,NA,0,A4,MACARTHUR BLVD,SAN JAOQUIN HILLS RD,125,N,N,A,-,N,NA,NA,NA,NA,NA,NA,NA,NA,NA,Y,4,0,2,5,A,-,08,22107,NA,N,B,C,A,A,H,-,B,A,0,NA,NA,NA,NA,Y,NA,A,01,0,0,2,0,0,0,0,0,0,-,-,33.6150016784668,-117.86638641357422,ORANGE,NEWPORT BEACH,-117.86675262451172,33.61488342285156
81958861,2022,2023-01-03,3014,2022-12-30,1415,1520,RD26,5,5,5,3014,0,0,0,NA,0,A2,SR-1 (W. COAST HWY),BAYSHORE DR,654,W,N,C,-,Y,ORA,NA,1,NA,NA,18.574,H,NA,R,Y,4,0,3,3,A,-,03,22350,NA,N,C,C,A,B,H,-,A,A,0,NA,NA,NA,NA,Y,NA,D,22,0,0,3,0,0,0,0,0,0,-,-,33.615989685058594,-117.90959167480467,ORANGE,NEWPORT BEACH,-117.90959167480467,33.616085052490234
81959153,2022,2023-01-04,3026,2022-12-28,0001,657,NA,3,5,6,3026,0,0,0,NA,0,005,WEST YALE LOOP,ECHO RUN,324,E,N,C,-,N,NA,NA,NA,NA,NA,NA,NA,NA,NA,Y,4,0,4,1,A,-,03,22350,NA,N,E,I,A,B,H,-,C,D,0,NA,NA,NA,NA,Y,NA,A,01,0,0,4,0,0,0,0,0,0,-,-,NA,NA,ORANGE,IRVINE,-117.81240081787108,33.668853759765625
81959182,2022,2023-01-04,3001,2022-12-28,0920,A1880,D-1,3,5,7,3001,0,0,0,NA,0,D-1,BEACH BOULEVARD,ORANGE AVENUE,193,N,N,B,-,Y,NA,NA,NA,NA,NA,NA,NA,NA,NA,N,4,0,1,2,A,-,03,22350,NA,N,C,C,A,B,H,-,A,D,0,NA,NA,NA,NA,Y,NA,A,07,0,0,1,0,0,0,0,0,0,-,-,NA,NA,ORANGE,ANAHEIM,-117.99324798583984,33.82529067993164
81959203,2022,2023-01-04,3001,2022-12-31,1523,A2467,D-3,6,5,7,3001,0,0,0,NA,0,D-3,ANAHEIM BOULEVARD,ANAHEIM WAY,178,N,N,C,-,N,NA,NA,NA,NA,NA,NA,NA,NA,NA,Y,3,0,1,1,A,-,08,22107,NA,N,E,I,A,B,H,-,A,D,0,NA,NA,NA,NA,Y,NA,A,01,0,1,0,0,0,0,0,0,0,-,-,33.80617141723633,-117.90646362304688,ORANGE,ANAHEIM,-117.9059600830078,33.80766677856445
81959282,2022,2023-01-04,3008,2022-09-09,1214,1630,ZONE,5,5,6,3008,0,0,0,NA,0,NA,ACACIA AVE,VALENCIA DR,0,NA,Y,B,-,N,NA,NA,NA,NA,NA,NA,NA,NA,NA,Y,4,0,1,2,A,-,09,21802,A,N,D,C,A,A,H,-,A,A,0,NA,NA,NA,NA,Y,NA,A,01,0,0,1,0,0,0,0,0,0,-,-,NA,NA,ORANGE,FULLERTON,-117.89820098876952,33.86682891845703
8195963,2016,2017-01-03,3014,2016-12-17,1000,1418,RD15,6,5,5,3014,0,0,0,NA,0,0A1,27TH ST,OCEAN FRONT ALLEY W,0,NA,Y,A,-,N,NA,NA,NA,NA,NA,NA,NA,NA,NA,N,2,0,1,2,A,-,09,21804,A,N,H,G,A,A,H,-,A,D,0,NA,Y,NA,NA,Y,NA,L,04,1,0,0,0,0,0,1,0,0,-,-,33.6115,-117.931,ORANGE,NEWPORT BEACH,-117.93139004,33.61135001
81962239,2022,2023-01-09,3001,2022-12-22,1512,A2812,D-2,4,5,7,3001,0,0,0,NA,0,D-2,COMMERCIAL STREET,ANAHEIM BOULEVARD,680,E,N,A,-,N,NA,NA,NA,NA,NA,NA,NA,NA,NA,N,2,0,1,2,A,-,03,22350,NA,N,B,C,A,A,H,-,A,D,0,NA,NA,Y,NA,Y,Y,C,02,1,0,0,0,0,0,0,0,1,-,-,33.851539611816406,-117.91932678222656,ORANGE,ANAHEIM,-117.91764068603516,33.8526496887207
81962602,2023,2023-01-09,3010,2023-01-03,652,2220,169,2,5,6,3010,0,0,0,NA,0,007,GOLDENWEST ST,NORMA DR,40,N,N,B,C,N,NA,NA,NA,NA,NA,NA,NA,NA,NA,Y,4,0,1,2,D,-,00,NA,NA,N,D,C,A,B,H,-,B,A,0,NA,NA,NA,NA,Y,NA,-,-,0,0,1,0,0,0,0,0,0,-,-,33.71826171875,-118.00662231445313,ORANGE,HUNTINGTON BEACH,-118.00662994384766,33.71928787231445
81962607,2023,2023-01-09,3010,2023-01-04,1615,2258,272,3,5,6,3010,0,0,0,NA,0,006,WARNER AVE,NICHOLS ST,36,W,N,A,-,N,NA,NA,NA,NA,NA,NA,NA,NA,NA,Y,3,0,1,2,A,-,03,22350,NA,N,C,C,A,B,H,-,A,A,0,NA,NA,NA,NA,Y,NA,A,01,0,1,0,0,0,0,0,0,0,-,-,33.714561462402344,-117.99578094482422,ORANGE,HUNTINGTON BEACH,-117.99585723876952,33.715675354003906
81962648,2022,2023-01-09,3008,2022-09-07,1020,1158,NA,3,5,6,3008,0,0,0,NA,0,NA,EUCLID ST,HILL AVE,54,S,N,A,-,N,NA,NA,NA,NA,NA,NA,NA,NA,NA,Y,4,0,1,2,A,-,03,22350,NA,N,C,C,A,A,H,-,A,A,0,NA,NA,NA,NA,Y,NA,A,01,0,0,1,0,0,0,0,0,0,-,-,NA,NA,ORANGE,FULLERTON,-117.94185638427734,33.86172103881836
81962977,2022,2023-01-09,3008,2022-09-29,0733,1582,ZONE,4,5,6,3008,0,0,0,NA,0,NA,PLACENTIA AVE,YORBA LINDA BLVD,0,NA,Y,A,-,N,NA,NA,NA,NA,NA,NA,NA,NA,NA,Y,4,0,2,2,A,-,09,21801,A,N,D,C,A,A,H,-,A,A,0,NA,NA,NA,NA,Y,NA,A,01,0,0,2,0,0,0,0,0,0,-,-,NA,NA,ORANGE,FULLERTON,-117.87454986572266,33.88902282714844
81965123,2023,2023-01-11,3001,2023-01-09,1258,A2798,D-2,1,5,7,3001,0,0,0,NA,0,D-2,HARBOR BOULEVARD,EB 91 OFF-RAMP,0,NA,Y,B,-,N,NA,NA,NA,NA,NA,NA,NA,NA,NA,N,4,0,1,2,A,-,17,21451,A,N,D,C,A,B,H,-,A,A,0,NA,NA,NA,Y,Y,NA,-,-,0,0,1,0,0,0,0,0,0,-,-,NA,NA,ORANGE,ANAHEIM,-117.92436,33.853132
81967245,2022,2023-01-12,3007,2022-12-21,2112,324,46,3,5,5,3007,0,0,0,NA,0,002,WARNER,LOS JARDINES WEST,0,NA,Y,A,-,N,NA,NA,NA,NA,NA,NA,NA,NA,NA,Y,4,0,1,2,A,-,12,21453,A,N,D,C,A,A,H,-,C,A,0,NA,NA,NA,NA,Y,NA,D,23,0,0,1,0,0,0,0,0,0,-,-,NA,NA,ORANGE,FOUNTAIN VALLEY,-117.94136810302734,33.716285705566406
81968450,2022,2023-01-16,3008,2022-11-28,1753,1579,ZONE,1,5,6,3008,0,0,0,NA,0,NA,STATE COLLEGE BLVD,ORANGETHORPE AVE,35,S,N,A,-,N,NA,NA,NA,NA,NA,NA,NA,NA,NA,N,4,0,1,2,A,-,08,22100,A,N,D,C,A,A,H,-,C,A,0,NA,NA,NA,NA,Y,NA,A,01,0,0,1,0,0,0,0,0,0,-,-,NA,NA,ORANGE,FULLERTON,-117.889404296875,33.85954284667969
81968513,2022,2023-01-16,3024,2022-11-27,2010,536,P-36,7,5,5,3024,0,0,0,NA,0,EAST,WARD STREET,CUNNINGHAM AVENUE,26,N,N,A,-,N,NA,NA,NA,NA,NA,NA,NA,NA,NA,Y,4,0,1,2,A,-,09,21801,A,N,D,C,A,A,H,-,C,D,0,NA,NA,NA,NA,Y,NA,A,01,0,0,1,0,0,0,0,0,0,-,-,33.7382698059082,-117.94911956787108,ORANGE,WESTMINSTER,-117.9460678100586,33.73963928222656
81968514,2022,2023-01-16,3024,2022-11-28,1521,501,P-21,1,5,5,3024,0,0,0,NA,0,EAST,WESTMINSTER AVENUE,SWAN STREET,30,W,N,A,-,N,NA,NA,NA,NA,NA,NA,NA,NA,NA,Y,4,0,1,2,A,-,03,22350,NA,N,B,C,A,A,H,-,A,D,0,NA,NA,NA,NA,Y,NA,D,22,0,0,1,0,0,0,0,0,0,-,-,NA,NA,ORANGE,WESTMINSTER,-117.96588897705078,33.75946044921875
81968801,2022,2023-01-16,3022,2022-11-14,1451,1050,NA,1,5,5,3022,0,0,0,NA,0,NA,MOFFETT DR,DOWNS ROAD,32,W,N,A,-,N,NA,NA,NA,NA,NA,NA,NA,NA,NA,Y,3,0,1,1,A,-,08,22107,NA,N,E,I,A,A,H,-,A,D,0,NA,NA,NA,NA,Y,NA,A,01,0,1,0,0,0,0,0,0,0,-,-,NA,NA,ORANGE,TUSTIN,NA,NA
81969256,2023,2023-01-17,3010,2023-01-11,1155,2218,444,3,5,6,3010,0,0,0,NA,0,003,ADAMS AVE,NEWLAND ST,0,NA,Y,A,-,N,NA,NA,NA,NA,NA,NA,NA,NA,NA,Y,3,0,3,2,A,-,12,21453,A,N,D,C,A,A,H,-,A,A,0,NA,NA,NA,NA,Y,NA,A,01,0,3,0,0,0,0,0,0,0,-,-,33.672210693359375,-117.97965240478516,ORANGE,HUNTINGTON BEACH,-117.97991943359376,33.67216873168945
8196938,2016,2017-01-19,3003,2016-11-13,0938,1187,113,7,5,5,3003,0,0,0,NA,0,005,LINCOLN AV,HOLDER ST,0,NA,Y,A,-,N,NA,NA,NA,NA,NA,NA,NA,NA,NA,Y,4,0,2,2,A,-,12,21453,A,N,D,C,A,A,H,-,A,A,0,NA,NA,NA,NA,Y,NA,I,11,0,0,2,0,0,0,0,0,0,-,-,33.8321,-118.0197,ORANGE,BUENA PARK,-118.01969011,33.83189002
8197068,2016,2017-01-06,3014,2016-12-20,1520,1346,RD39,2,5,5,3014,0,0,0,NA,0,0A3,SAN MIGUEL DR,AVOCADO AV,15,W,N,A,-,N,NA,NA,NA,NA,NA,NA,NA,NA,NA,N,4,0,2,2,A,-,03,22350,NA,N,C,C,A,A,H,-,A,A,0,NA,NA,NA,NA,Y,Y,A,07,0,0,2,0,0,0,0,0,0,-,-,33.61187,-117.87118,ORANGE,NEWPORT BEACH,-117.87100536,33.61182856
8197093,2016,2017-01-09,3003,2016-12-24,2123,652,NA,6,5,5,3003,0,0,0,NA,0,NA,VALLEY VIEW ST,PATTON WY,139,NA,N,A,-,N,NA,NA,NA,NA,NA,NA,NA,NA,NA,N,4,0,2,1,A,-,03,22350,NA,N,F,J,A,C,B,-,C,A,0,NA,NA,Y,NA,Y,NA,C,02,0,0,2,0,0,0,0,0,2,-,-,33.852,-118.0286,ORANGE,BUENA PARK,-118.02864,33.85154008
8197124,2016,2017-03-02,3000,2016-12-02,2310,2742,992H3,5,5,5,3017,0,0,0,NA,0,778,AVENIDA PICO,RT 5,80,W,N,A,-,Y,ORA,12,5,-,-,3.612,R,4,S,Y,4,0,1,2,A,-,09,21804,A,N,D,C,A,A,H,-,C,D,0,NA,NA,Y,NA,Y,NA,A,01,0,0,1,0,0,0,0,0,1,-,-,NA,NA,ORANGE,SAN CLEMENTE,-117.62538917,33.44045763
81971395,2023,2023-01-19,3010,2023-01-17,1749,1015,175,2,5,6,3010,0,0,0,NA,0,008,WARNER AVE,ALGONQUIN ST,743,W,N,A,-,N,NA,NA,NA,NA,NA,NA,NA,NA,NA,N,3,0,2,2,A,-,01,23152,A,N,A,C,A,A,H,-,C,D,0,NA,NA,NA,NA,Y,Y,A,01,0,1,1,0,0,0,0,0,0,-,-,33.7147216796875,-118.04959869384766,ORANGE,HUNTINGTON BEACH,-118.05054473876952,33.712982177734375
8197152,2016,2017-01-05,3000,2016-12-21,1714,5377,951H1,3,5,5,3040,0,0,0,NA,0,743,MOULTON PKWY,RANCHO NIGUEL RD,750,N,N,C,-,N,NA,NA,NA,NA,NA,NA,NA,NA,NA,Y,4,0,1,4,A,-,03,22350,NA,N,C,C,A,B,H,-,C,A,0,NA,NA,NA,NA,Y,NA,A,07,0,0,1,0,0,0,0,0,0,-,-,NA,NA,ORANGE,LAGUNA NIGUEL,-117.69717651,33.55255218
8197153,2016,2017-01-04,3022,2016-12-14,1555,1169,NA,3,5,5,3022,0,0,0,NA,0,NA,REDHILL AV,EL CAMINO REAL,0,NA,Y,A,-,N,NA,NA,NA,NA,NA,NA,NA,NA,NA,Y,3,0,3,2,A,-,12,21453,A,M,D,C,A,A,H,-,A,A,0,NA,NA,NA,NA,Y,NA,A,01,0,1,2,0,0,0,0,0,0,-,-,33.73422,-117.81453,ORANGE,TUSTIN,-117.81467011,33.73427011
81973508,2022,2023-01-23,3016,2022-12-22,1429,2169,11,4,5,5,3016,0,0,0,NA,0,001,BASTANCHURY ROAD,MCCORMACK LANE,0,NA,Y,A,-,N,NA,NA,NA,NA,NA,NA,NA,NA,NA,Y,2,0,2,2,A,-,09,21801,A,N,D,C,A,A,H,-,A,A,0,NA,NA,NA,Y,Y,NA,A,07,1,0,1,0,0,0,0,0,0,-,-,33.89937973022461,-117.848388671875,ORANGE,PLACENTIA,-117.8484115600586,33.899383544921875
81973996,2023,2023-01-23,3010,2023-01-16,1553,1118,273,1,5,6,3010,0,0,0,NA,0,006,SLATER AVE,BEACH BL - SR39,100,E,N,A,-,Y,ORA,NA,39,NA,NA,4.044,H,NA,L,N,4,0,1,2,A,-,03,22350,NA,N,C,C,A,B,H,-,A,A,0,NA,NA,NA,NA,Y,NA,D,22,0,0,1,0,0,0,0,0,0,-,-,33.70724868774414,-117.98932647705078,ORANGE,HUNTINGTON BEACH,-117.98934173583984,33.70724868774414
81974870,2023,2023-01-23,3014,2023-01-18,1514,1520,RD34,3,5,5,3014,0,0,0,NA,0,A3,BIRCH ST,QUAIL ST,195,S,N,A,-,N,NA,NA,NA,NA,NA,NA,NA,NA,NA,Y,4,0,3,3,A,-,09,21804,A,N,D,C,A,A,H,-,A,D,0,NA,NA,NA,NA,Y,NA,A,01,0,0,3,0,0,0,0,0,0,-,-,NA,NA,ORANGE,NEWPORT BEACH,-117.87139129638672,33.663116455078125
81977595,2022,2023-01-26,3019,2022-10-16,1413,3749,SC,7,5,7,3019,0,0,0,NA,0,004,HARBOR BOULEVARD,WARNER AVENUE,0,NA,Y,B,-,N,NA,NA,NA,NA,NA,NA,NA,NA,NA,N,3,0,3,2,D,-,00,NA,NA,N,A,C,A,A,H,-,A,A,0,NA,NA,NA,NA,Y,NA,-,-,0,2,1,0,0,0,0,0,0,-,-,33.713741302490234,-117.92044830322266,ORANGE,SANTA ANA,-117.91981506347656,33.71379470825195
81989202,2023,2023-02-08,3001,2023-01-30,224,A2832,D-2,1,5,7,3001,0,0,0,NA,0,D-2,EAST STREET,SOUTH STREET,0,NA,Y,C,-,N,NA,NA,NA,NA,NA,NA,NA,NA,NA,Y,3,0,2,4,A,-,12,21453,A,N,D,C,A,B,H,-,C,A,0,NA,NA,NA,NA,Y,NA,A,07,0,2,0,0,0,0,0,0,0,-,-,33.82794189453125,-117.89969635009766,ORANGE,ANAHEIM,-117.89977264404295,33.829315185546875
81989317,2022,2023-02-08,3008,2022-12-24,1402,1578,ZONE,6,5,6,3008,0,0,0,NA,0,NA,COMMONWEALTH AVE,BROOKHURST RD,150,W,N,A,-,N,NA,NA,NA,NA,NA,NA,NA,NA,NA,N,4,0,1,2,A,-,09,21804,A,N,A,C,A,A,H,-,A,A,0,NA,NA,NA,NA,Y,NA,A,07,0,0,1,0,0,0,0,0,0,-,-,NA,NA,ORANGE,FULLERTON,-117.95989990234376,33.870121002197266
8198982,2016,2016-12-27,3026,2016-12-02,1802,6352,NA,5,5,6,3026,0,0,0,NA,0,00U,HARVARD AV,MICHELSON DR,18,N,N,A,-,N,NA,NA,NA,NA,NA,NA,NA,NA,NA,N,4,0,1,2,A,-,09,21453,B,N,D,C,A,A,H,-,C,A,0,NA,NA,NA,NA,Y,NA,A,01,0,0,1,0,0,0,0,0,0,-,-,NA,NA,ORANGE,IRVINE,-117.83330066,33.67061678
81991223,2022,2023-02-10,3015,2022-11-23,2248,1703,71S,3,5,6,3015,0,0,0,NA,0,NA,METROPOLITAN DR,THE CITY DR,0,N,Y,A,-,N,NA,NA,NA,NA,NA,NA,NA,NA,NA,N,3,0,1,2,A,-,10,21950,A,F,-,B,B,A,H,-,C,A,0,Y,NA,NA,NA,Y,NA,D,22,0,1,0,0,1,0,0,0,0,-,-,33.781158447265625,-117.88894653320313,ORANGE,ORANGE,-117.88907623291016,33.782318115234375
81993591,2022,2023-02-14,3001,2022-08-01,2145,A1962,NA,1,5,7,3001,0,0,0,NA,0,NA,BUSH STREET,WILHELMINA STREET,344,S,N,A,-,N,NA,NA,NA,NA,NA,NA,NA,NA,NA,N,4,0,1,2,A,-,08,22107,NA,N,C,E,A,A,H,-,C,D,0,NA,NA,NA,NA,Y,NA,A,01,0,0,1,0,0,0,0,0,0,-,-,33.84403991699219,-117.9065170288086,ORANGE,ANAHEIM,-117.90638732910156,33.84330368041992
81993684,2022,2023-02-14,3008,2022-10-05,0747,1582,ZONE,3,5,6,3008,0,0,0,NA,0,NA,CHAPMAN AVE,ACACIA AVE,0,NA,Y,A,-,N,NA,NA,NA,NA,NA,NA,NA,NA,NA,Y,4,0,2,2,A,-,09,21801,A,N,D,C,A,A,H,-,A,A,0,NA,NA,NA,NA,Y,NA,A,01,0,0,2,0,0,0,0,0,0,-,-,NA,NA,ORANGE,FULLERTON,-117.89833068847656,33.87416458129883
8199430,2016,2017-01-04,3001,2016-12-14,1519,A1252,NA,3,5,7,3001,0,0,0,NA,0,0D1,WEST BROADWAY,BROADVIEW ST,43,W,N,B,-,N,NA,NA,NA,NA,NA,NA,NA,NA,NA,Y,4,0,1,2,A,-,03,22350,NA,N,C,C,A,A,H,-,A,D,0,NA,NA,NA,NA,Y,NA,A,01,0,0,1,0,0,0,0,0,0,-,-,NA,NA,ORANGE,ANAHEIM,-117.94862126,33.82887
81994436,2023,2023-02-14,3014,2023-02-12,1052,1527,RD24,7,5,5,3014,0,0,0,NA,0,A2,PLACENTIA AVE,15TH ST W,0,NA,Y,A,-,N,NA,NA,NA,NA,NA,NA,NA,NA,NA,Y,4,0,1,2,A,-,09,21801,A,N,A,C,A,A,H,-,A,A,0,NA,NA,NA,NA,Y,NA,A,07,0,0,1,0,0,0,0,0,0,-,-,33.628990173339844,-117.93160247802734,ORANGE,NEWPORT BEACH,-117.93180847167967,33.628868103027344
81998460,2023,2023-02-21,3001,2023-02-19,1850,A2755,D-2,7,5,7,3001,0,0,0,NA,0,D-2,LEMON STREET,RT 91 WBOFF/R,0,NA,Y,A,-,Y,ORA,NA,91,NA,NA,3.519,H,NA,L,Y,3,0,2,2,A,-,12,21453,A,N,D,C,A,A,H,-,C,A,0,NA,NA,NA,NA,Y,NA,A,07,0,1,1,0,0,0,0,0,0,-,-,33.854530334472656,-117.9197006225586,ORANGE,ANAHEIM,-117.91971588134766,33.854331970214844
81999060,2023,2023-02-21,3014,2023-02-15,1234,1555,RD35,3,5,5,3014,0,0,0,NA,0,A3,JAMBOREE RD,BAYVIEW WAY,33,N,N,A,-,N,NA,NA,NA,NA,NA,NA,NA,NA,NA,Y,3,0,1,2,A,-,03,22350,NA,N,C,C,A,A,H,-,A,A,0,NA,NA,NA,NA,Y,NA,A,01,0,1,0,0,0,0,0,0,0,-,-,33.653099060058594,-117.86669158935548,ORANGE,NEWPORT BEACH,-117.86685180664063,33.65296936035156
82000733,2023,2023-02-23,3019,2023-01-29,1700,3838,WE,7,5,7,3019,0,0,0,NA,0,001,HARBOR BOULEVARD,WARNER AVENUE,384,S,N,-,-,N,NA,NA,NA,NA,NA,NA,NA,NA,NA,N,3,0,1,2,A,-,09,21804,A,N,E,I,A,A,H,-,B,A,0,NA,NA,Y,NA,Y,NA,A,01,0,1,0,0,0,0,0,0,1,-,-,33.71403121948242,-117.91996002197266,ORANGE,SANTA ANA,-117.91979217529295,33.712738037109375
82000760,2023,2023-02-23,3019,2023-02-01,943,3637,WE,3,5,7,3019,0,0,0,NA,0,001,WESTMINSTER AVENUE,HARBOR BOULEVARD,0,NA,Y,A,-,N,NA,NA,NA,NA,NA,NA,NA,NA,NA,Y,4,0,2,3,A,-,12,21453,A,N,D,C,A,A,H,-,A,A,0,NA,NA,NA,NA,Y,NA,A,01,0,0,2,0,0,0,0,0,0,-,-,33.75967025756836,-117.92011260986328,ORANGE,SANTA ANA,-117.92034149169922,33.759727478027344
8200318,2017,2017-03-15,3001,2017-02-23,2209,415,NA,4,5,7,3001,0,0,0,NA,0,0D1,LA PALMA AV,MAGNOLIA AV,252,E,N,A,-,N,NA,NA,NA,NA,NA,NA,NA,NA,NA,Y,4,0,2,3,A,-,08,22107,NA,N,C,E,A,A,H,-,C,D,0,NA,NA,NA,NA,Y,NA,A,07,0,0,2,0,0,0,0,0,0,-,-,NA,NA,ORANGE,ANAHEIM,-117.97531195,33.84685
8200459,2017,2017-03-14,3015,2017-02-12,0145,1556,43,7,5,6,3015,0,0,0,NA,0,131,S TUSTIN ST,E SEBA AV,0,NA,Y,A,-,N,NA,NA,NA,NA,NA,NA,NA,NA,NA,Y,4,0,1,2,A,-,12,21453,A,F,A,C,A,A,H,-,C,A,0,NA,NA,NA,NA,Y,NA,-,-,0,0,1,0,0,0,0,0,0,-,-,NA,NA,ORANGE,ORANGE,-117.83575004,33.7758601
8200575,2017,2017-03-14,3019,2017-02-23,1910,3492,WE,4,5,7,3019,0,0,0,NA,0,001,FAIRVIEW ST,1ST ST,0,NA,Y,A,-,N,NA,NA,NA,NA,NA,NA,NA,NA,NA,N,4,0,1,2,A,-,03,22350,NA,F,C,C,A,A,H,-,C,A,0,NA,NA,NA,NA,Y,NA,A,01,0,0,1,0,0,0,0,0,0,-,-,NA,NA,ORANGE,SANTA ANA,-117.90535003,33.7452801
8200872,2017,2017-03-30,3004,2017-03-06,1808,P649,17,1,5,6,3004,0,0,0,NA,0,010,W BAKER ST,BEAR ST,462,E,N,A,-,N,NA,NA,NA,NA,NA,NA,NA,NA,NA,N,4,0,3,3,A,-,03,22350,NA,N,C,C,A,A,H,-,C,A,0,NA,NA,NA,NA,Y,NA,D,22,0,0,3,0,0,0,0,0,0,-,-,33.6801,-117.8929,ORANGE,COSTA MESA,-117.89299512,33.68009