CASE_ID,ACCIDENT_YEAR,PROC_DATE,JURIS,COLLISION_DATE,COLLISION_TIME,OFFICER_ID,REPORTING_DISTRICT,DAY_OF_WEEK,CHP_SHIFT,POPULATION,CNTY_CITY_LOC,SPECIAL_COND,BEAT_TYPE,CHP_BEAT_TYPE,CITY_DIVISION_LAPD,CHP_BEAT_CLASS,BEAT_NUMBER,PRIMARY_RD,SECONDARY_RD,DISTANCE,DIRECTION,INTERSECTION,WEATHER_1,WEATHER_2,STATE_HWY_IND,CALTRANS_COUNTY,CALTRANS_DISTRICT,STATE_ROUTE,ROUTE_SUFFIX,POSTMILE_PREFIX,POSTMILE,LOCATION_TYPE,RAMP_INTERSECTION,SIDE_OF_HWY,TOW_AWAY,COLLISION_SEVERITY,NUMBER_KILLED,NUMBER_INJURED,PARTY_COUNT,PRIMARY_COLL_FACTOR,PCF_CODE_OF_VIOL,PCF_VIOL_CATEGORY,PCF_VIOLATION,PCF_VIOL_SUBSECTION,HIT_AND_RUN,TYPE_OF_COLLISION,MVIW,PED_ACTION,ROAD_SURFACE,ROAD_COND_1,ROAD_COND_2,LIGHTING,CONTROL_DEVICE,CHP_ROAD_TYPE,PEDESTRIAN_ACCIDENT,BICYCLE_ACCIDENT,MOTORCYCLE_ACCIDENT,TRUCK_ACCIDENT,NOT_PRIVATE_PROPERTY,ALCOHOL_INVOLVED,STWD_VEHTYPE_AT_FAULT,CHP_VEHTYPE_AT_FAULT,COUNT_SEVERE_INJ,COUNT_VISIBLE_INJ,COUNT_COMPLAINT_PAIN,COUNT_PED_KILLED,COUNT_PED_INJURED,COUNT_BICYCLIST_KILLED,COUNT_BICYCLIST_INJURED,COUNT_MC_KILLED,COUNT_MC_INJURED,PRIMARY_RAMP,SECONDARY_RAMP,LATITUDE,LONGITUDE,COUNTY,CITY,POINT_X,POINT_Y
8779681,2018,2019-01-29,3000,2018-12-06,1806,10576,921J1,4,5,5,3028,0,0,0,NA,0,753,ALICIA PKWY,RT 5,0,NA,Y,A,C,Y,ORA,12,5,-,-,17.297,R,4,N,Y,4,0,1,2,A,-,12,21453,A,N,D,C,A,B,H,-,C,A,0,NA,NA,NA,NA,Y,NA,A,08,0,0,1,0,0,0,0,0,0,-,TO,NA,NA,ORANGE,MISSION VIEJO,-117.68798828125,33.603065490722656
8783196,2018,2019-01-25,3015,2018-12-14,0138,1623,41E,5,5,6,3015,0,0,0,NA,0,113,WEST CHAPMAN AV,S ANITA ST,380,W,N,A,-,N,NA,NA,NA,NA,NA,NA,NA,NA,NA,Y,3,0,1,1,A,-,05,21650,NA,M,E,I,A,A,H,-,C,D,0,NA,NA,NA,NA,Y,Y,A,01,0,1,0,0,0,0,0,0,0,-,-,NA,NA,ORANGE,ORANGE,-117.88243103027344,33.787879943847656
8783399,2018,2019-01-26,3008,2018-10-12,0643,1544,NA,5,5,6,3008,0,0,0,NA,0,0Z2,COMMONWEALTH AV,LEMON ST,0,NA,Y,A,-,N,NA,NA,NA,NA,NA,NA,NA,NA,NA,Y,4,0,1,2,A,-,09,21801,A,N,A,C,A,A,H,-,A,A,0,NA,NA,NA,NA,Y,NA,A,08,0,0,1,0,0,0,0,0,0,-,-,NA,NA,ORANGE,FULLERTON,-117.91982269287108,33.870391845703125
8784157,2019,2019-02-15,3003,2019-01-30,1201,1184,NA,3,5,5,3003,0,0,0,NA,0,004,KNOTT AV,THELMA AV,0,NA,Y,A,-,N,NA,NA,NA,NA,NA,NA,NA,NA,NA,Y,4,0,2,2,A,-,09,21801,A,N,D,C,A,A,H,-,A,A,0,NA,NA,NA,NA,Y,NA,-,NA,0,0,2,0,0,0,0,0,0,-,-,33.850799560546875,-118.01300048828124,ORANGE,BUENA PARK,-118.01126098632813,33.850791931152344
8784592,2019,2019-02-19,3007,2019-01-29,2004,297,28,2,5,5,3007,0,0,0,NA,0,002,HARBOR,EDINGER,15,N,N,A,-,N,NA,NA,NA,NA,NA,NA,NA,NA,NA,Y,4,0,1,2,A,-,03,22350,NA,N,C,C,A,A,H,-,C,A,0,NA,NA,NA,NA,Y,NA,A,01,0,0,1,0,0,0,0,0,0,-,-,NA,NA,ORANGE,FOUNTAIN VALLEY,-117.91985321044922,33.7274284362793
8784600,2019,2019-04-09,3007,2019-01-25,1655,315,55,5,5,5,3007,0,0,0,NA,0,003,TALBERT,BROOKHURST,355,E,N,A,-,N,NA,NA,NA,NA,NA,NA,NA,NA,NA,Y,4,0,1,2,A,-,09,21801,A,N,A,C,A,A,H,-,A,A,0,NA,NA,NA,NA,Y,NA,A,08,0,0,1,0,0,0,0,0,0,-,-,NA,NA,ORANGE,FOUNTAIN VALLEY,-117.95326995849608,33.70176315307617
8786122,2019,2019-02-04,3015,2019-01-05,1451,1372,22E,6,5,6,3015,0,0,0,NA,0,732,W LA VETA AV,S BATAVIA ST,0,NA,Y,A,-,N,NA,NA,NA,NA,NA,NA,NA,NA,NA,Y,3,0,1,3,A,-,12,21453,A,N,D,C,A,A,H,-,A,A,0,NA,NA,NA,NA,Y,NA,A,07,0,1,0,0,0,0,0,0,0,-,-,NA,NA,ORANGE,ORANGE,-117.86174011230467,33.78050994873047
8786525,2019,2019-02-06,3007,2019-01-12,2021,312,33,6,5,5,3007,0,0,0,NA,0,001,WARNER,MAGNOLIA,0,NA,Y,A,-,N,NA,NA,NA,NA,NA,NA,NA,NA,NA,Y,4,0,1,2,A,-,08,22107,NA,N,-,C,A,A,H,-,C,A,0,NA,NA,NA,NA,Y,NA,A,01,0,0,1,0,0,0,0,0,0,-,-,NA,NA,ORANGE,FOUNTAIN VALLEY,-117.97196197509766,33.71574020385742
8786599,2018,2019-02-07,3007,2018-11-22,1823,303,29,4,5,5,3007,0,0,0,NA,0,002,EDINGER,MT GUSTIN,6,N,N,A,-,N,NA,NA,NA,NA,NA,NA,NA,NA,NA,Y,4,0,1,1,A,-,03,22350,NA,N,E,I,A,A,H,-,C,D,0,NA,NA,NA,NA,Y,NA,A,01,0,0,1,0,0,0,0,0,0,-,-,NA,NA,ORANGE,FOUNTAIN VALLEY,-117.91851806640624,33.72740173339844
8786946,2019,2019-02-11,3000,2019-01-16,1000,9684,921G1,3,5,4,3045,0,0,0,NA,0,745,PASEO DE VALENCIA,LOS ALISOS BL,151,S,N,C,-,N,NA,NA,NA,NA,NA,NA,NA,NA,NA,Y,4,0,1,1,A,-,08,22107,NA,N,B,I,A,B,H,-,A,A,0,NA,NA,NA,NA,Y,NA,A,01,0,0,1,0,0,0,0,0,0,-,-,NA,NA,ORANGE,LAGUNA HILLS,-117.70350646972656,33.604339599609375
8787526,2019,2019-02-05,3009,2019-01-13,1137,4739,143,7,5,6,3009,0,0,0,NA,0,022,LAMPSON AV,HARBOR BL,100,E,N,A,-,N,NA,NA,NA,NA,NA,NA,NA,NA,NA,N,4,0,1,2,A,-,09,21804,A,N,B,C,A,A,H,-,A,A,0,NA,NA,NA,NA,Y,NA,A,01,0,0,1,0,0,0,0,0,0,-,-,NA,NA,ORANGE,GARDEN GROVE,-117.91461944580078,33.781639099121094
8787542,2019,2019-02-05,3009,2019-01-03,1742,3739,071,4,5,6,3009,0,0,0,NA,0,012,JOYZELLE DR,MAGNOLIA ST,4,W,N,A,-,N,NA,NA,NA,NA,NA,NA,NA,NA,NA,N,3,0,1,2,A,-,05,21650,NA,N,D,G,A,A,H,-,C,A,0,NA,Y,NA,NA,Y,NA,L,04,0,1,0,0,0,0,1,0,0,-,-,NA,NA,ORANGE,GARDEN GROVE,-117.97560119628906,33.79793930053711
8787654,2018,2019-01-24,3001,2018-11-17,2331,415,D2,6,5,7,3001,0,0,0,NA,0,023,EAST ST,SYCAMORE ST,11,S,N,A,-,N,NA,NA,NA,NA,NA,NA,NA,NA,NA,N,4,0,1,2,A,-,09,21801,A,N,D,C,A,A,H,-,C,A,0,NA,NA,Y,NA,Y,NA,C,02,0,0,1,0,0,0,0,0,1,-,-,NA,NA,ORANGE,ANAHEIM,-117.90406799316406,33.842411041259766
8787876,2019,2019-02-02,3014,2019-01-14,0918,1395,RD34,1,5,5,3014,0,0,0,NA,0,0A3,BIRCH ST,DOVE ST,0,NA,Y,C,-,N,NA,NA,NA,NA,NA,NA,NA,NA,NA,Y,3,0,7,4,A,-,12,21453,A,N,D,C,A,B,H,-,A,A,0,NA,NA,NA,NA,Y,NA,A,01,0,1,6,0,0,0,0,0,0,-,-,33.66630172729492,-117.86820220947266,ORANGE,NEWPORT BEACH,-117.86820220947266,33.66632843017578
8788588,2018,2019-01-26,3003,2018-12-28,1850,1212,NA,5,5,5,3003,0,0,0,NA,0,NA,WESTERN AV,EL CAPITAN WY,261,S,N,A,-,N,NA,NA,NA,NA,NA,NA,NA,NA,NA,Y,4,0,1,3,A,-,01,23152,A,F,D,C,A,A,H,-,C,D,0,NA,NA,NA,NA,Y,Y,-,NA,0,0,1,0,0,0,0,0,0,-,-,NA,NA,ORANGE,BUENA PARK,-118.0024185180664,33.85386276245117
8788906,2018,2019-01-25,3026,2018-12-02,1726,577,NA,7,5,6,3026,0,0,0,NA,0,00P,CULVER,FARWELL,0,NA,Y,A,-,N,NA,NA,NA,NA,NA,NA,NA,NA,NA,Y,3,0,2,2,D,-,00,NA,NA,N,F,C,A,A,H,-,C,A,0,NA,NA,NA,NA,Y,NA,-,-,0,2,0,0,0,0,0,0,0,-,-,NA,NA,ORANGE,IRVINE,-117.7783432006836,33.714210510253906
8789868,2018,2019-02-19,3001,2018-11-28,1529,2115,NA,3,5,7,3001,0,0,0,NA,0,0D1,DALE AV,CRESCENT AV,10,S,N,A,-,N,NA,NA,NA,NA,NA,NA,NA,NA,NA,N,3,0,1,2,A,-,00,21801,C,N,D,G,A,A,H,-,A,A,0,NA,Y,NA,NA,Y,NA,D,22,0,1,0,0,0,0,1,0,0,-,-,NA,NA,ORANGE,ANAHEIM,-117.9848175048828,33.83945083618164
8790023,2019,2019-02-07,3005,2019-01-30,0750,7694,C22,3,5,4,3005,0,0,0,NA,0,002,BALL RD,GRAHAM ST,15,W,N,B,-,N,NA,NA,NA,NA,NA,NA,NA,NA,NA,N,4,0,1,2,A,-,05,21650,1,N,D,G,A,A,H,-,A,D,0,NA,Y,NA,NA,Y,NA,L,04,0,0,1,0,0,0,1,0,0,-,-,NA,NA,ORANGE,CYPRESS,-118.03470611572266,33.81707763671875
8790081,2019,2019-02-20,3004,2019-01-02,1404,P462,02,3,5,6,3004,0,0,0,NA,0,015,SUPERIOR AV,16TH ST,0,NA,Y,A,-,N,NA,NA,NA,NA,NA,NA,NA,NA,NA,Y,4,0,1,2,A,-,12,21453,A,N,D,C,A,A,H,-,A,A,0,NA,NA,NA,NA,Y,NA,-,-,0,0,1,0,0,0,0,0,0,-,-,33.63249969482422,-117.92723846435548,ORANGE,COSTA MESA,-117.92725372314452,33.632469177246094
8790134,2019,2019-02-22,3009,2019-01-20,0351,1657,126,7,5,6,3009,0,0,0,NA,0,023,NEWHOPE ST,WESTMINSTER AV,59,N,N,A,-,N,NA,NA,NA,NA,NA,NA,NA,NA,NA,Y,3,0,4,4,A,-,03,22350,NA,N,C,C,A,A,H,-,C,A,0,NA,NA,NA,NA,Y,Y,A,07,0,1,3,0,0,0,0,0,0,-,-,NA,NA,ORANGE,GARDEN GROVE,-117.92890167236328,33.759822845458984
8791808,2019,2019-03-12,3010,2019-01-14,2314,1675,171,1,5,6,3010,0,0,0,NA,0,008,RT 1,ANDERSON ST,0,NA,Y,B,-,Y,ORA,12,1,-,-,31.111,I,5,N,Y,4,0,1,1,A,-,03,22350,NA,N,E,I,A,B,H,-,C,A,0,NA,NA,NA,NA,Y,NA,A,08,0,0,1,0,0,0,0,0,0,-,-,NA,NA,ORANGE,HUNTINGTON BEACH,-118.07781219482422,33.72456741333008
8792097,2019,2019-02-19,3001,2019-01-07,1655,1825,NA,1,5,7,3001,0,0,0,NA,0,0D4,LA PALMA AV,CHANTILLY ST,742,E,N,A,-,N,NA,NA,NA,NA,NA,NA,NA,NA,NA,Y,3,0,3,3,A,-,03,22350,NA,N,C,C,A,A,H,-,C,D,0,NA,NA,NA,NA,Y,NA,A,01,0,1,2,0,0,0,0,0,0,-,-,NA,NA,ORANGE,ANAHEIM,-117.87220001220705,33.847442626953125
8792196,2019,2019-02-15,3000,2019-01-16,2054,5705,891G6,3,5,5,3050,0,0,0,NA,0,464,EL TORO RD,RAYMOND WY,0,NA,Y,B,C,N,NA,NA,NA,NA,NA,NA,NA,NA,NA,Y,3,0,1,2,A,-,12,21453,A,N,D,C,A,B,H,-,C,A,0,NA,NA,NA,NA,Y,NA,A,07,0,1,0,0,0,0,0,0,0,-,-,33.62099838256836,-117.69960021972656,ORANGE,LAKE FOREST,-117.70060729980467,33.62055969238281
8793061,2019,2019-02-28,3024,2019-02-10,1805,454,P-30,7,5,5,3024,0,0,0,NA,0,WEST,GOLDENWEST ST,BOLSA AV,200,S,N,A,-,N,NA,NA,NA,NA,NA,NA,NA,NA,NA,N,4,0,1,2,A,-,03,22350,NA,F,C,C,A,A,H,-,C,A,0,NA,NA,NA,NA,Y,NA,A,01,0,0,1,0,0,0,0,0,0,-,-,33.74440002441406,-118.00694274902344,ORANGE,WESTMINSTER,-118.00697326660156,33.74394226074219
8793379,2019,2019-04-02,3010,2019-01-30,1034,1225,319,3,5,6,3010,0,0,0,NA,0,005,GOLDEN WEST,ERNEST,22,S,N,B,-,N,NA,NA,NA,NA,NA,NA,NA,NA,NA,Y,3,0,1,1,A,-,01,23152,A,N,E,I,A,A,H,-,A,D,0,NA,NA,NA,NA,Y,Y,A,08,0,1,0,0,0,0,0,0,0,-,-,NA,NA,ORANGE,HUNTINGTON BEACH,-118.0063018798828,33.68933868408203
8793561,2019,2019-02-26,3015,2019-02-06,1829,1495,77N,3,5,6,3015,0,0,0,NA,0,123,E SAIL AV,N CANAL ST,0,NA,Y,A,-,N,NA,NA,NA,NA,NA,NA,NA,NA,NA,N,4,0,1,2,A,-,10,21950,A,N,G,B,D,A,H,-,C,D,0,Y,NA,NA,NA,Y,NA,A,01,0,0,1,0,1,0,0,0,0,-,-,NA,NA,ORANGE,ORANGE,-117.8398208618164,33.83407974243164
8793931,2019,2019-02-27,3001,2019-02-12,1334,A1252,NA,2,5,7,3001,0,0,0,NA,0,0D3,EAST KATELLA AV,AUBURN WY,33,W,N,B,-,N,NA,NA,NA,NA,NA,NA,NA,NA,NA,Y,4,0,3,2,A,-,03,22350,NA,N,C,C,A,A,H,-,A,A,0,NA,NA,NA,NA,Y,NA,A,01,0,0,3,0,0,0,0,0,0,-,-,NA,NA,ORANGE,ANAHEIM,-117.8936767578125,33.803348541259766
8794138,2019,2019-02-06,3012,2019-01-03,1345,624,12,4,5,5,3012,0,0,0,NA,0,001,WHITTIER BL,MONTE VISTA ST,378,E,N,A,-,Y,NA,NA,NA,NA,NA,NA,NA,NA,NA,Y,4,0,1,2,C,-,18,NA,NA,N,D,C,A,A,H,-,A,D,0,NA,NA,NA,NA,Y,NA,-,-,0,0,1,0,0,0,0,0,0,-,-,NA,NA,ORANGE,LA HABRA,-117.95362854003906,33.93912124633789
8794445,2019,2019-03-08,3003,2019-01-22,1709,1080,NA,2,5,5,3003,0,0,0,NA,0,NA,BEACH BL,DR SAM ST,0,NA,Y,A,-,Y,ORA,12,39,-,-,15.871,I,5,N,Y,4,0,1,2,A,-,09,21801,A,N,D,C,A,A,H,-,C,D,0,NA,NA,NA,NA,Y,NA,A,01,0,0,1,0,0,0,0,0,0,-,-,33.877899169921875,-117.99810028076172,ORANGE,BUENA PARK,-117.99820709228516,33.8778076171875
8794504,2018,2019-03-06,3001,2018-12-15,0427,A2436,D1,6,5,7,3001,0,0,0,NA,0,NA,BEACH BL,ORANGE AV,23,N,N,A,-,Y,ORA,12,39,-,-,12.9,H,-,S,Y,3,0,1,3,A,-,03,22350,NA,N,C,C,A,A,H,-,C,A,0,NA,NA,NA,NA,Y,NA,A,01,0,1,0,0,0,0,0,0,0,-,-,NA,NA,ORANGE,ANAHEIM,-117.99383544921876,33.835201263427734
8794774,2019,2019-05-08,3001,2019-02-11,0030,A2000,D1,1,5,7,3001,0,0,0,NA,0,011,RT 39,LINCOLN AV,30,S,N,A,-,Y,ORA,12,39,-,-,12.67,H,-,N,Y,3,0,1,1,A,-,03,22350,NA,N,E,I,A,B,H,-,C,A,0,NA,NA,NA,NA,Y,Y,A,01,0,1,0,0,0,0,0,0,0,-,-,NA,NA,ORANGE,ANAHEIM,-117.99339294433594,33.83192443847656
8794781,2019,2019-05-08,3001,2019-01-29,1847,2187,NA,2,5,7,3001,0,0,0,NA,0,0D2,EUCLID ST,RT 5,64,S,N,A,-,Y,ORA,12,5,-,-,39.226,R,4,S,N,4,0,1,2,A,-,21,22106,NA,N,C,C,A,A,H,-,C,A,0,NA,NA,NA,NA,Y,NA,D,22,0,0,1,0,0,0,0,0,0,-,SO,NA,NA,ORANGE,ANAHEIM,-117.9370346069336,33.83427047729492
8794836,2019,2019-02-07,3001,2019-01-19,0401,A2113,D1,6,5,7,3001,0,0,0,NA,0,NA,WEST BALL RD,SOUTH EUCLID ST,372,W,N,A,-,N,NA,NA,NA,NA,NA,NA,NA,NA,NA,Y,4,0,2,4,A,-,03,22350,NA,N,C,E,A,A,H,-,C,D,0,NA,NA,NA,NA,Y,NA,A,07,0,0,2,0,0,0,0,0,0,-,-,NA,NA,ORANGE,ANAHEIM,-117.9427490234375,33.81797409057617
8794844,2019,2019-02-07,3001,2019-01-20,1748,A1252,D3,7,5,7,3001,0,0,0,NA,0,NA,SOUTH WALNUT ST,W LOCUST AV,0,NA,Y,A,-,N,NA,NA,NA,NA,NA,NA,NA,NA,NA,N,4,0,2,2,A,-,12,22450,NA,N,D,C,A,A,H,-,C,A,0,NA,NA,NA,NA,Y,NA,A,01,0,0,2,0,0,0,0,0,0,-,-,NA,NA,ORANGE,ANAHEIM,-117.92845916748048,33.821868896484375
8794872,2019,2019-02-07,3001,2019-01-16,1412,1830,NA,3,5,7,3001,0,0,0,NA,0,0D1,WEST BALL RD,SOUTH WESTERN AV,0,NA,Y,C,-,N,NA,NA,NA,NA,NA,NA,NA,NA,NA,Y,3,0,2,2,A,-,09,21801,A,N,A,C,A,B,H,-,A,A,0,NA,NA,NA,NA,Y,NA,A,08,0,2,0,0,0,0,0,0,0,-,-,NA,NA,ORANGE,ANAHEIM,-118.00205993652344,33.81734085083008
8797251,2018,2019-02-15,3026,2018-12-15,1217,8929,CROSS,6,5,6,3026,0,0,0,NA,0,006,ALTON PKWY,GATEWAY BL,0,NA,Y,A,-,N,NA,NA,NA,NA,NA,NA,NA,NA,NA,N,3,0,1,1,D,-,00,NA,NA,N,F,A,A,A,H,-,A,A,0,NA,Y,NA,NA,Y,NA,-,-,0,1,0,0,0,0,1,0,0,-,-,33.65510940551758,-117.74691009521484,ORANGE,IRVINE,-117.74690246582033,33.65544891357422
8797310,2018,2019-02-28,3001,2018-12-13,1815,415,NA,4,5,7,3001,0,0,0,NA,0,0D1,BROADWAY,WALNUT ST,300,E,N,A,-,N,NA,NA,NA,NA,NA,NA,NA,NA,NA,Y,4,0,3,3,A,-,03,22350,NA,N,C,C,A,A,H,-,C,D,0,NA,NA,NA,NA,Y,NA,A,01,0,0,3,0,0,0,0,0,0,-,-,NA,NA,ORANGE,ANAHEIM,-117.92755889892578,33.83002471923828
8797315,2019,2019-02-25,3024,2019-02-03,1019,409,P-17,7,5,5,3024,0,0,0,NA,0,WEST,WESTMINSTER BL,CHESTNUT ST,115,W,N,B,-,N,NA,NA,NA,NA,NA,NA,NA,NA,NA,Y,3,0,1,2,A,-,08,22107,NA,N,C,E,A,B,H,-,A,D,0,NA,NA,NA,NA,Y,NA,A,01,0,1,0,0,0,0,0,0,0,-,-,33.75907897949219,-118.00279998779295,ORANGE,WESTMINSTER,-118.0031967163086,33.75914001464844
8799503,2019,2019-02-22,3015,2019-01-15,1911,1541,35W,2,5,6,3015,0,0,0,NA,0,121,BATAVIA ST,STRUCK AV,0,NA,Y,C,-,N,NA,NA,NA,NA,NA,NA,NA,NA,NA,Y,4,0,1,2,A,-,09,21801,A,N,D,C,A,B,H,-,C,A,0,NA,NA,NA,NA,Y,NA,A,01,0,0,1,0,0,0,0,0,0,-,-,NA,NA,ORANGE,ORANGE,-117.86174011230467,33.8060188293457
8799507,2019,2019-02-22,3015,2019-01-26,1439,1090,33,6,5,6,3015,0,0,0,NA,0,232,CALIFORNIA ST,CULVER AV,0,NA,Y,A,-,N,NA,NA,NA,NA,NA,NA,NA,NA,NA,N,4,0,1,2,A,-,12,22450,A,N,D,C,A,A,H,-,A,A,0,NA,NA,NA,NA,Y,NA,A,07,0,0,1,0,0,0,0,0,0,-,-,NA,NA,ORANGE,ORANGE,-117.83956146240234,33.78234100341797
8800376,2019,2019-02-19,3005,2019-02-10,1211,8185,C36,7,5,4,3005,0,0,0,NA,0,003,KNOTT AV,KATELLA,223,N,N,C,-,N,NA,NA,NA,NA,NA,NA,NA,NA,NA,Y,4,0,1,2,A,-,09,21804,A,N,D,C,A,B,H,-,A,D,0,NA,NA,NA,NA,Y,NA,A,01,0,0,1,0,0,0,0,0,0,-,-,NA,NA,ORANGE,CYPRESS,-118.01102447509766,33.80356216430664
8801011,2019,2019-03-12,3013,2019-02-07,2104,211,L10,4,5,3,3013,0,0,0,NA,0,NA,KATELLA AV,CHERRY ST,0,NA,Y,A,-,N,NA,NA,NA,NA,NA,NA,NA,NA,NA,Y,4,0,2,2,A,-,12,21453,A,N,B,C,A,A,H,-,C,A,0,NA,NA,NA,NA,Y,NA,-,-,0,0,2,0,0,0,0,0,0,-,-,NA,NA,ORANGE,LOS ALAMITOS,-118.06797790527344,33.80316925048828
8801729,2019,2019-03-15,3004,2019-01-29,1039,P429,02,2,5,6,3004,0,0,0,NA,0,007,HARBOR BL,WEST 19TH ST,0,NA,Y,A,-,N,NA,NA,NA,NA,NA,NA,NA,NA,NA,Y,4,0,1,2,A,-,12,21453,A,N,D,C,A,A,H,-,A,A,0,NA,NA,NA,NA,Y,NA,D,22,0,0,1,0,0,0,0,0,0,-,-,33.64331817626953,-117.91902923583984,ORANGE,COSTA MESA,-117.9189682006836,33.643489837646484
8802276,2019,2019-03-06,3015,2019-02-04,2127,1542,23E,1,5,6,3015,0,0,0,NA,0,131,NORTH TUSTIN ST,E WALNUT AV,0,NA,Y,C,-,N,NA,NA,NA,NA,NA,NA,NA,NA,NA,N,3,0,1,2,A,-,10,21950,A,N,G,B,B,B,H,-,C,A,0,Y,NA,NA,NA,Y,NA,A,07,0,1,0,0,1,0,0,0,0,-,-,NA,NA,ORANGE,ORANGE,-117.835693359375,33.795040130615234
8802281,2019,2019-03-08,3001,2019-01-30,1628,1410,NA,3,5,7,3001,0,0,0,NA,0,0D3,WEST BALL RD,S DISNEYLAND DR,33,E,N,A,-,N,NA,NA,NA,NA,NA,NA,NA,NA,NA,Y,3,0,2,2,A,-,03,22350,NA,N,C,C,A,A,H,-,A,A,0,NA,NA,NA,NA,Y,NA,A,07,0,2,0,0,0,0,0,0,0,-,-,NA,NA,ORANGE,ANAHEIM,-117.92223358154295,33.81814956665039
8802283,2019,2019-03-06,3001,2019-02-14,0012,1264,4,4,5,7,3001,0,0,0,NA,0,EAST,EAST SANTA ANA CANYON RD,N MOHLER DR,2640,E,N,C,-,N,NA,NA,NA,NA,NA,NA,NA,NA,NA,Y,4,0,1,1,A,-,03,22350,NA,N,E,I,A,B,H,-,C,D,0,NA,NA,NA,NA,Y,NA,A,01,0,0,1,0,0,0,0,0,0,-,-,NA,NA,ORANGE,ANAHEIM,-117.76173400878906,33.86654281616211
8803027,2019,2019-02-26,3010,2019-02-02,0331,2237,272,6,5,6,3010,0,0,0,NA,0,006,KOLEDO LN,BARTON,132,N,N,C,-,N,NA,NA,NA,NA,NA,NA,NA,NA,NA,Y,3,0,1,3,A,-,08,22107,NA,F,B,E,A,B,H,-,D,D,0,NA,NA,NA,NA,Y,NA,A,01,0,1,0,0,0,0,0,0,0,-,-,NA,NA,ORANGE,HUNTINGTON BEACH,-117.99298095703124,33.71097183227539
8805316,2018,2019-02-26,3000,2018-11-02,1235,5013,921G6,5,5,5,3040,0,0,0,NA,0,741,LA PAZ RD,AVILA RD,415,N,N,A,-,N,NA,NA,NA,NA,NA,NA,NA,NA,NA,Y,4,0,1,2,A,-,09,21804,A,N,-,C,A,A,H,-,A,A,0,NA,NA,NA,NA,Y,NA,A,07,0,0,1,0,0,0,0,0,0,-,-,NA,NA,ORANGE,LAGUNA NIGUEL,-117.70790863037108,33.56454086303711
8805612,2018,2019-02-21,3001,2018-12-07,1522,2115,NA,5,5,7,3001,0,0,0,NA,0,0D4,E CANYON CREEK RD,E SERRANO AV,534,W,N,A,-,N,NA,NA,NA,NA,NA,NA,NA,NA,NA,Y,3,0,2,2,A,-,09,21804,A,N,B,C,A,A,H,-,A,D,0,NA,NA,NA,NA,Y,NA,A,01,0,1,1,0,0,0,0,0,0,-,-,NA,NA,ORANGE,ANAHEIM,-117.73907470703124,33.8604850769043
8806805,2019,2019-03-12,3002,2019-01-13,1841,1576,NA,7,5,4,3002,0,0,0,NA,0,012,LAMBERT RD,WILDCAT WY,0,NA,Y,A,-,N,NA,NA,NA,NA,NA,NA,NA,NA,NA,N,3,0,1,3,A,-,12,21453,A,N,D,C,A,A,H,-,C,A,0,NA,NA,NA,NA,Y,NA,A,01,0,1,0,0,0,0,0,0,0,-,-,NA,NA,ORANGE,BREA,-117.87525939941406,33.92549133300781
8807057,2019,2019-03-06,3022,2019-02-10,1652,1352,SOUTH,7,5,5,3022,0,0,0,NA,0,NA,NEWPORT AV,MITCHELL AV,84,N,N,C,-,N,NA,NA,NA,NA,NA,NA,NA,NA,NA,Y,4,0,1,3,A,-,09,21804,A,N,D,C,A,B,H,-,A,D,0,NA,NA,NA,NA,Y,NA,A,01,0,0,1,0,0,0,0,0,0,-,-,33.73540115356445,-117.9250030517578,ORANGE,TUSTIN,-117.82476806640624,33.735595703125
8808219,2019,2019-06-13,3001,2019-03-03,1933,1410,NA,7,5,7,3001,0,0,0,NA,0,0D1,CERRITOS AV,DALLAS DR,91,W,N,B,-,N,NA,NA,NA,NA,NA,NA,NA,NA,NA,Y,1,1,3,2,A,-,01,23152,A,N,A,C,A,A,H,-,C,D,0,NA,NA,NA,NA,Y,Y,A,01,1,0,2,0,0,0,0,0,0,-,-,NA,NA,ORANGE,ANAHEIM,-117.95439910888672,33.81053161621094
8808357,2018,2019-07-02,3000,2018-09-24,2235,2872,891F5,1,5,5,3050,0,0,0,NA,0,060,RIDGE ROUTE DR,ELROND LN,531,W,N,A,-,N,NA,NA,NA,NA,NA,NA,NA,NA,NA,N,1,1,0,2,D,-,00,NA,NA,F,G,B,E,A,H,-,C,D,0,Y,NA,NA,NA,Y,Y,-,-,0,0,0,1,0,0,0,0,0,-,-,33.62519073486328,-117.7105712890625,ORANGE,LAKE FOREST,-117.71051788330078,33.62517166137695
8808507,2019,2021-05-28,3005,2019-08-22,2307,8233,C28,4,5,4,3005,0,0,0,NA,0,003,CERRITOS,CAMDEN,138,W,N,B,-,N,NA,NA,NA,NA,NA,NA,NA,NA,NA,Y,1,1,1,2,A,-,05,21651,B,N,A,C,A,A,A,-,C,D,0,NA,NA,NA,NA,Y,Y,A,07,1,0,0,0,0,0,0,0,0,-,-,NA,NA,ORANGE,CYPRESS,-118.0316925048828,33.81012725830078
8809420,2019,2019-04-02,3024,2019-02-13,0006,307,P08,3,5,5,3024,0,0,0,NA,0,WEST,WESTMINSTER BL,SPRINGDALE ST,72,W,N,A,-,N,NA,NA,NA,NA,NA,NA,NA,NA,NA,Y,3,0,3,1,A,-,01,23153,A,N,F,I,A,A,D,-,C,A,0,NA,NA,NA,NA,Y,Y,B,07,0,3,0,0,0,0,0,0,0,-,-,NA,NA,ORANGE,WESTMINSTER,-118.0248565673828,33.75907897949219
8809537,2018,2019-03-26,3022,2018-12-23,1734,1248,NA,7,5,5,3022,0,0,0,NA,0,NA,IRVINE BL,MYFORD RD,15,E,N,A,-,N,NA,NA,NA,NA,NA,NA,NA,NA,NA,N,4,0,1,2,A,-,08,22107,NA,N,H,G,A,A,H,-,C,A,0,NA,Y,NA,NA,Y,NA,A,01,0,0,1,0,0,0,1,0,0,-,-,33.73331069946289,-117.78997802734376,ORANGE,TUSTIN,-117.7900161743164,33.73313522338867