CASE_ID,ACCIDENT_YEAR,PROC_DATE,JURIS,COLLISION_DATE,COLLISION_TIME,OFFICER_ID,REPORTING_DISTRICT,DAY_OF_WEEK,CHP_SHIFT,POPULATION,CNTY_CITY_LOC,SPECIAL_COND,BEAT_TYPE,CHP_BEAT_TYPE,CITY_DIVISION_LAPD,CHP_BEAT_CLASS,BEAT_NUMBER,PRIMARY_RD,SECONDARY_RD,DISTANCE,DIRECTION,INTERSECTION,WEATHER_1,WEATHER_2,STATE_HWY_IND,CALTRANS_COUNTY,CALTRANS_DISTRICT,STATE_ROUTE,ROUTE_SUFFIX,POSTMILE_PREFIX,POSTMILE,LOCATION_TYPE,RAMP_INTERSECTION,SIDE_OF_HWY,TOW_AWAY,COLLISION_SEVERITY,NUMBER_KILLED,NUMBER_INJURED,PARTY_COUNT,PRIMARY_COLL_FACTOR,PCF_CODE_OF_VIOL,PCF_VIOL_CATEGORY,PCF_VIOLATION,PCF_VIOL_SUBSECTION,HIT_AND_RUN,TYPE_OF_COLLISION,MVIW,PED_ACTION,ROAD_SURFACE,ROAD_COND_1,ROAD_COND_2,LIGHTING,CONTROL_DEVICE,CHP_ROAD_TYPE,PEDESTRIAN_ACCIDENT,BICYCLE_ACCIDENT,MOTORCYCLE_ACCIDENT,TRUCK_ACCIDENT,NOT_PRIVATE_PROPERTY,ALCOHOL_INVOLVED,STWD_VEHTYPE_AT_FAULT,CHP_VEHTYPE_AT_FAULT,COUNT_SEVERE_INJ,COUNT_VISIBLE_INJ,COUNT_COMPLAINT_PAIN,COUNT_PED_KILLED,COUNT_PED_INJURED,COUNT_BICYCLIST_KILLED,COUNT_BICYCLIST_INJURED,COUNT_MC_KILLED,COUNT_MC_INJURED,PRIMARY_RAMP,SECONDARY_RAMP,LATITUDE,LONGITUDE,COUNTY,CITY,POINT_X,POINT_Y
8810112,2018,2019-03-11,3001,2018-11-30,1728,415,D1,5,5,7,3001,0,0,0,NA,0,NA,WEST BROADWAY,S ARCHER ST,120,W,N,A,-,N,NA,NA,NA,NA,NA,NA,NA,NA,NA,N,4,0,1,2,A,-,03,22350,NA,N,C,C,A,A,H,-,C,B,0,NA,NA,NA,NA,Y,NA,A,01,0,0,1,0,0,0,0,0,0,-,-,NA,NA,ORANGE,ANAHEIM,-117.95766448974608,33.82889175415039
8811184,2019,2019-03-19,3001,2019-02-22,2321,415,NA,5,5,7,3001,0,0,0,NA,0,0D2,NORTH EAST ST,E LINCOLN AV,0,NA,Y,A,-,N,NA,NA,NA,NA,NA,NA,NA,NA,NA,Y,4,0,1,2,A,-,09,21801,A,N,D,C,A,A,H,-,C,A,0,NA,NA,NA,NA,Y,NA,A,01,0,0,1,0,0,0,0,0,0,-,-,NA,NA,ORANGE,ANAHEIM,-117.90270233154295,33.83808898925781
8811732,2019,2019-04-03,3008,2019-01-22,1459,066,NA,2,5,6,3008,0,0,0,NA,0,NA,FOLINO DR,NUTWOOD AV,12,N,N,A,-,N,NA,NA,NA,NA,NA,NA,NA,NA,NA,N,3,0,1,2,A,-,08,22107,NA,N,G,G,A,A,H,-,-,A,0,NA,Y,NA,NA,Y,NA,L,04,0,1,0,0,0,0,1,0,0,-,-,NA,NA,ORANGE,FULLERTON,-117.8828125,33.878231048583984
8812037,2019,2019-03-01,3010,2019-02-16,1627,3060,435,6,5,6,3010,0,0,0,NA,0,003,MAGNOLIA AV,PIONEER LN,122,N,N,A,-,N,NA,NA,NA,NA,NA,NA,NA,NA,NA,Y,3,0,1,3,A,-,22,23123,5,N,C,E,A,A,H,-,A,D,0,NA,NA,NA,NA,Y,NA,A,01,0,1,0,0,0,0,0,0,0,-,-,NA,NA,ORANGE,HUNTINGTON BEACH,-117.97126007080078,33.67499542236328
8813845,2019,2019-05-08,3000,2019-01-20,1240,9186,797J3,7,5,4,3021,0,0,0,NA,0,021,BEACH BL,KATELLA AV,0,NA,Y,A,-,Y,ORA,12,39,-,-,10.68,H,-,S,N,4,0,1,2,A,-,04,21703,NA,N,C,C,A,A,H,-,A,A,0,NA,NA,NA,Y,Y,NA,F,55,0,0,1,0,0,0,0,0,0,-,-,NA,NA,ORANGE,STANTON,-117.99327087402344,33.80295181274414
8813996,2019,2019-03-07,3004,2019-01-27,0405,P667,11,7,5,6,3004,0,0,0,NA,0,002,NEWPORT BL,19TH ST,13,N,N,A,-,N,NA,NA,55,NA,NA,NA,NA,NA,NA,N,3,0,1,2,A,-,11,21954,A,N,G,B,D,A,H,-,C,A,0,Y,NA,NA,NA,Y,Y,N,60,0,1,0,0,1,0,0,0,0,-,-,33.64350128173828,-117.91649627685548,ORANGE,COSTA MESA,-117.9164581298828,33.643463134765625
8814559,2019,2019-03-08,3012,2019-02-19,1853,288,27,2,5,5,3012,0,0,0,NA,0,002,HARBOR BL,FRANCIS AV,126,S,N,A,-,N,NA,NA,NA,NA,NA,NA,NA,NA,NA,N,4,0,1,2,A,-,03,22350,NA,N,C,C,A,A,H,-,C,A,0,NA,NA,NA,NA,Y,NA,A,01,0,0,1,0,0,0,0,0,0,-,-,NA,NA,ORANGE,LA HABRA,-117.9330596923828,33.93556594848633
8814921,2019,2019-03-22,3009,2019-02-05,1605,3739,156,2,5,6,3009,0,0,0,NA,0,023,FAIRVIEW ST,POMELO LN,6,N,N,A,-,N,NA,NA,NA,NA,NA,NA,NA,NA,NA,N,4,0,1,2,A,-,08,22107,NA,N,H,G,A,A,H,-,A,A,0,NA,Y,NA,NA,Y,NA,L,04,0,0,1,0,0,0,1,0,0,-,-,NA,NA,ORANGE,GARDEN GROVE,-117.90290069580078,33.76627731323242
8814925,2019,2019-03-07,3009,2019-02-08,1533,3739,106,5,5,6,3009,0,0,0,NA,0,013,WOODBURY RD,WARD ST,458,W,N,A,-,N,NA,NA,NA,NA,NA,NA,NA,NA,NA,Y,4,0,3,2,A,-,08,22107,NA,N,B,C,A,A,H,-,A,D,0,NA,NA,NA,NA,Y,NA,A,01,0,0,3,0,0,0,0,0,0,-,-,NA,NA,ORANGE,GARDEN GROVE,-117.94725036621094,33.763614654541016
8817547,2019,2019-03-18,3022,2019-02-18,1423,1154,NORTH,1,5,5,3022,0,0,0,NA,0,NA,1ST ST,PROSPECT AV,0,NA,Y,B,-,N,NA,NA,NA,NA,NA,NA,NA,NA,NA,Y,4,0,2,2,A,-,12,21453,A,N,D,D,A,A,H,-,A,A,0,NA,NA,NA,NA,Y,NA,A,01,0,0,2,0,0,0,0,0,0,-,-,33.74568176269531,-117.82231903076172,ORANGE,TUSTIN,-117.82241821289063,33.74565887451172
8817583,2019,2019-03-18,3022,2019-02-11,2022,1237,NORTH,1,5,5,3022,0,0,0,NA,0,NA,IRVINE BL,NEWPORT AV,0,NA,Y,A,-,N,NA,NA,NA,NA,NA,NA,NA,NA,NA,Y,4,0,1,2,A,-,08,22107,NA,N,B,C,A,A,H,-,C,D,0,NA,NA,NA,NA,Y,NA,A,01,0,0,1,0,0,0,0,0,0,-,-,33.74837875366211,-117.8119888305664,ORANGE,TUSTIN,-117.81208038330078,33.74822998046875
8818327,2019,2019-03-25,3001,2019-02-16,1442,1830,NA,6,5,7,3001,0,0,0,NA,0,0D1,KNOTT AV,BALL RD,300,N,N,A,-,N,NA,NA,NA,NA,NA,NA,NA,NA,NA,N,3,0,1,2,A,-,09,21804,A,N,D,C,A,A,H,-,A,D,0,NA,NA,NA,NA,Y,NA,A,07,0,1,0,0,0,0,0,0,0,-,-,NA,NA,ORANGE,ANAHEIM,-118.01081085205078,33.81807327270508
8818893,2019,2019-04-24,3014,2019-03-16,1223,1395,RD38,6,5,5,3014,0,0,0,NA,0,0A3,BAY HILL RD,FORD RD,3,S,N,A,-,N,NA,NA,NA,NA,NA,NA,NA,NA,NA,N,3,0,1,2,D,-,00,NA,NA,N,D,G,A,A,H,-,A,A,0,NA,Y,NA,NA,Y,NA,-,-,0,1,0,0,0,0,1,0,0,-,-,33.6286506652832,-117.86463165283205,ORANGE,NEWPORT BEACH,-117.86477661132813,33.628761291503906
8818934,2019,2019-03-27,3000,2019-02-03,0145,5207,891E7,7,5,3,3051,0,0,0,NA,0,480,EL TORO RD,MOULTON PKWY,0,NA,Y,A,-,N,NA,NA,NA,NA,NA,NA,NA,NA,NA,Y,4,0,1,2,D,-,00,NA,NA,N,A,C,A,B,H,-,C,A,0,NA,NA,NA,NA,Y,NA,-,-,0,0,1,0,0,0,0,0,0,-,-,NA,NA,ORANGE,LAGUNA WOODS,-117.72531127929688,33.61014175415039
8818975,2019,2019-04-04,3015,2019-03-15,1730,1386,61,5,5,6,3015,0,0,0,NA,0,711,CULVER AV,BEDFORD ST,0,NA,Y,A,-,N,NA,NA,NA,NA,NA,NA,NA,NA,NA,Y,4,0,1,2,A,-,09,21802,A,N,D,C,A,A,H,-,A,B,0,NA,NA,NA,NA,Y,NA,A,01,0,0,1,0,0,0,0,0,0,-,-,NA,NA,ORANGE,ORANGE,-117.86946868896484,33.782169342041016
8819837,2019,2019-03-25,3010,2019-03-07,1435,3060,273,4,5,6,3010,0,0,0,NA,0,006,WARNER AV,B LN,65,E,N,A,-,N,NA,NA,NA,NA,NA,NA,NA,NA,NA,N,4,0,1,3,A,-,04,21703,NA,F,C,C,A,A,H,-,A,D,0,NA,NA,NA,NA,Y,NA,D,22,0,0,1,0,0,0,0,0,0,-,-,NA,NA,ORANGE,HUNTINGTON BEACH,-117.98706817626952,33.71573257446289
8820584,2019,2019-03-18,3022,2019-02-28,0827,1324,NA,4,5,5,3022,0,0,0,NA,0,NA,JAMBOREE RD,BARRANCA PKWY,4022,N,N,A,-,N,NA,NA,NA,NA,NA,NA,NA,NA,NA,N,4,0,1,2,A,-,06,21750,A,N,B,C,A,A,H,-,A,D,0,NA,NA,Y,NA,Y,NA,A,01,0,0,1,0,0,0,0,0,1,-,-,33.694000244140625,-117.82705688476563,ORANGE,TUSTIN,-117.81568145751952,33.69841384887695
8820772,2019,2019-03-18,3008,2019-01-04,1729,1523,NA,5,5,6,3008,0,0,0,NA,0,001,BROOKHURST ST,ORANGETHORPE AV,184,N,N,A,-,N,NA,NA,NA,NA,NA,NA,NA,NA,NA,Y,4,0,1,2,A,-,03,22350,A,N,C,C,A,A,H,-,C,D,0,NA,NA,NA,NA,Y,NA,A,01,0,0,1,0,0,0,0,0,0,-,-,NA,NA,ORANGE,FULLERTON,-117.95932006835938,33.859703063964844
8821053,2019,2019-03-25,3005,2019-03-09,1815,8152,C27,6,5,4,3005,0,0,0,NA,0,003,MOODY ST,BELLE AV,0,NA,Y,A,-,N,NA,NA,NA,NA,NA,NA,NA,NA,NA,Y,4,0,1,2,A,-,09,21802,A,N,D,C,A,A,H,-,A,A,0,NA,NA,NA,NA,Y,NA,A,01,0,0,1,0,0,0,0,0,0,-,-,NA,NA,ORANGE,CYPRESS,-118.04562377929688,33.81591033935547
8822822,2019,2019-03-27,3026,2019-03-04,1020,4779,PORTO,1,5,6,3026,0,0,0,NA,0,009,IRVINE BL,ALTON PKWY,340,N,N,B,-,N,NA,NA,NA,NA,NA,NA,NA,NA,NA,N,4,0,1,2,A,-,03,22350,NA,N,H,G,A,A,H,-,A,D,0,NA,Y,NA,NA,Y,NA,A,07,0,0,1,0,0,0,1,0,0,-,-,33.66299819946289,-117.70600128173828,ORANGE,IRVINE,-117.70653533935548,33.66447067260742
8823395,2019,2019-03-25,3015,2019-03-06,1921,1098,87,3,5,6,3015,0,0,0,NA,0,731,NORTH TUSTIN ST,E MEATS AV,308,S,N,B,C,N,NA,NA,NA,NA,NA,NA,NA,NA,NA,N,4,0,1,2,A,-,21,22106,NA,N,C,C,A,B,H,-,A,A,0,NA,NA,NA,NA,Y,NA,A,01,0,0,1,0,0,0,0,0,0,-,-,NA,NA,ORANGE,ORANGE,-117.83602142333984,33.82206726074219
8824406,2019,2019-03-25,3009,2019-03-16,1626,1610,075,6,5,6,3009,0,0,0,NA,0,1   3,GARDEN GROVE BL,NEWLAND ST,0,NA,Y,A,-,N,NA,NA,NA,NA,NA,NA,NA,NA,NA,Y,4,0,2,3,A,-,09,21801,A,N,D,C,A,A,H,-,A,A,0,NA,NA,NA,NA,Y,NA,A,01,0,0,2,0,0,0,0,0,0,-,-,NA,NA,ORANGE,GARDEN GROVE,-117.981201171875,33.77394104003906
8826927,2019,2019-04-03,3004,2019-03-11,0743,P429,13,1,5,6,3004,0,0,0,NA,0,012,VICTORIA ST,DOCTORS CIR,29,W,N,A,-,N,NA,NA,NA,NA,NA,NA,NA,NA,NA,Y,4,0,2,3,A,-,03,22350,NA,N,C,C,A,A,H,-,A,D,0,NA,NA,NA,NA,Y,NA,A,01,0,0,2,0,0,0,0,0,0,-,-,33.65258026123047,-117.9130401611328,ORANGE,COSTA MESA,-117.91299438476563,33.652618408203125
8827076,2019,2019-04-15,3001,2019-03-10,1018,A2530,D-1,7,5,7,3001,0,0,0,NA,0,NA,W LINCOLN AV,N BELINDA CIR,0,NA,Y,A,-,N,NA,NA,NA,NA,NA,NA,NA,NA,NA,Y,3,0,1,2,A,-,09,21801,A,N,A,C,A,A,H,-,A,A,0,NA,NA,NA,NA,Y,NA,A,01,0,1,0,0,0,0,0,0,0,-,-,NA,NA,ORANGE,ANAHEIM,-117.96602630615234,33.83246994018555
8828514,2019,2019-04-05,3009,2019-03-12,1110,3972,154,2,5,6,3009,0,0,0,NA,0,2   2,GARDEN GROVE BL,PARTRIDGE ST,120,W,N,A,-,N,NA,NA,NA,NA,NA,NA,NA,NA,NA,Y,4,0,1,2,A,-,09,21801,A,N,D,C,A,A,H,-,A,D,0,NA,NA,NA,NA,Y,NA,A,01,0,0,1,0,0,0,0,0,0,-,-,33.77531814575195,-117.91230010986328,ORANGE,GARDEN GROVE,-117.91097259521484,33.774478912353516
8828526,2019,2019-04-05,3009,2019-03-10,2003,4431,064,7,5,6,3009,0,0,0,NA,0,1   1,LAMPSON AV,DALE ST,0,NA,Y,A,-,N,NA,NA,NA,NA,NA,NA,NA,NA,NA,Y,3,0,1,2,A,-,09,21801,A,N,A,C,A,A,H,-,C,A,0,NA,NA,NA,NA,Y,NA,A,01,0,1,0,0,0,0,0,0,0,-,-,33.781158447265625,-117.98409271240234,ORANGE,GARDEN GROVE,-117.98409271240234,33.781158447265625
8829319,2019,2019-04-22,3001,2019-03-29,1513,2115,NA,5,5,7,3001,0,0,0,NA,0,0D3,EAST CERRITOS AV,SOUTH ANAHEIM BL,0,NA,Y,A,-,N,NA,NA,NA,NA,NA,NA,NA,NA,NA,Y,4,0,1,2,D,-,00,NA,NA,N,A,C,A,A,H,-,A,A,0,NA,NA,NA,Y,Y,NA,-,-,0,0,1,0,0,0,0,0,0,-,-,NA,NA,ORANGE,ANAHEIM,-117.90606689453124,33.810611724853516
8833178,2019,2019-04-10,3010,2019-02-26,0715,0147,436,2,5,6,3010,0,0,0,NA,0,003,YORKTOWN,EDUCATION,0,NA,Y,E,-,N,NA,NA,NA,NA,NA,NA,NA,NA,NA,Y,4,0,1,2,A,-,09,21802,A,N,D,C,A,A,H,-,A,A,0,NA,NA,NA,NA,Y,NA,A,07,0,0,1,0,0,0,0,0,0,-,-,NA,NA,ORANGE,HUNTINGTON BEACH,-117.95614624023438,33.679569244384766
8833559,2019,2019-05-23,3010,2019-03-26,1742,1208,252,2,5,6,3010,0,0,0,NA,0,007,RT 39,MACDONALD,50,S,N,A,-,Y,ORA,12,39,-,-,5.29,H,-,S,Y,4,0,2,3,A,-,03,22350,NA,N,C,C,A,A,H,-,A,D,0,NA,NA,NA,NA,Y,NA,A,01,0,0,2,0,0,0,0,0,0,-,-,NA,NA,ORANGE,HUNTINGTON BEACH,-117.98935699462892,33.72519302368164
8833571,2019,2019-04-16,3010,2019-03-29,0737,1015,442,5,5,6,3010,0,0,0,NA,0,003,ADAMS AV,DELAWARE ST,0,NA,Y,A,-,N,NA,NA,NA,NA,NA,NA,NA,NA,NA,N,3,0,1,2,A,-,12,21453,A,N,-,B,B,A,H,-,A,A,0,Y,NA,NA,NA,Y,NA,D,22,0,1,0,0,1,0,0,0,0,-,-,NA,NA,ORANGE,HUNTINGTON BEACH,-117.99295043945313,33.67213821411133
8833833,2019,2019-04-11,3001,2019-03-26,1637,A2092,1434,2,5,7,3001,0,0,0,NA,0,041,NORTH TUSTIN AV,SANTA ANA CANYON RD,140,N,N,A,-,N,NA,NA,NA,NA,NA,NA,NA,NA,NA,Y,4,0,1,2,A,-,13,22515,A,N,E,I,A,A,H,-,A,D,0,NA,NA,NA,NA,Y,NA,A,08,0,0,1,0,0,0,0,0,0,-,-,NA,NA,ORANGE,ANAHEIM,-117.8330307006836,33.84297180175781
8834439,2019,2019-04-15,3022,2019-03-21,1751,1249,SOUTH,4,5,5,3022,0,0,0,NA,0,NA,EDINGER AV,JAMBOREE RD,0,NA,Y,A,-,N,NA,NA,NA,NA,NA,NA,NA,NA,NA,Y,4,0,2,2,A,-,09,21453,C,N,D,C,A,A,H,-,A,A,0,NA,NA,NA,NA,Y,NA,A,01,0,0,2,0,0,0,0,0,0,-,-,33.70399856567383,-117.80629730224608,ORANGE,TUSTIN,-117.80632019042967,33.704341888427734
8834869,2019,2019-04-16,3009,2019-03-30,1710,4021,115,6,5,6,3009,0,0,0,NA,0,021,TRASK AV,EUCLID ST,0,NA,Y,A,-,N,NA,NA,NA,NA,NA,NA,NA,NA,NA,Y,4,0,2,2,A,-,12,21453,A,N,D,C,A,A,H,-,A,A,0,NA,NA,NA,NA,Y,NA,A,07,0,0,2,0,0,0,0,0,0,-,-,NA,NA,ORANGE,GARDEN GROVE,-117.93787384033205,33.76694107055664
8835653,2019,2019-04-19,3001,2019-03-22,1732,415,D3,5,5,7,3001,0,0,0,NA,0,NA,SOUTH HASTER ST,E LEATRICE LN,0,NA,Y,A,-,N,NA,NA,NA,NA,NA,NA,NA,NA,NA,Y,4,0,2,3,A,-,09,21801,A,N,D,C,A,A,H,-,A,D,0,NA,NA,NA,NA,Y,NA,A,01,0,0,2,0,0,0,0,0,0,-,-,NA,NA,ORANGE,ANAHEIM,-117.90646362304688,33.798431396484375
8836843,2019,2019-06-03,3008,2019-03-13,0040,1476,NA,3,5,6,3008,0,0,0,NA,0,022,HARBOR BL,ROSSLYNN AV,5,S,N,A,-,N,NA,NA,NA,NA,NA,NA,NA,NA,NA,Y,4,0,2,2,A,-,01,23152,A,N,C,C,A,A,H,-,C,A,0,NA,NA,NA,NA,Y,Y,A,01,0,0,2,0,0,0,0,0,0,-,-,NA,NA,ORANGE,FULLERTON,-117.92427825927734,33.863494873046875
8837051,2019,2019-05-23,3004,2019-03-27,2157,P394,02,3,5,6,3004,0,0,0,NA,0,002,NEWPORT BL,ROCHESTER ST,30,S,N,A,-,Y,ORA,12,55,-,-,1.66,H,-,N,N,4,0,1,2,A,-,21,22106,NA,N,C,C,A,A,H,-,C,A,0,NA,NA,NA,NA,Y,NA,A,07,0,0,1,0,0,0,0,0,0,-,-,33.63941955566406,-117.92035675048828,ORANGE,COSTA MESA,-117.92051696777344,33.63935852050781
8837205,2019,2019-05-29,3007,2019-04-27,1834,314,74,6,5,5,3007,0,0,0,NA,0,003,BROOKHURST,GARFIELD,309,N,N,A,-,N,NA,NA,NA,NA,NA,NA,NA,NA,NA,Y,2,0,1,2,A,-,03,22350,NA,N,C,C,A,A,H,-,A,D,0,NA,NA,Y,NA,Y,NA,C,02,1,0,0,0,0,0,0,0,1,-,-,NA,NA,ORANGE,FOUNTAIN VALLEY,-117.95417022705078,33.68772888183594
8837278,2019,2019-05-22,3003,2019-04-18,0352,1218,NA,4,5,5,3003,0,0,0,NA,0,004,WESTERN AV,ORANGETHORPE AV,0,NA,Y,A,-,N,NA,NA,NA,NA,NA,NA,NA,NA,NA,Y,4,0,3,2,A,-,12,21453,A,N,D,C,A,A,H,-,C,A,0,NA,NA,NA,NA,Y,NA,A,01,0,0,3,0,0,0,0,0,0,-,-,33.858699798583984,-118.00240325927734,ORANGE,BUENA PARK,-118.00247955322266,33.85895919799805
8838115,2019,2019-07-18,3012,2019-03-14,1350,288,48,4,5,5,3012,0,0,0,NA,0,004,IMPERIAL HWY,LAKEVIEW AV,0,NA,Y,A,-,Y,ORA,12,90,-,-,2.121,I,5,W,N,4,0,1,1,A,-,03,22350,NA,N,E,I,A,A,H,-,A,A,0,NA,NA,NA,NA,Y,NA,A,01,0,0,1,0,0,0,0,0,0,-,-,NA,NA,ORANGE,LA HABRA,-117.9397430419922,33.91740798950195
8839462,2019,2019-04-18,3007,2019-02-19,0807,1139,45,2,5,5,3007,0,0,0,NA,0,001,SLATER,SAN MATEO,0,NA,Y,A,-,N,NA,NA,NA,NA,NA,NA,NA,NA,NA,N,4,0,2,2,A,-,12,21453,A,N,D,C,A,A,H,-,A,A,0,NA,NA,NA,NA,Y,NA,A,01,0,0,2,0,0,0,0,0,0,-,-,NA,NA,ORANGE,FOUNTAIN VALLEY,-117.95133972167967,33.709068298339844
8841583,2019,2019-04-16,3005,2019-03-25,1529,8058,C14,1,5,4,3005,0,0,0,NA,0,001,MOODY ST,ORANGE AV,0,NA,Y,A,-,N,NA,NA,NA,NA,NA,NA,NA,NA,NA,Y,4,0,3,2,A,-,09,21801,A,N,A,C,A,A,H,-,A,A,0,NA,NA,NA,NA,Y,NA,A,01,0,0,3,0,0,0,0,0,0,-,-,NA,NA,ORANGE,CYPRESS,-118.04573059082033,33.82426071166992
8842847,2019,2019-08-27,3002,2019-04-01,1545,1447,NA,1,5,4,3002,0,0,0,NA,0,013,IMPERIAL HWY,POPLAR AV,217,E,N,A,-,Y,ORA,12,90,-,-,4.89,H,-,W,NA,4,0,1,2,D,-,00,NA,NA,F,D,G,A,A,H,-,A,D,0,NA,Y,NA,NA,Y,NA,-,-,0,0,1,0,0,0,1,0,0,-,-,33.913780212402344,-117.89309692382813,ORANGE,BREA,-117.89261627197266,33.913692474365234
8843027,2019,2019-08-23,3024,2019-04-10,0955,153,P-12,3,5,5,3024,0,0,0,NA,0,WEST,RT 39,19TH ST,10,E,N,A,-,Y,ORA,12,39,-,-,7.761,I,5,S,Y,4,0,1,2,A,-,09,21801,A,N,D,C,A,A,H,-,A,D,0,NA,NA,NA,NA,Y,NA,A,07,0,0,1,0,0,0,0,0,0,-,-,33.760841369628906,-117.98963928222656,ORANGE,WESTMINSTER,-117.98979949951172,33.76110076904297
8843042,2019,2019-08-23,3014,2019-04-07,2225,1503,RD25,7,5,5,3014,0,0,0,NA,0,0A2,RT 1,RIVERSIDE AV,0,NA,Y,A,-,Y,ORA,12,1,-,-,19.511,I,5,N,Y,4,0,3,2,A,-,12,21453,A,N,D,C,A,A,H,-,C,A,0,NA,NA,NA,NA,Y,NA,A,01,0,0,3,0,0,0,0,0,0,-,-,33.620399475097656,-117.92430114746094,ORANGE,NEWPORT BEACH,-117.9243392944336,33.62043380737305
8843055,2019,2019-05-16,3026,2019-04-11,2009,565,NA,4,5,6,3026,0,0,0,NA,0,00C,JEFFREY RD,RT 405,244,N,N,A,-,N,NA,NA,NA,NA,NA,NA,NA,NA,NA,Y,3,0,2,4,A,-,01,23153,A,N,C,B,E,A,H,-,C,D,0,Y,NA,NA,NA,Y,Y,D,22,0,1,1,0,1,0,0,0,0,-,NF,NA,NA,ORANGE,IRVINE,-117.79466247558594,33.66355895996094
8843441,2018,2019-05-08,3026,2018-10-19,2330,089,C,5,5,6,3026,0,0,0,NA,0,NA,CALIFORNIA AV,ARROYO DR,0,NA,Y,A,-,N,NA,NA,NA,NA,NA,NA,NA,NA,NA,N,3,0,1,2,A,-,03,22350,NA,F,H,G,A,A,H,-,C,A,0,NA,Y,NA,NA,Y,NA,A,01,0,1,0,0,0,0,1,0,0,-,-,33.64701843261719,-117.82948303222656,ORANGE,IRVINE,-117.82953643798828,33.64701843261719
8844304,2019,2019-04-25,3010,2019-04-04,1307,1080,436,4,5,6,3010,0,0,0,NA,0,003,BUSHARD ST,ADAMS,0,NA,Y,A,-,N,NA,NA,NA,NA,NA,NA,NA,NA,NA,Y,3,0,1,3,A,-,09,21801,A,N,D,C,A,-,H,-,A,A,0,NA,NA,NA,NA,Y,NA,A,01,0,1,0,0,0,0,0,0,0,-,-,NA,NA,ORANGE,HUNTINGTON BEACH,-117.96292114257813,33.672508239746094
8844536,2019,2019-04-26,3009,2019-04-07,2223,3218,042,7,5,6,3009,0,0,0,NA,0,011,CHAPMAN AV,KNOTT AV,0,NA,Y,A,-,N,NA,NA,NA,NA,NA,NA,NA,NA,NA,Y,3,0,2,2,A,-,09,21801,A,N,A,C,A,A,H,-,C,A,0,NA,NA,NA,NA,Y,NA,A,01,0,1,1,0,0,0,0,0,0,-,-,NA,NA,ORANGE,GARDEN GROVE,-118.01113128662108,33.788299560546875
8847082,2019,2019-05-29,3007,2019-05-08,1522,318,37,3,5,5,3007,0,0,0,NA,0,002,EUCLID,WARNER,288,S,N,A,-,N,NA,NA,NA,NA,NA,NA,NA,NA,NA,Y,4,0,1,2,A,-,09,21804,A,M,D,C,A,A,H,-,A,D,0,NA,NA,NA,NA,Y,NA,A,07,0,0,1,0,0,0,0,0,0,-,-,NA,NA,ORANGE,FOUNTAIN VALLEY,-117.93720245361328,33.71567153930664
8847820,2019,2019-04-24,3005,2019-04-09,1655,8141,NA,2,5,4,3005,0,0,0,NA,0,003,VALLEY VIEW,BALL RD,167,S,N,A,-,N,NA,NA,NA,NA,NA,NA,NA,NA,NA,Y,4,0,1,2,A,-,03,22350,NA,M,C,C,A,A,H,-,A,D,0,NA,NA,NA,NA,Y,NA,A,01,0,0,1,0,0,0,0,0,0,-,-,NA,NA,ORANGE,CYPRESS,-118.02831268310548,33.81670379638672
8848041,2019,2019-04-29,3001,2019-03-26,1748,A1252,NA,2,5,7,3001,0,0,0,NA,0,0D2,LA PALMA AV,STATE COLLEGE BL,202,W,N,A,-,N,NA,NA,NA,NA,NA,NA,NA,NA,NA,N,3,0,1,2,A,-,09,21804,A,N,C,A,A,A,D,-,A,D,0,NA,NA,NA,NA,Y,NA,A,01,0,1,0,0,0,0,0,0,0,-,-,NA,NA,ORANGE,ANAHEIM,-117.88996124267578,33.847259521484375
8851527,2019,2019-05-03,3012,2019-04-05,1547,288,15,5,5,5,3012,0,0,0,NA,0,001,IDAHO ST,HIGHLANDER AV,175,N,N,B,-,N,NA,NA,NA,NA,NA,NA,NA,NA,NA,N,3,0,2,2,A,-,03,22350,NA,N,C,C,A,A,H,-,A,D,0,NA,NA,NA,NA,Y,NA,A,01,0,1,1,0,0,0,0,0,0,-,-,NA,NA,ORANGE,LA HABRA,-117.9592056274414,33.93595886230469
8851648,2019,2019-05-03,3020,2019-04-14,1010,174,S20,7,5,4,3020,0,0,0,NA,0,NA,LAMPSON AV,BASSWOOD AV,45,E,N,A,-,N,NA,NA,NA,NA,NA,NA,NA,NA,NA,Y,3,0,1,2,A,-,08,22107,NA,N,B,C,A,A,H,-,A,A,0,NA,NA,NA,NA,Y,NA,A,01,0,1,0,0,0,0,0,0,0,-,-,NA,NA,ORANGE,SEAL BEACH,-118.06337738037108,33.776397705078125
8853770,2019,2019-05-13,3000,2019-04-17,1350,3358,972E1,3,5,4,3018,0,0,0,NA,0,731,CALLE ARROYO,LA NOVIA,22,E,N,A,-,N,NA,NA,NA,NA,NA,NA,NA,NA,NA,N,3,0,1,2,A,-,10,21950,A,N,G,B,C,A,H,-,A,D,0,Y,NA,NA,NA,Y,NA,D,22,0,1,0,0,1,0,0,0,0,-,-,NA,NA,ORANGE,SAN JUAN CAPISTRANO,-117.6488037109375,33.50346755981445
8854825,2019,2019-05-02,3004,2019-03-29,1718,P648,15,5,5,6,3004,0,0,0,NA,0,004,HARBOR BL,PETERSON PL,0,NA,Y,A,-,N,NA,NA,NA,NA,NA,NA,NA,NA,NA,N,4,0,1,2,A,-,10,21950,A,M,G,B,B,A,H,-,A,A,0,Y,NA,NA,NA,Y,NA,A,01,0,0,1,0,1,0,0,0,0,-,-,33.67042922973633,-117.9190673828125,ORANGE,COSTA MESA,-117.91912841796876,33.670448303222656