CASE_ID,ACCIDENT_YEAR,PROC_DATE,JURIS,COLLISION_DATE,COLLISION_TIME,OFFICER_ID,REPORTING_DISTRICT,DAY_OF_WEEK,CHP_SHIFT,POPULATION,CNTY_CITY_LOC,SPECIAL_COND,BEAT_TYPE,CHP_BEAT_TYPE,CITY_DIVISION_LAPD,CHP_BEAT_CLASS,BEAT_NUMBER,PRIMARY_RD,SECONDARY_RD,DISTANCE,DIRECTION,INTERSECTION,WEATHER_1,WEATHER_2,STATE_HWY_IND,CALTRANS_COUNTY,CALTRANS_DISTRICT,STATE_ROUTE,ROUTE_SUFFIX,POSTMILE_PREFIX,POSTMILE,LOCATION_TYPE,RAMP_INTERSECTION,SIDE_OF_HWY,TOW_AWAY,COLLISION_SEVERITY,NUMBER_KILLED,NUMBER_INJURED,PARTY_COUNT,PRIMARY_COLL_FACTOR,PCF_CODE_OF_VIOL,PCF_VIOL_CATEGORY,PCF_VIOLATION,PCF_VIOL_SUBSECTION,HIT_AND_RUN,TYPE_OF_COLLISION,MVIW,PED_ACTION,ROAD_SURFACE,ROAD_COND_1,ROAD_COND_2,LIGHTING,CONTROL_DEVICE,CHP_ROAD_TYPE,PEDESTRIAN_ACCIDENT,BICYCLE_ACCIDENT,MOTORCYCLE_ACCIDENT,TRUCK_ACCIDENT,NOT_PRIVATE_PROPERTY,ALCOHOL_INVOLVED,STWD_VEHTYPE_AT_FAULT,CHP_VEHTYPE_AT_FAULT,COUNT_SEVERE_INJ,COUNT_VISIBLE_INJ,COUNT_COMPLAINT_PAIN,COUNT_PED_KILLED,COUNT_PED_INJURED,COUNT_BICYCLIST_KILLED,COUNT_BICYCLIST_INJURED,COUNT_MC_KILLED,COUNT_MC_INJURED,PRIMARY_RAMP,SECONDARY_RAMP,LATITUDE,LONGITUDE,COUNTY,CITY,POINT_X,POINT_Y
8854841,2019,2019-05-17,3026,2019-03-15,1718,559,PORTO,5,5,6,3026,0,0,0,NA,0,008,JEFFREY RD,RT 5,135,N,N,A,-,N,NA,NA,NA,NA,NA,NA,NA,NA,NA,Y,4,0,1,2,A,-,03,22350,NA,N,C,C,A,A,H,-,A,D,0,NA,NA,NA,NA,Y,NA,A,01,0,0,1,0,0,0,0,0,0,-,NO,33.691158294677734,-117.77654266357422,ORANGE,IRVINE,-117.7682647705078,33.69017028808594
8856074,2019,2019-05-16,3014,2019-04-02,1026,1418,RD36,2,5,5,3014,0,0,0,NA,0,0A3,MACARTHUR BL,VILLAGIO,305,N,N,A,-,N,NA,NA,NA,NA,NA,NA,NA,NA,NA,N,3,0,1,1,A,-,03,22350,NA,N,H,A,A,A,G,-,A,D,0,NA,Y,NA,NA,Y,NA,L,04,0,1,0,0,0,0,1,0,0,-,-,33.634700775146484,-117.86299896240234,ORANGE,NEWPORT BEACH,-117.86298370361328,33.634559631347656
8857041,2019,2019-05-15,3007,2019-04-14,0919,317,42,7,5,5,3007,0,0,0,NA,0,001,MAGNOLIA,WARNER,255,S,N,A,-,N,NA,NA,NA,NA,NA,NA,NA,NA,NA,Y,4,0,2,2,A,-,09,21801,A,N,A,C,A,A,H,-,A,A,0,NA,NA,NA,NA,Y,NA,A,01,0,0,2,0,0,0,0,0,0,-,-,NA,NA,ORANGE,FOUNTAIN VALLEY,-117.9719467163086,33.71504211425781
8857898,2019,2019-05-21,3004,2019-03-26,1112,P649,09,2,5,6,3004,0,0,0,NA,0,012,VICTORIA ST,POMONA AV,0,NA,Y,A,-,N,NA,NA,NA,NA,NA,NA,NA,NA,NA,N,4,0,1,2,A,-,12,21453,A,N,D,G,A,A,H,-,A,A,0,NA,Y,NA,NA,Y,NA,L,04,0,0,1,0,0,0,1,0,0,-,-,33.652400970458984,-117.92769622802734,ORANGE,COSTA MESA,-117.92772674560548,33.65248107910156
8858298,2019,2019-05-24,3010,2019-02-24,0231,2086,476,7,5,6,3010,0,0,0,NA,0,002,BROOKHURST ST,BANNING AV,150,N,N,A,-,N,NA,NA,NA,NA,NA,NA,NA,NA,NA,Y,3,0,1,1,A,-,01,23153,A,N,A,I,A,A,H,-,C,A,0,NA,NA,NA,NA,Y,Y,A,01,0,1,0,0,0,0,0,0,0,-,-,NA,NA,ORANGE,HUNTINGTON BEACH,-117.9566650390625,33.64347839355469
8858377,2019,2019-05-24,3000,2019-01-19,1510,5013,951F6,6,5,5,3040,0,0,0,NA,0,741,CROWN VALLEY PKWY,CLUB HOUSE DR,21,N,N,A,-,N,NA,NA,NA,NA,NA,NA,NA,NA,NA,N,4,0,1,2,A,-,03,22350,NA,N,C,C,A,A,H,-,A,A,0,NA,NA,NA,NA,Y,NA,A,08,0,0,1,0,0,0,0,0,0,-,-,NA,NA,ORANGE,LAGUNA NIGUEL,-117.7193603515625,33.51237869262695
8859624,2019,2019-05-24,3007,2019-05-09,2211,309,28,4,5,5,3007,0,0,0,NA,0,002,HARBOR BL,HEIL AV,0,NA,Y,A,-,N,NA,NA,NA,NA,NA,NA,NA,NA,NA,N,4,0,3,2,A,-,09,21801,A,N,D,C,A,A,H,-,C,A,0,NA,NA,NA,NA,Y,NA,A,01,0,0,3,0,0,0,0,0,0,-,-,NA,NA,ORANGE,FOUNTAIN VALLEY,-117.91982269287108,33.72377014160156
8860251,2019,2019-06-06,3024,2019-05-13,0803,155,P-26,1,5,5,3024,0,0,0,NA,0,EAST,MAGNOLIA ST,CHANNING AV,0,NA,Y,C,-,N,NA,NA,NA,NA,NA,NA,NA,NA,NA,Y,4,0,1,2,A,-,09,21801,A,N,A,C,A,B,H,-,A,D,0,NA,NA,NA,NA,Y,NA,A,01,0,0,1,0,0,0,0,0,0,-,-,33.74673080444336,-117.97219848632813,ORANGE,WESTMINSTER,-117.97225952148438,33.74673080444336
8860800,2019,2019-05-31,3000,2019-02-22,1215,5013,922B7,5,5,5,3040,0,0,0,NA,0,741,CAMINO CAPISTRANO,PASEO DE COLINAS,842,N,N,A,-,N,NA,NA,NA,NA,NA,NA,NA,NA,NA,Y,3,0,2,3,A,-,09,21801,A,N,D,C,A,A,H,-,A,D,0,NA,NA,NA,NA,Y,NA,A,07,0,2,0,0,0,0,0,0,0,-,-,NA,NA,ORANGE,LAGUNA NIGUEL,-117.67399597167967,33.55141830444336
8860901,2019,2019-05-17,3000,2019-03-28,1425,2182,992J2,4,5,5,3017,0,0,0,NA,0,M73,AVENIDA PICO,CALLE FRONTERA,0,NA,Y,A,-,N,NA,NA,NA,NA,NA,NA,NA,NA,NA,Y,4,0,3,2,A,-,12,21453,A,N,D,C,A,A,H,-,A,A,0,NA,NA,NA,NA,Y,NA,A,01,0,0,3,0,0,0,0,0,0,-,-,NA,NA,ORANGE,SAN CLEMENTE,-117.61614990234376,33.442378997802734
8861294,2019,2019-05-21,3001,2019-04-26,0937,1278,NA,5,5,7,3001,0,0,0,NA,0,0D2,NORTH HARBOR BL,W SYCAMORE ST,0,NA,Y,A,-,N,NA,NA,NA,NA,NA,NA,NA,NA,NA,Y,4,0,2,2,A,-,09,21801,A,N,D,C,A,A,H,-,A,A,0,NA,NA,NA,NA,Y,NA,A,01,0,0,2,0,0,0,0,0,0,-,-,NA,NA,ORANGE,ANAHEIM,-117.92099761962892,33.838539123535156
8862098,2019,2019-05-28,3010,2019-05-13,1609,1208,241,1,5,6,3010,0,0,0,NA,0,009,GOTHARD,CENTER,314,N,N,A,-,N,NA,NA,NA,NA,NA,NA,NA,NA,NA,Y,4,0,1,2,A,-,09,21804,A,N,D,C,A,A,H,-,A,D,0,NA,NA,NA,NA,Y,NA,A,01,0,0,1,0,0,0,0,0,0,-,-,NA,NA,ORANGE,HUNTINGTON BEACH,-118.00003814697266,33.73454666137695
8862775,2019,2019-05-30,3015,2019-04-25,0838,1603,71S,4,5,6,3015,0,0,0,NA,0,211,METROPOLITAN DR,DESIGNER DR,158,W,N,A,-,N,NA,NA,NA,NA,NA,NA,NA,NA,NA,Y,4,0,1,3,A,-,03,22350,NA,N,C,C,A,A,H,-,A,A,0,NA,NA,NA,NA,Y,NA,A,07,0,0,1,0,0,0,0,0,0,-,-,NA,NA,ORANGE,ORANGE,-117.89145,33.779701
8863485,2019,2019-05-21,3009,2019-05-09,1919,1940,076,4,5,6,3009,0,0,0,NA,0,1-3,MAGNOLIA ST,MAYS AV,0,NA,Y,A,B,N,NA,NA,NA,NA,NA,NA,NA,NA,NA,Y,3,0,1,2,A,-,12,21453,A,N,D,C,A,A,H,-,A,A,0,NA,NA,NA,NA,Y,NA,A,01,0,1,0,0,0,0,0,0,0,-,-,NA,NA,ORANGE,GARDEN GROVE,-117.97251892089844,33.7636604309082
8863564,2019,2019-05-22,3001,2019-04-27,1529,1397,NA,6,5,7,3001,0,0,0,NA,0,D-4,E CANYON RIM RD,EAST NOHL RANCH RD,350,N,N,A,-,N,NA,NA,NA,NA,NA,NA,NA,NA,NA,Y,3,0,1,1,A,-,08,22107,NA,N,F,I,A,A,H,-,A,D,0,NA,NA,NA,NA,Y,Y,A,08,0,1,0,0,0,0,0,0,0,-,-,NA,NA,ORANGE,ANAHEIM,-117.77507019042967,33.8438835144043
8863599,2019,2019-05-22,3001,2019-04-15,1310,A1555,D4,1,5,7,3001,0,0,0,NA,0,NA,ORANGETHORPE AV,KELLOGG DR,0,NA,Y,A,-,N,NA,NA,NA,NA,NA,NA,NA,NA,NA,Y,4,0,4,2,D,-,00,NA,NA,N,D,C,A,A,H,-,A,A,0,NA,NA,NA,NA,Y,NA,-,-,0,0,4,0,0,0,0,0,0,-,-,NA,NA,ORANGE,ANAHEIM,-117.80605316162108,33.86500930786133
8865359,2019,2019-05-31,3015,2019-05-15,2120,1372,33,3,5,6,3015,0,0,0,NA,0,732,TUSTIN ST,RT 22,153,S,N,A,-,N,NA,NA,NA,NA,NA,NA,NA,NA,NA,Y,3,0,1,1,A,-,08,22107,NA,N,E,I,A,A,H,-,C,A,0,NA,NA,NA,NA,Y,NA,A,01,0,1,0,0,0,0,0,0,0,-,EF,NA,NA,ORANGE,ORANGE,-117.89850616455078,33.644405364990234
8866177,2019,2019-05-23,3001,2019-04-24,1512,A1252,NA,3,5,7,3001,0,0,0,NA,0,D 1,HIAWATHA AV,EMPIRE ST,332,W,N,A,-,N,NA,NA,NA,NA,NA,NA,NA,NA,NA,N,4,0,1,2,A,-,08,22103,NA,N,D,C,A,A,H,-,A,D,0,NA,NA,NA,NA,Y,NA,A,08,0,0,1,0,0,0,0,0,0,-,-,NA,NA,ORANGE,ANAHEIM,-117.9555435180664,33.83035659790039
8866412,2019,2019-05-30,3001,2019-05-12,1441,A1503,NA,7,5,7,3001,0,0,0,NA,0,0D1,NUTWOOD ST,BALL RD,0,NA,Y,A,-,N,NA,NA,NA,NA,NA,NA,NA,NA,NA,Y,3,0,3,3,A,-,12,21453,A,N,D,C,A,A,H,-,A,A,0,NA,NA,NA,NA,Y,NA,A,07,0,1,2,0,0,0,0,0,0,-,-,NA,NA,ORANGE,ANAHEIM,-117.95011138916016,33.81787872314453
8866925,2019,2019-05-30,3001,2019-04-27,1405,1830,NA,6,5,7,3001,0,0,0,NA,0,0D4,MONTE VISTA RD,OLD SPRINGS RD,0,NA,Y,B,-,N,NA,NA,NA,NA,NA,NA,NA,NA,NA,Y,3,0,2,2,A,-,09,21802,A,N,A,C,A,A,H,-,A,A,0,NA,NA,NA,NA,Y,NA,J,43,0,2,0,0,0,0,0,0,0,-,-,NA,NA,ORANGE,ANAHEIM,-117.74197387695313,33.86351013183594
8868143,2019,2019-05-30,3026,2019-04-23,1532,4991,NA,2,5,6,3026,0,0,0,NA,0,00C,CULVER,BARRANCA,1230,N,N,A,-,N,NA,NA,NA,NA,NA,NA,NA,NA,NA,Y,3,0,1,3,A,-,03,22350,NA,N,C,C,A,-,H,-,A,A,0,NA,NA,NA,NA,Y,NA,A,01,0,1,0,0,0,0,0,0,0,-,-,NA,NA,ORANGE,IRVINE,-117.80580139160156,33.68666458129883
8869946,2019,2019-06-03,3007,2019-05-13,0700,1139,34,1,5,5,3007,0,0,0,NA,0,001,BROOKHURST,MERCED RIVER,172,N,N,B,-,N,NA,NA,NA,NA,NA,NA,NA,NA,NA,N,4,0,1,3,A,-,03,22350,NA,N,C,C,A,B,H,-,A,D,0,NA,NA,NA,NA,Y,NA,A,01,0,0,1,0,0,0,0,0,0,-,-,NA,NA,ORANGE,FOUNTAIN VALLEY,-117.95460510253906,33.718082427978516
8870463,2019,2019-06-07,3012,2019-05-29,1618,424,NA,3,5,5,3012,0,0,0,NA,0,003,LAMBERT RD,WHITEBOOK,548,W,N,A,-,N,NA,NA,NA,NA,NA,NA,NA,NA,NA,Y,4,0,1,4,A,-,03,22350,NA,N,C,C,A,A,H,-,A,D,0,NA,NA,NA,NA,Y,NA,D,22,0,0,1,0,0,0,0,0,0,-,-,NA,NA,ORANGE,LA HABRA,-117.9643096923828,33.924659729003906
8870637,2019,2019-06-06,3002,2019-05-27,1208,1447,NA,1,5,4,3002,0,0,0,NA,0,012,SANTA FE RD,CONDOR AV,0,NA,Y,B,-,N,NA,NA,NA,NA,NA,NA,NA,NA,NA,Y,4,0,1,2,A,-,09,21801,A,N,D,C,A,A,H,-,A,A,0,NA,NA,NA,NA,Y,NA,A,07,0,0,1,0,0,0,0,0,0,-,-,33.92805862426758,-117.84625244140624,ORANGE,BREA,-117.8463134765625,33.92808151245117
8870984,2019,2019-08-22,3012,2019-02-28,1933,623,47,4,5,5,3012,0,0,0,NA,0,004,IMPERIAL HWY,EUCLID ST,0,NA,Y,A,-,Y,ORA,12,90,-,-,1.76,I,5,E,Y,4,0,3,3,A,-,09,21453,C,N,A,C,A,A,H,-,C,A,0,NA,NA,NA,NA,Y,NA,A,01,0,0,3,0,0,0,0,0,0,-,-,NA,NA,ORANGE,LA HABRA,-117.94612121582033,33.91727066040039
8871062,2019,2019-06-11,3010,2019-05-27,1253,0147,459,1,5,6,3010,0,0,0,NA,0,002,NEWLAND,PUERTO DR,0,NA,Y,A,-,N,NA,NA,NA,NA,NA,NA,NA,NA,NA,N,3,0,1,1,A,-,03,22350,NA,N,E,I,A,A,H,-,A,D,0,NA,NA,NA,NA,Y,NA,-,NA,0,1,0,0,0,0,0,0,0,-,-,NA,NA,ORANGE,HUNTINGTON BEACH,-117.9797821044922,33.659629821777344
8871102,2019,2019-06-11,3010,2019-05-24,1514,3042,436,5,5,6,3010,0,0,0,NA,0,003,BUSHARD,WARBURTON,0,NA,Y,A,-,N,NA,NA,NA,NA,NA,NA,NA,NA,NA,N,3,0,1,1,B,-,22,NA,NA,N,H,I,A,A,H,-,A,D,0,NA,Y,NA,NA,Y,NA,L,04,0,1,0,0,0,0,1,0,0,-,-,NA,NA,ORANGE,HUNTINGTON BEACH,-117.96243286132813,33.67692184448242
8872578,2019,2019-06-11,3000,2019-05-21,0800,1920,891J7,2,5,5,3028,0,0,0,NA,0,750,ALICIA PKWY,ALTHEA AV,56,E,N,B,-,N,NA,NA,NA,NA,NA,NA,NA,NA,NA,Y,4,0,1,3,A,-,03,22350,NA,N,C,C,A,A,H,-,A,D,0,NA,NA,NA,NA,Y,NA,D,22,0,0,1,0,0,0,0,0,0,-,-,NA,NA,ORANGE,MISSION VIEJO,-117.68385314941406,33.61195373535156
8872602,2019,2019-06-11,3000,2019-05-11,0920,2153,921G1,6,5,4,3045,0,0,0,NA,0,045,+PASEO DE VALENCIA,LOS ALISOS,0,NA,Y,A,-,N,NA,NA,NA,NA,NA,NA,NA,NA,NA,Y,4,0,2,2,D,-,00,NA,NA,N,D,C,A,A,H,-,A,A,0,NA,NA,NA,NA,Y,NA,-,-,0,0,2,0,0,0,0,0,0,-,-,NA,NA,ORANGE,LAGUNA HILLS,-117.70379,33.60468
8874276,2019,2019-06-12,3015,2019-05-14,0636,1419,RD46,2,5,6,3015,0,0,0,NA,0,722,KATELLA AV,WANDA ST,0,NA,Y,A,-,N,NA,NA,NA,NA,NA,NA,NA,NA,NA,N,3,0,1,2,A,-,12,21457,NA,N,D,G,A,A,H,-,A,B,0,NA,Y,NA,NA,Y,NA,A,01,0,1,0,0,0,0,1,0,0,-,-,NA,NA,ORANGE,ORANGE,-117.82196807861328,33.81045913696289
8874311,2019,2019-06-12,3007,2019-05-25,1539,316,28,6,5,5,3007,0,0,0,NA,0,002,EDINGER,HARBOR,0,NA,Y,A,-,N,NA,NA,NA,NA,NA,NA,NA,NA,NA,Y,4,0,1,3,A,-,12,21453,A,N,-,C,A,A,H,-,A,A,0,NA,NA,NA,NA,Y,NA,A,08,0,0,1,0,0,0,0,0,0,-,-,NA,NA,ORANGE,FOUNTAIN VALLEY,-117.91986846923828,33.72739028930664
8875452,2019,2019-08-29,3011,2019-06-09,1455,31407,84,7,5,4,3011,0,0,0,NA,0,003,RT 1,3RD AV,25,S,N,A,-,Y,ORA,12,1,-,-,5.72,H,-,N,N,4,0,1,2,A,-,03,22350,NA,N,C,C,A,A,H,-,A,A,0,NA,NA,NA,NA,Y,NA,I,09,0,0,1,0,0,0,0,0,0,-,-,NA,NA,ORANGE,LAGUNA BEACH,-117.74400329589844,33.501976013183594
8875792,2019,2019-11-27,3000,2019-05-22,0215,9342,797J6,3,5,4,3021,0,0,0,NA,0,023,BEACH BL,GARDEN GROVE BL,0,NA,Y,A,-,Y,ORA,12,39,-,-,8.665,I,5,S,N,4,0,1,2,A,-,10,21950,A,F,G,B,B,A,H,-,C,A,0,Y,NA,NA,NA,Y,NA,-,99,0,0,1,0,1,0,0,0,0,-,-,NA,NA,ORANGE,STANTON,-117.99292755126952,33.77363586425781
8875795,2019,2019-07-08,3008,2019-05-17,1313,1544,ZONE2,5,5,6,3008,0,0,0,NA,0,NA,HARBOR BL,HILL AV,215,S,N,A,-,N,NA,NA,NA,NA,NA,NA,NA,NA,NA,Y,3,0,3,2,A,-,01,23152,G,M,C,C,A,A,H,-,A,A,0,NA,NA,NA,NA,Y,Y,A,01,0,3,0,0,0,0,0,0,0,-,-,NA,NA,ORANGE,FULLERTON,-117.92434692382813,33.86046600341797
8878533,2019,2019-06-26,3002,2019-05-29,1718,1628,NA,3,5,4,3002,0,0,0,NA,0,011,BREA BL,CANYON COUNTRY RD,200,S,N,A,-,N,NA,NA,NA,NA,NA,NA,NA,NA,NA,NA,4,0,1,2,A,-,03,22350,NA,N,C,C,A,A,H,-,A,A,0,NA,NA,NA,NA,Y,NA,A,08,0,0,1,0,0,0,0,0,0,-,-,33.936119079589844,-117.89254760742188,ORANGE,BREA,-117.89310455322266,33.93584060668945
8878877,2019,2019-06-20,3001,2019-05-11,2202,415,D3,6,5,7,3001,0,0,0,NA,0,NA,SOUTH HARBOR BL,DISNEY WY,425,N,N,A,-,N,NA,NA,NA,NA,NA,NA,NA,NA,NA,N,4,0,1,2,A,-,07,21658,A,M,B,C,A,A,H,-,C,D,0,NA,NA,NA,NA,Y,NA,A,07,0,0,1,0,0,0,0,0,0,-,-,NA,NA,ORANGE,ANAHEIM,-117.91524505615234,33.80818557739258
8879780,2019,2019-06-18,3009,2019-05-25,1650,4641,085,6,5,6,3009,0,0,0,NA,0,013,GILBERT ST,TRASK AV,83,N,N,A,-,N,NA,NA,NA,NA,NA,NA,NA,NA,NA,Y,3,0,1,2,A,-,05,21650,NA,N,A,C,A,A,H,-,A,D,0,NA,NA,Y,NA,Y,NA,C,02,0,1,0,0,0,0,0,0,1,-,-,NA,NA,ORANGE,GARDEN GROVE,-117.96759033203124,33.76691818237305
8879796,2019,2019-06-18,3009,2019-05-30,1912,3299,092,4,5,6,3009,0,0,0,NA,0,012,CHAPMAN AV,GILBERT ST,300,E,N,A,-,N,NA,NA,NA,NA,NA,NA,NA,NA,NA,N,3,0,1,2,A,-,05,21650,1,N,B,G,A,A,H,-,A,D,0,NA,Y,NA,NA,Y,NA,L,04,0,1,0,0,0,0,1,0,0,-,-,NA,NA,ORANGE,GARDEN GROVE,-117.96642303466795,33.78847885131836
8880621,2019,2019-06-21,3000,2019-05-03,1459,2257,770B7,5,5,2,3023,0,0,0,NA,0,014,TAFT AV,NICHOLS AV,206,W,N,A,-,N,NA,NA,NA,NA,NA,NA,NA,NA,NA,Y,3,0,1,2,A,-,05,21650,NA,N,D,C,A,A,H,-,A,A,0,NA,NA,NA,NA,Y,NA,A,01,0,1,0,0,0,0,0,0,0,-,-,NA,NA,ORANGE,VILLA PARK,-117.81847381591795,33.81774139404297
8882730,2019,2019-07-09,3015,2019-05-17,1112,1567,135,5,5,6,3015,0,0,0,NA,0,212,E LA VETA AV,S GRAND ST,0,NA,Y,A,-,N,NA,NA,NA,NA,NA,NA,NA,NA,NA,Y,4,0,1,2,A,-,09,21802,A,N,D,C,A,A,H,-,A,D,0,NA,NA,NA,NA,Y,NA,A,01,0,0,1,0,0,0,0,0,0,-,-,NA,NA,ORANGE,ORANGE,-117.85092926025392,33.780609130859375
8882759,2019,2019-07-11,3000,2019-05-28,1055,2672,891F4,2,5,5,3050,0,0,0,NA,0,6M62,MUIRLANDS BL,LAKE FOREST DR,100,S,N,A,-,N,NA,NA,NA,NA,NA,NA,NA,NA,NA,N,4,0,1,2,A,-,03,22350,NA,N,C,C,A,A,H,-,A,A,0,NA,NA,NA,NA,Y,NA,A,01,0,0,1,0,0,0,0,0,0,-,-,NA,NA,ORANGE,LAKE FOREST,-117.70967864990234,33.634010314941406
8882978,2019,2019-07-08,3001,2019-05-30,0828,A1012,NA,4,5,7,3001,0,0,0,NA,0,0D4,EAST LA PALMA AV,GROVE ST,10,W,N,B,-,N,NA,NA,NA,NA,NA,NA,NA,NA,NA,N,3,0,1,2,A,-,10,21950,A,M,G,B,B,A,H,-,A,A,0,Y,NA,NA,NA,Y,NA,A,07,0,1,0,0,1,0,0,0,0,-,-,NA,NA,ORANGE,ANAHEIM,-117.8424835205078,33.854862213134766
8884404,2019,2019-07-08,3014,2019-06-18,0905,19004627,RD61,2,5,5,3014,0,0,0,NA,0,0A3,BONITA CANYON DR,CHAMBORD,38,E,N,B,-,N,NA,NA,NA,NA,NA,NA,NA,NA,NA,Y,3,0,1,1,A,-,08,22107,NA,N,E,I,A,A,H,-,C,D,0,NA,NA,NA,NA,Y,NA,D,22,0,1,0,0,0,0,0,0,0,-,-,33.629371643066406,-117.84484100341795,ORANGE,NEWPORT BEACH,-117.84506988525392,33.62953186035156
8884897,2019,2019-07-02,3010,2019-06-17,1154,3042,136,1,5,6,3010,0,0,0,NA,0,009,CHEMICAL,MCFADDEN,108,N,N,B,-,N,NA,NA,NA,NA,NA,NA,NA,NA,NA,Y,3,0,1,4,C,-,18,NA,NA,N,C,E,A,A,H,-,A,D,0,NA,NA,NA,NA,Y,NA,-,-,0,1,0,0,0,0,0,0,0,-,-,NA,NA,ORANGE,HUNTINGTON BEACH,-118.03665161132813,33.737464904785156
8885414,2019,2019-08-01,3015,2019-06-11,1258,1419,NA,2,5,6,3015,0,0,0,NA,0,722M,KATELLA AV,CALIFORNIA ST,118,E,N,A,-,N,NA,NA,NA,NA,NA,NA,NA,NA,NA,Y,3,0,1,3,A,-,03,22350,NA,N,C,C,A,A,H,-,A,A,0,NA,NA,Y,Y,Y,NA,F,76,0,1,0,0,0,0,0,0,1,-,-,33.80923080444336,-117.84056854248048,ORANGE,ORANGE,-117.84009552001952,33.80915832519531
8885479,2019,2019-07-11,3026,2019-05-23,1944,554,NA,4,5,6,3026,0,0,0,NA,0,00C,SAND CANYON AV,ALTON PKWY,0,NA,Y,A,-,N,NA,NA,NA,NA,NA,NA,NA,NA,NA,Y,3,0,2,2,D,-,00,NA,NA,N,D,C,A,A,H,-,B,A,0,NA,NA,NA,NA,Y,NA,-,-,0,2,0,0,0,0,0,0,0,-,-,NA,NA,ORANGE,IRVINE,-117.77536010742188,33.66020965576172
8886291,2019,2019-07-23,3015,2019-06-03,1436,1419,22E,1,5,6,3015,0,0,0,NA,0,722,CHAPMAN AV,GLASSELL ST,6,W,N,A,-,N,NA,NA,NA,NA,NA,NA,NA,NA,NA,NA,4,0,1,2,A,-,05,21650,1,N,D,G,A,A,H,-,A,A,0,NA,Y,NA,NA,Y,NA,L,04,0,0,1,0,0,0,1,0,0,-,-,NA,NA,ORANGE,ORANGE,-117.8531494140625,33.78817367553711
8886452,2019,2019-08-08,3010,2019-06-18,1611,2057,436,2,5,6,3010,0,0,0,NA,0,003,YORKTOWN,BUSHARD,0,NA,Y,A,-,N,NA,NA,NA,NA,NA,NA,NA,NA,NA,Y,3,0,1,3,A,-,09,21801,A,N,A,C,A,A,H,-,A,A,0,NA,NA,NA,NA,Y,NA,A,01,0,1,0,0,0,0,0,0,0,-,-,NA,NA,ORANGE,HUNTINGTON BEACH,-117.96263122558594,33.679561614990234
8886543,2019,2019-07-23,3001,2019-06-05,1212,A1012,NA,3,5,7,3001,0,0,0,NA,0,0D1,SOUTH KNOTT AV,W SAVANNA ST,51,S,N,A,-,N,NA,NA,NA,NA,NA,NA,NA,NA,NA,N,4,0,1,2,A,-,03,22350,NA,N,C,C,A,A,H,-,A,D,0,NA,NA,NA,NA,Y,NA,A,07,0,0,1,0,0,0,0,0,0,-,-,NA,NA,ORANGE,ANAHEIM,-118.01081848144533,33.819740295410156
8886550,2019,2019-07-23,3001,2019-06-06,0722,1410,EAST,4,5,7,3001,0,0,0,NA,0,0D4,EAST NOHL RANCH RD,COVERED WAGON TRL,259,E,N,A,-,N,NA,NA,NA,NA,NA,NA,NA,NA,NA,Y,4,0,1,1,A,-,08,22107,NA,N,E,I,A,A,H,-,A,A,0,NA,NA,NA,NA,Y,NA,A,01,0,0,1,0,0,0,0,0,0,-,-,NA,NA,ORANGE,ANAHEIM,-117.78182220458984,33.84489822387695
8886560,2019,2019-07-23,3001,2019-06-09,1035,A1508,NA,7,5,7,3001,0,0,0,NA,0,0D1,W LINCOLN AV,CAROL DR,49,E,N,A,-,N,NA,NA,NA,NA,NA,NA,NA,NA,NA,Y,3,0,2,1,C,-,18,NA,NA,N,E,I,A,A,H,-,A,D,0,NA,NA,Y,NA,Y,NA,-,-,0,2,0,0,0,0,0,0,2,-,-,NA,NA,ORANGE,ANAHEIM,-117.9523696899414,33.83258819580078
8887535,2019,2019-07-23,3024,2019-06-11,0834,162,P35,2,5,5,3024,0,0,0,NA,0,EAST,BUSHARD ST,BOLSA AV,207,S,N,A,-,N,NA,NA,NA,NA,NA,NA,NA,NA,NA,N,4,0,1,2,A,-,09,21804,A,N,G,B,F,A,H,-,A,D,0,Y,NA,NA,NA,Y,NA,A,01,0,0,1,0,1,0,0,0,0,-,-,33.7447509765625,-117.96351623535156,ORANGE,WESTMINSTER,-117.96353149414063,33.74439239501953
8888951,2019,2019-08-13,3008,2019-02-20,2113,1515,NA,3,5,6,3008,0,0,0,NA,0,001,GILBERT ST,PIONEER AV,0,NA,Y,B,-,N,NA,NA,NA,NA,NA,NA,NA,NA,NA,Y,4,0,1,2,A,-,12,21453,A,N,D,C,A,B,H,-,C,A,0,NA,NA,NA,NA,Y,NA,A,07,0,0,1,0,0,0,0,0,0,-,-,NA,NA,ORANGE,FULLERTON,-117.96614074707033,33.88819122314453
8889316,2019,2019-07-16,3001,2019-06-12,1210,1252,NA,3,5,7,3001,0,0,0,NA,0,0D1,NORTH MAGNOLIA AV,W LINCOLN AV,68,N,N,A,-,N,NA,NA,NA,NA,NA,NA,NA,NA,NA,Y,3,0,4,3,A,-,01,23152,A,N,C,C,A,A,H,-,A,A,0,NA,NA,NA,NA,Y,Y,A,01,0,1,3,0,0,0,0,0,0,-,-,NA,NA,ORANGE,ANAHEIM,-117.97599792480467,33.832454681396484
8889903,2019,2019-07-05,3022,2019-05-08,1750,1225,NORTH,3,5,5,3022,0,0,0,NA,0,NA,TUSTIN RANCH RD,AUTO CENTER DR,280,N,N,B,-,N,NA,NA,NA,NA,NA,NA,NA,NA,NA,Y,3,0,1,3,A,-,03,22350,NA,N,C,C,A,A,H,-,A,A,0,NA,NA,NA,NA,Y,NA,A,01,0,1,0,0,0,0,0,0,0,-,-,33.727500915527344,-117.80174255371094,ORANGE,TUSTIN,-117.80110931396484,33.72860336303711