CASE_ID,ACCIDENT_YEAR,PROC_DATE,JURIS,COLLISION_DATE,COLLISION_TIME,OFFICER_ID,REPORTING_DISTRICT,DAY_OF_WEEK,CHP_SHIFT,POPULATION,CNTY_CITY_LOC,SPECIAL_COND,BEAT_TYPE,CHP_BEAT_TYPE,CITY_DIVISION_LAPD,CHP_BEAT_CLASS,BEAT_NUMBER,PRIMARY_RD,SECONDARY_RD,DISTANCE,DIRECTION,INTERSECTION,WEATHER_1,WEATHER_2,STATE_HWY_IND,CALTRANS_COUNTY,CALTRANS_DISTRICT,STATE_ROUTE,ROUTE_SUFFIX,POSTMILE_PREFIX,POSTMILE,LOCATION_TYPE,RAMP_INTERSECTION,SIDE_OF_HWY,TOW_AWAY,COLLISION_SEVERITY,NUMBER_KILLED,NUMBER_INJURED,PARTY_COUNT,PRIMARY_COLL_FACTOR,PCF_CODE_OF_VIOL,PCF_VIOL_CATEGORY,PCF_VIOLATION,PCF_VIOL_SUBSECTION,HIT_AND_RUN,TYPE_OF_COLLISION,MVIW,PED_ACTION,ROAD_SURFACE,ROAD_COND_1,ROAD_COND_2,LIGHTING,CONTROL_DEVICE,CHP_ROAD_TYPE,PEDESTRIAN_ACCIDENT,BICYCLE_ACCIDENT,MOTORCYCLE_ACCIDENT,TRUCK_ACCIDENT,NOT_PRIVATE_PROPERTY,ALCOHOL_INVOLVED,STWD_VEHTYPE_AT_FAULT,CHP_VEHTYPE_AT_FAULT,COUNT_SEVERE_INJ,COUNT_VISIBLE_INJ,COUNT_COMPLAINT_PAIN,COUNT_PED_KILLED,COUNT_PED_INJURED,COUNT_BICYCLIST_KILLED,COUNT_BICYCLIST_INJURED,COUNT_MC_KILLED,COUNT_MC_INJURED,PRIMARY_RAMP,SECONDARY_RAMP,LATITUDE,LONGITUDE,COUNTY,CITY,POINT_X,POINT_Y
90171481,2016,2016-05-03,9690,2016-04-28,0957,014552,NA,4,1,9,3000,0,2,4,NA,2,030,CRYSTAL CANYON ROAD,SANTIAGO CANYON ROAD,0,NA,Y,B,-,N,NA,NA,NA,NA,NA,NA,NA,NA,NA,N,3,0,1,2,A,-,09,21804,A,N,H,G,A,A,H,-,A,A,0,NA,Y,NA,NA,Y,NA,D,22,0,1,0,0,0,0,1,0,0,-,-,33.68927,-117.62366,ORANGE,UNINCORPORATED,-117.62347012,33.68932009
90174269,2016,2016-05-06,9670,2016-04-28,0852,013414,NA,4,1,6,3009,0,1,3,NA,2,023,SR-22 E/B,BROOKHURST ST,200,E,N,A,-,Y,NA,NA,22,NA,NA,NA,NA,NA,E,N,4,0,1,3,A,-,03,22350,NA,N,C,C,A,A,H,-,A,D,0,NA,NA,NA,NA,Y,NA,A,01,0,0,1,0,0,0,0,0,0,-,-,33.76593,-117.9527,ORANGE,GARDEN GROVE,-117.95269981,33.76590831
90174967,2016,2016-05-09,9675,2016-04-20,0810,017833,NA,3,1,5,3016,0,1,3,NA,2,571,SR-57 NORTHBOUND,PLACENTIA AVE,261,N,N,A,-,Y,NA,NA,NA,NA,NA,NA,NA,NA,NA,Y,4,0,1,4,A,-,03,22350,NA,N,C,C,A,A,H,-,A,D,0,NA,NA,NA,NA,Y,NA,D,22,0,0,1,0,0,0,0,0,0,-,-,33.79156,-117.85866,ORANGE,PLACENTIA,-117.88013965,33.8714463
90175826,2016,2016-05-10,9670,2016-04-30,1348,016271,NA,6,1,3,3013,0,1,1,NA,2,061,I-605 S/B,KATELLA AVE,3168,S,N,A,-,Y,NA,NA,605,NA,NA,NA,NA,NA,S,Y,3,0,1,1,C,-,18,NA,NA,N,F,A,A,A,C,-,A,D,0,NA,NA,Y,NA,Y,NA,-,-,0,1,0,0,0,0,0,0,1,-,-,33.79512,-118.08718,ORANGE,LOS ALAMITOS,-118.08712617,33.7951014
90176122,2016,2016-05-10,9670,2016-05-06,1102,017022,NA,5,1,5,3007,0,1,1,NA,2,041,I-405 S/B (SDF) FROM WARNER AVENUE,WARNER AVENUE,160,S,N,C,-,Y,NA,NA,NA,NA,NA,NA,NA,NA,NA,Y,3,0,1,1,A,-,08,22107,NA,N,E,I,A,B,H,-,A,D,0,NA,NA,NA,NA,Y,NA,A,01,0,1,0,0,0,0,0,0,0,-,-,33.42556,-117.581,ORANGE,FOUNTAIN VALLEY,-117.9672,33.71591
90177337,2016,2016-05-11,9670,2016-05-03,2055,019290,NA,2,2,7,3001,0,1,1,NA,2,502,I-5 N/B (SANTA ANA FWY),HARBOR BLVD,528,S,N,A,-,Y,NA,NA,5,NA,NA,NA,NA,NA,N,N,4,0,2,4,A,-,03,22350,NA,N,C,C,A,A,H,-,D,D,0,NA,NA,NA,NA,Y,NA,A,01,0,0,2,0,0,0,0,0,0,-,-,33.81427,-117.91401,ORANGE,ANAHEIM,-117.91394839,33.81433349
90177388,2016,2016-05-11,9675,2016-05-02,0655,014558,NA,1,1,6,3004,0,1,3,NA,2,553,SR-55 S/B,PAULARINO AVE,100,N,N,A,-,Y,NA,NA,55,NA,NA,NA,NA,NA,S,Y,3,0,2,2,A,-,08,22107,NA,N,B,C,A,A,H,-,A,D,0,NA,NA,NA,NA,Y,NA,D,22,0,2,0,0,0,0,0,0,0,-,-,33.68211,-117.87741,ORANGE,COSTA MESA,-117.87734465,33.682042440000004
90178679,2016,2016-05-13,9690,2016-05-10,1620,012830,NA,2,2,5,3028,0,1,1,NA,2,056,I-5 S/B (SAN DIEGO FRWY),CROWN VALLEY PKWY,300,S,N,A,-,Y,NA,NA,5,NA,NA,NA,NA,NA,S,Y,4,0,1,2,A,-,03,22350,NA,N,C,C,A,A,H,-,A,D,0,NA,NA,NA,NA,Y,NA,A,01,0,0,1,0,0,0,0,0,0,-,-,33.55812,-117.67308,ORANGE,MISSION VIEJO,-117.67315153,33.55812032
90178762,2016,2016-05-13,9670,2016-05-03,1445,016209,NA,2,2,7,3001,0,1,1,NA,2,503,I-5 S/B (SANTA ANA FREEWAY),W. BROADWAY,450,S,N,A,-,Y,NA,NA,5,NA,NA,NA,NA,NA,S,Y,4,0,2,2,A,-,03,22350,NA,N,C,C,A,A,H,-,A,D,0,NA,NA,NA,NA,Y,NA,A,01,0,0,2,0,0,0,0,0,0,-,-,33.82859,-117.9284,ORANGE,ANAHEIM,-117.92839378,33.82859662
90178839,2016,2016-05-13,9675,2016-05-03,1705,016984,NA,2,2,7,3019,0,1,1,NA,2,502,I-5 NORTHBOUND,MAIN ST,1000,S,N,A,-,Y,NA,NA,5,NA,NA,NA,NA,NA,N,Y,4,0,1,3,A,-,03,22350,NA,N,C,C,A,A,H,-,A,D,0,NA,NA,NA,NA,Y,NA,A,01,0,0,1,0,0,0,0,0,0,-,-,33.76336,-117.86433,ORANGE,SANTA ANA,-117.86457223,33.76321626
90179670,2016,2016-05-16,9670,2016-05-06,1310,014303,NA,5,1,5,3024,0,1,1,NA,2,043,I-405 S/B (SAN DIEGO FWY),SPRINGDALE STREET,1056,N,N,A,-,Y,NA,NA,405,NA,NA,NA,NA,NA,S,Y,4,0,1,4,A,-,03,22350,NA,N,C,C,A,A,H,-,A,D,0,NA,NA,NA,NA,Y,NA,A,01,0,0,1,0,0,0,0,0,0,-,-,33.76466,-118.02886,ORANGE,WESTMINSTER,-118.02887099,33.76464685
90179737,2016,2016-05-16,9675,2016-05-02,0718,021233,NA,1,1,9,3000,0,3,5,NA,2,002,17TH ST,HOLT AVE,0,NA,Y,A,-,N,NA,NA,NA,NA,NA,NA,NA,NA,NA,N,4,0,1,2,A,-,09,21801,A,N,D,C,A,A,H,-,A,D,0,NA,NA,NA,NA,Y,NA,A,01,0,0,1,0,0,0,0,0,0,-,-,33.75999,-117.81396,ORANGE,UNINCORPORATED,-117.81436004,33.75999008
90180156,2016,2016-05-16,9675,2016-05-05,1815,018834,NA,4,2,7,3001,0,1,3,NA,2,094,SR-91 EASTBOUND,WEIR CYN RD,2000,W,N,A,-,Y,NA,NA,91,NA,NA,NA,NA,NA,E,Y,3,0,4,4,A,-,03,22350,NA,N,C,C,A,A,H,-,A,D,0,NA,NA,NA,NA,Y,NA,D,22,0,1,3,0,0,0,0,0,0,-,-,33.86888,-117.7558,ORANGE,ANAHEIM,-117.75579935,33.86887276
90181443,2016,2016-05-17,9675,2016-05-10,1205,015914,NA,2,1,9,3000,0,1,1,NA,2,405,I-405 NORTHBOUND,MACARTHUR BLVD,100,N,N,B,-,Y,NA,NA,405,NA,NA,NA,NA,NA,N,Y,4,0,1,2,A,-,03,22350,NA,N,C,C,A,A,H,-,A,D,0,NA,NA,NA,NA,Y,NA,A,01,0,0,1,0,0,0,0,0,0,-,-,33.68306,-117.85726,ORANGE,UNINCORPORATED,-117.85727674,33.68301973
90183474,2016,2016-05-19,9675,2016-05-16,1700,017773,NA,1,2,6,3026,0,1,1,NA,2,405,I-405 N/B,MACARTHUR BLVD,1056,N,N,A,-,Y,NA,NA,405,NA,NA,NA,NA,NA,N,Y,4,0,1,3,A,-,03,22350,NA,N,C,C,A,A,H,-,A,D,0,NA,NA,NA,NA,Y,NA,A,01,0,0,1,0,0,0,0,0,0,-,-,33.68529,-117.86202,ORANGE,IRVINE,-117.86209186,33.6851289
90184294,2016,2016-05-23,9675,2016-05-19,0140,018272,NA,4,3,9,3000,0,3,5,NA,2,001,BREA BLVD. S/B,CANYON COUNTY RD.,1490,N,N,B,-,N,NA,NA,NA,NA,NA,NA,NA,NA,NA,Y,4,0,1,1,A,-,01,23152,A,N,E,I,A,A,H,-,C,D,0,NA,NA,NA,NA,Y,Y,A,01,0,0,1,0,0,0,0,0,0,-,-,33.93715,-117.89239,ORANGE,UNINCORPORATED,NA,NA
90186307,2016,2016-05-24,9675,2016-05-20,1525,019618,NA,5,2,7,3001,0,1,3,NA,2,093,SR-91 E/B,KRAEMER BLVD,2000,E,N,A,-,Y,NA,NA,91,NA,NA,NA,NA,NA,E,N,4,0,3,2,A,-,03,22350,NA,N,C,C,A,A,H,-,A,D,0,NA,NA,NA,NA,Y,NA,A,07,0,0,3,0,0,0,0,0,0,-,-,33.84976,-117.84733,ORANGE,ANAHEIM,-117.84735776,33.84987027
90187769,2016,2016-06-01,9670,2016-05-18,0748,021282,NA,3,1,5,3024,0,1,1,NA,2,043,I-405 S/B (SAN DIEGO FREEWAY),GOLDENWEST ST,528,N,N,B,-,Y,NA,NA,405,NA,NA,NA,NA,NA,S,Y,3,0,1,2,A,-,03,22350,NA,N,C,C,A,A,H,-,A,D,0,NA,NA,NA,NA,Y,NA,A,01,0,1,0,0,0,0,0,0,0,-,-,33.74862,-118.00969,ORANGE,WESTMINSTER,-118.00971392,33.7485919
90192115,2016,2016-06-01,9675,2016-05-21,1215,021206,NA,6,1,6,3004,0,1,3,NA,2,553,SR-55 SOUTHBOUND,MAIN ST,1150,N,N,A,-,Y,NA,NA,NA,NA,NA,NA,NA,NA,NA,Y,4,0,3,3,A,-,03,22350,NA,N,C,C,A,A,H,-,A,D,0,NA,NA,NA,NA,Y,NA,A,01,0,0,3,0,0,0,0,0,0,-,-,33.4141,-117.51563,ORANGE,COSTA MESA,-117.86550256,33.69462766
90193569,2016,2016-06-02,9670,2016-05-20,1145,021286,NA,5,1,6,3009,0,1,3,NA,2,024,SR-22 EASTBOUND (GARDEN GROVE FREEWAY),GARDEN GROVE BLVD U/C,283,W,N,A,-,Y,NA,NA,NA,NA,NA,NA,NA,NA,NA,N,3,0,2,2,A,-,03,22350,NA,N,C,C,A,A,H,-,A,D,0,NA,NA,NA,NA,Y,NA,A,07,0,1,1,0,0,0,0,0,0,-,-,NA,NA,ORANGE,GARDEN GROVE,-118.00684471,33.77404939
90194794,2016,2016-06-06,9670,2016-05-07,0701,018887,NA,6,1,7,3001,0,1,3,NA,2,093,SR-91 W/B - RIVERSIDE FREEWAY,EUCLID STREET,200,E,N,B,-,Y,NA,NA,91,NA,NA,NA,NA,NA,W,Y,4,0,2,2,A,-,03,22350,NA,N,C,C,A,A,H,-,A,D,0,NA,NA,NA,NA,Y,NA,A,01,0,0,2,0,0,0,0,0,0,-,-,33.854,-117.942,ORANGE,ANAHEIM,-117.94200137,33.85424365
90195237,2016,2016-06-06,9675,2016-05-15,1340,020712,NA,7,1,7,3019,0,1,1,NA,2,502,I-5 NORTHBOUND,4TH ST,800,S,N,A,-,Y,NA,NA,NA,NA,NA,NA,NA,NA,NA,Y,3,0,1,1,A,-,08,22107,NA,N,F,I,A,A,H,-,A,D,0,NA,NA,NA,NA,Y,NA,A,01,0,1,0,0,0,0,0,0,0,-,-,33.74639,-117.80567,ORANGE,SANTA ANA,-117.84304,33.74804
90196774,2016,2016-06-08,9690,2016-05-31,0145,016986,NA,2,3,4,3018,0,1,1,NA,2,057,I-5 S/B (SAN DIEGO FRWY),ORTEGA HWY.,305,N,N,A,-,Y,NA,NA,5,NA,NA,NA,NA,NA,S,Y,4,0,1,1,A,-,08,22107,NA,N,E,I,A,A,H,-,C,D,0,NA,NA,NA,NA,Y,NA,A,01,0,0,1,0,0,0,0,0,0,-,-,33.50286,-117.65884,ORANGE,SAN JUAN CAPISTRANO,-117.65868729,33.50288506
9019729,2019,2020-02-04,3003,2019-12-15,1605,1206,NA,7,5,5,3003,0,0,0,NA,0,NA,VALLEY VIEW ST,LA PALMA AV,482,N,N,A,-,N,NA,NA,NA,NA,NA,NA,NA,NA,NA,Y,3,0,1,2,A,-,09,21804,A,N,D,C,A,A,H,-,A,D,0,NA,NA,NA,NA,Y,NA,A,01,0,1,0,0,0,0,0,0,0,-,-,33.847801208496094,-118.02850341796876,ORANGE,BUENA PARK,-118.02847290039063,33.847801208496094
90198176,2016,2016-06-09,9670,2016-05-19,1255,015587,NA,4,1,5,3003,0,1,3,NA,2,091,SR-91 W/B (RIVERSIDE FREEWAY),HOLDER STREET PEDESTRIAN OC,628,W,N,A,-,Y,NA,NA,91,NA,NA,NA,NA,NA,W,Y,4,0,2,3,A,-,03,22350,NA,N,C,C,A,A,H,-,A,D,0,NA,NA,NA,NA,Y,NA,A,07,0,0,2,0,0,0,0,0,0,-,-,33.85613,-118.02265,ORANGE,BUENA PARK,-118.02265094,33.85606667
90198544,2016,2016-06-10,9675,2016-05-17,2015,018834,NA,2,2,9,3000,0,3,5,NA,2,002,HEWES ST SOUTHBOUND,CENTER ST,14,S,N,A,-,Y,NA,NA,NA,NA,NA,NA,NA,NA,NA,N,2,0,1,2,A,-,10,21950,A,F,G,B,B,A,H,-,C,A,0,Y,NA,NA,NA,Y,NA,A,01,1,0,0,0,1,0,0,0,0,-,-,33.78948,-117.80574,ORANGE,UNINCORPORATED,-117.80571957,33.78949162
90198866,2016,2016-06-10,9690,2016-06-04,1310,020463,NA,6,1,4,3045,0,1,1,NA,2,055,I-5 S/B (SAN DIEGO FRWY),EL TORO RD,1056,N,N,A,-,Y,NA,NA,5,NA,NA,NA,NA,NA,S,N,4,0,1,2,A,-,03,22350,NA,N,C,C,A,A,H,-,A,D,0,NA,NA,NA,NA,Y,NA,A,07,0,0,1,0,0,0,0,0,0,-,-,33.61824,-117.7116,ORANGE,LAGUNA HILLS,-117.71156938,33.61826782
90199092,2016,2016-06-10,9675,2016-06-03,1940,019979,NA,5,2,6,3026,0,1,1,NA,2,406,I-405 NORTHBOUND,MACARTHUR BLVD.,300,S,N,A,-,Y,NA,NA,405,NA,NA,NA,NA,NA,N,N,4,0,2,2,A,-,03,22350,NA,N,C,C,A,A,H,-,A,D,0,NA,NA,NA,NA,Y,NA,A,08,0,0,2,0,0,0,0,0,0,-,-,33.68103,-117.85261,ORANGE,IRVINE,-117.85264052,33.68096115
90200582,2016,2016-06-13,9675,2016-06-08,1843,021297,NA,3,2,7,3001,0,1,3,NA,2,095,SR-91 EASTBOUND,YORBA LINDA BLVD,1000,E,N,A,-,Y,NA,NA,91,NA,NA,NA,NA,NA,E,N,4,0,1,3,A,-,03,22350,NA,N,C,C,A,A,H,-,A,D,0,NA,NA,NA,Y,Y,NA,G,25,0,0,1,0,0,0,0,0,0,-,-,33.8704,-117.73585,ORANGE,ANAHEIM,-117.73582831,33.87054191
90200588,2016,2016-06-13,9675,2016-06-09,1615,017773,NA,4,2,6,3004,0,1,3,NA,2,073,SR-73 N/B,BEAR ST,528,N,N,A,-,Y,NA,NA,73,NA,NA,NA,NA,NA,N,Y,4,0,2,2,A,-,03,22350,NA,N,C,C,A,A,H,-,A,D,0,NA,NA,NA,NA,Y,NA,A,01,0,0,2,0,0,0,0,0,0,-,-,33.68383,-117.89546,ORANGE,COSTA MESA,-117.89534461,33.68393645
90200958,2016,2016-06-14,9675,2016-06-08,0920,021272,NA,3,1,6,3015,0,1,3,NA,2,222,SR-22 WESTBOUND,GLASSELL ST,526,E,N,B,-,Y,NA,NA,22,NA,NA,NA,NA,NA,W,N,4,0,1,2,A,-,03,22350,NA,N,C,C,A,A,H,-,A,D,0,NA,NA,NA,NA,Y,NA,A,01,0,0,1,0,0,0,0,0,0,-,-,33.77546,-117.85131,ORANGE,ORANGE,-117.85132233,33.77538282
90202079,2016,2016-06-15,9675,2016-06-13,0820,015109,NA,1,1,9,3000,0,1,1,NA,2,405,I-405 SOUTHBOUND,SR-55 NORTHBOUND,300,S,N,A,-,Y,NA,NA,NA,NA,NA,NA,NA,NA,NA,Y,4,0,1,3,A,-,03,22350,NA,N,C,C,A,A,H,-,A,D,0,NA,NA,NA,NA,Y,NA,A,01,0,0,1,0,0,0,0,0,0,-,-,33.68702,-117.86977,ORANGE,UNINCORPORATED,NA,NA
90202484,2016,2016-06-15,9675,2016-06-03,1703,020712,NA,5,2,7,3019,0,1,1,NA,2,502,I-5 NORTHBOUND FROM MAIN ST.,MAIN ST,1,S,N,A,-,Y,NA,NA,5,NA,NA,NA,R,NA,N,Y,3,0,1,2,A,-,06,21755,A,N,B,C,A,A,H,-,A,D,0,NA,NA,Y,NA,Y,NA,C,02,0,1,0,0,0,0,0,0,1,-,-,33.76849,-117.86711,ORANGE,SANTA ANA,-117.86711,33.76849
90203893,2016,2016-06-17,9670,2016-05-29,2255,017788,NA,7,3,6,3009,0,1,3,NA,2,024,SR-22 E/B (GARDEN GROVE FREEWAY),LEWIS ST.,528,W,N,A,-,Y,NA,NA,NA,NA,NA,NA,NA,NA,NA,Y,4,0,1,3,A,-,03,22350,NA,N,C,C,A,A,H,-,C,D,0,NA,NA,NA,NA,Y,NA,A,01,0,0,1,0,0,0,0,0,0,-,-,33.8998,-117.89981,ORANGE,GARDEN GROVE,-117.89804495,33.77774871
90204012,2016,2016-06-17,9675,2016-06-11,0920,014751,NA,6,1,6,3004,0,1,1,NA,2,405,I-405 SOUTHBOUND,HARBOR BLVD,20,N,N,C,-,Y,NA,NA,405,NA,NA,NA,NA,NA,S,Y,3,0,1,2,A,-,03,22350,NA,N,A,C,A,B,H,-,A,D,0,NA,NA,NA,NA,Y,NA,D,22,0,1,0,0,0,0,0,0,0,-,-,33.68841,-117.91831,ORANGE,COSTA MESA,-117.9182413,33.68865844
9020588,2019,2020-06-25,3010,2019-12-09,1704,3042,461,1,5,6,3010,0,0,0,NA,0,004,RT 1,21ST ST,89,S,N,A,-,Y,ORA,12,1,-,-,25.75,H,-,N,Y,4,0,2,3,A,-,03,22350,NA,N,C,C,A,A,H,-,C,D,0,NA,NA,NA,NA,Y,NA,A,07,0,0,2,0,0,0,0,0,0,-,-,NA,NA,ORANGE,HUNTINGTON BEACH,-118.01543426513672,33.66693115234375
9020636,2019,2020-06-09,3004,2019-12-16,0800,P681,11,1,5,6,3004,0,0,0,NA,0,002,NEWPORT BL,WEST 19TH ST,167,N,N,A,-,Y,ORA,12,55,-,-,2.05,H,-,S,N,4,0,1,2,A,-,03,22350,NA,N,C,C,A,A,H,-,A,A,0,NA,NA,NA,NA,Y,NA,A,01,0,0,1,0,0,0,0,0,0,-,-,33.64393997192383,-117.91635131835938,ORANGE,COSTA MESA,-117.9162826538086,33.64366149902344
9020664,2019,2020-01-22,3004,2019-11-14,2213,P549,12,4,5,6,3004,0,0,0,NA,0,002,NEWPORT BL,WILSON ST,78,S,N,A,-,N,NA,NA,55,NA,NA,NA,NA,NA,NA,N,3,0,1,2,A,-,08,22107,NA,N,H,G,A,A,H,-,C,A,0,NA,Y,NA,NA,Y,NA,L,04,0,1,0,0,0,0,1,0,0,-,-,33.65549850463867,-117.90609741210938,ORANGE,COSTA MESA,-117.90560913085938,33.65504837036133
90207189,2016,2016-06-22,9670,2016-06-09,1507,017022,NA,4,2,4,3020,0,1,1,NA,2,045,I-405 S/B (SAN DIEGO FREEWAY),SR-22 W/B/7TH ST O/C,50,N,N,A,-,Y,NA,NA,NA,NA,NA,NA,NA,NA,NA,N,4,0,1,2,A,-,07,21658,A,N,B,C,A,A,H,-,A,D,0,NA,NA,NA,NA,Y,NA,A,01,0,0,1,0,0,0,0,0,0,-,-,33.46292,-118.05123,ORANGE,SEAL BEACH,NA,NA
90207828,2016,2016-06-23,9670,2016-05-23,1712,019290,NA,1,2,7,3001,0,1,3,NA,2,094,STATE ROUTE 91 EASTBOUND,BROOKHURST STREET OVERCROSSING,1056,E,N,A,-,Y,NA,NA,91,NA,NA,NA,NA,NA,E,N,4,0,1,2,A,-,03,22350,NA,N,C,C,A,A,H,-,A,D,0,NA,NA,NA,NA,Y,NA,A,01,0,0,1,0,0,0,0,0,0,-,-,33.85394,-117.9523,ORANGE,ANAHEIM,-117.95230003,33.85394401
9020807,2019,2020-01-18,3001,2019-11-04,0811,A1252,NA,1,5,7,3001,0,0,0,NA,0,0D2,ANAHEIM BL,NORTH SEA CIR,350,S,N,A,-,N,NA,NA,NA,NA,NA,NA,NA,NA,NA,N,4,0,2,2,A,-,09,21804,A,N,D,C,A,A,H,-,A,D,0,NA,NA,NA,NA,Y,NA,A,01,0,0,2,0,0,0,0,0,0,-,-,33.84418869018555,-117.9167709350586,ORANGE,ANAHEIM,-117.91647338867188,33.84331130981445
90209154,2016,2016-06-24,9675,2016-06-17,1005,014497,NA,5,1,7,3019,0,1,1,NA,2,503,I-5 NORTHBOUND,MAIN ST,125,S,N,B,-,Y,NA,NA,5,NA,NA,NA,NA,NA,N,N,4,0,1,2,A,-,03,22350,NA,N,C,C,A,A,H,-,A,D,0,NA,NA,NA,Y,Y,NA,G,27,0,0,1,0,0,0,0,0,0,-,-,33.76813,-117.86726,ORANGE,SANTA ANA,-117.86735256,33.7680782
90209523,2016,2016-06-27,9690,2016-06-15,0201,019925,NA,3,3,9,3000,0,1,3,NA,1,074,SR 74 E/B (ORTEGA HWY),REATA RD.,405,E,N,A,-,Y,NA,NA,NA,NA,NA,NA,NA,NA,NA,Y,3,0,1,1,A,-,01,23152,A,N,E,I,A,A,H,-,C,D,0,NA,NA,NA,NA,Y,Y,A,01,0,1,0,0,0,0,0,0,0,-,-,33.51673,-117.62382,ORANGE,UNINCORPORATED,NA,NA
90210273,2016,2016-06-27,9670,2016-06-21,1735,016209,NA,2,2,6,3009,0,1,3,NA,2,024,SR-22 E/B (GARDEN GROVE FREEWAY),PEARCE ST. PEDESTRIAN OVERCROSSING,500,E,N,A,-,Y,NA,NA,22,NA,NA,NA,NA,NA,E,Y,4,0,1,3,A,-,03,22350,NA,N,C,C,A,A,H,-,A,D,0,NA,NA,NA,NA,Y,NA,A,01,0,0,1,0,0,0,0,0,0,-,-,33.77108,-117.91119,ORANGE,GARDEN GROVE,-117.91121955,33.77114353
90211857,2016,2016-08-08,9675,2016-06-18,2240,020650,NA,6,3,7,3001,0,1,3,NA,2,572,SR-57 NORTHBOUND,KATELLA AVE,400,S,N,A,-,Y,NA,NA,57,NA,NA,NA,NA,NA,N,Y,4,0,1,2,A,-,08,22107,NA,F,B,E,A,A,H,-,D,D,0,NA,NA,NA,NA,Y,NA,D,22,0,0,1,0,0,0,0,0,0,-,-,33.80471,-117.88002,ORANGE,ANAHEIM,-117.88001319,33.80471053
90214878,2016,2016-07-01,9675,2016-05-29,1940,021225,NA,7,2,7,3019,0,1,1,NA,2,502,I-5 NORTHBOUND,SR-22 EASTBOUND,500,S,N,A,-,Y,NA,NA,5,NA,NA,NA,NA,NA,N,Y,4,0,2,3,A,-,01,23152,A,F,B,C,A,A,H,-,B,D,0,NA,NA,NA,NA,Y,Y,A,01,0,0,2,0,0,0,0,0,0,-,-,33.77836,-117.8754,ORANGE,SANTA ANA,-117.87547047,33.77829494
90215827,2016,2016-07-05,9675,2016-06-19,1950,020594,NA,7,2,6,3015,0,1,3,NA,2,572,SR-57 S/B TO SR-22 W/B,THE CITY DRIVE,1500,N,N,A,-,Y,NA,NA,NA,NA,NA,NA,NA,NA,NA,Y,4,0,1,1,A,-,07,21658,A,N,E,I,A,A,H,-,B,D,0,NA,NA,NA,NA,Y,NA,A,01,0,0,1,0,0,0,0,0,0,-,-,33.46457,-117.53145,ORANGE,ORANGE,NA,NA
90215984,2016,2016-07-05,9690,2016-06-25,0026,012632,NA,6,3,5,3028,0,1,1,NA,2,055,I-5 N/B (SAN DIEGO FRWY),ALICIA PARKWAY,280,N,N,A,-,Y,NA,NA,NA,NA,NA,NA,NA,NA,NA,Y,4,0,7,3,A,-,03,22350,NA,N,C,C,A,A,G,-,C,D,0,NA,NA,NA,NA,Y,NA,A,01,0,0,7,0,0,0,0,0,0,-,-,33.60516,-117.671,ORANGE,MISSION VIEJO,-117.6912093,33.60522558
90217028,2016,2016-07-06,9675,2016-06-22,1305,019471,NA,3,1,7,3019,0,1,1,NA,2,502,I-5 N/B (SANTA ANA FWY),MAIN ST,500,S,N,A,-,Y,NA,NA,5,NA,NA,NA,NA,NA,N,Y,4,0,2,4,A,-,03,22350,NA,N,C,C,A,A,H,-,A,D,0,NA,NA,NA,NA,Y,NA,A,01,0,0,2,0,0,0,0,0,0,-,-,33.76582,-117.86615,ORANGE,SANTA ANA,-117.86610754,33.76584452
90217304,2016,2016-07-07,9670,2016-06-20,1425,012927,NA,1,2,7,3001,0,1,1,NA,2,503,I-5 S/B (SANTA ANA FWY),LINCOLN AVE,48,S,N,A,-,Y,NA,NA,5,NA,NA,NA,NA,NA,S,Y,3,0,1,1,A,-,03,22350,NA,N,E,I,A,A,H,-,A,D,0,NA,NA,NA,NA,Y,NA,A,07,0,1,0,0,0,0,0,0,0,-,-,33.83205,-117.93198,ORANGE,ANAHEIM,-117.93202787,33.83199512
90218428,2016,2016-07-07,9690,2016-06-25,1045,020588,NA,6,1,9,3000,0,1,3,NA,1,074,SR 74 W/B (ORTEGA HWY),VERDUGO CANYON WASH BRIDGE,332,W,N,A,-,Y,NA,NA,NA,NA,NA,NA,NA,NA,NA,Y,3,0,1,2,A,-,03,22350,NA,M,C,C,A,A,H,-,A,D,0,NA,NA,Y,NA,Y,NA,C,02,0,1,0,0,0,0,0,0,1,-,-,33.31937,-117.33029,ORANGE,UNINCORPORATED,NA,NA
90221646,2016,2016-07-13,9675,2016-07-01,1158,014558,NA,5,1,6,3026,0,1,1,NA,2,504,I-5 S/B,LAKE FOREST DR,900,N,N,A,-,Y,NA,NA,NA,NA,NA,NA,NA,NA,NA,Y,4,0,4,4,A,-,03,22350,NA,N,C,C,A,A,H,-,A,D,0,NA,NA,NA,NA,Y,NA,D,22,0,0,4,0,0,0,0,0,0,-,-,33.7569,-117.85621,ORANGE,IRVINE,-117.72279614,33.63030842
90223396,2016,2016-07-15,9675,2016-07-06,0550,019693,NA,3,3,5,3022,0,1,1,NA,2,503,I-5 SOUTHBOUND,TUSTIN RANCH RD,1700,S,N,B,-,Y,NA,NA,NA,NA,NA,NA,NA,NA,NA,Y,4,0,2,4,A,-,03,22350,NA,N,B,C,A,A,H,-,B,D,0,NA,NA,NA,NA,Y,NA,A,01,0,0,2,0,0,0,0,0,0,-,-,33.43271,-117.4891,ORANGE,TUSTIN,-117.80397,33.72548
90223437,2016,2016-07-15,9675,2016-07-06,0828,014895,NA,3,1,6,3008,0,1,3,NA,2,570,SR-57 S/B FROM W/B YORBA LINDA BLVD.,YORBA LINDA BLVD,100,N,N,B,-,Y,NA,NA,57,NA,NA,NA,R,NA,S,N,4,0,1,2,A,-,03,22350,NA,N,C,C,A,A,H,-,A,A,0,NA,NA,Y,NA,Y,NA,A,01,0,0,1,0,0,0,0,0,1,-,-,33.89085,-117.88081,ORANGE,FULLERTON,-117.88081,33.89085