CASE_ID,ACCIDENT_YEAR,PROC_DATE,JURIS,COLLISION_DATE,COLLISION_TIME,OFFICER_ID,REPORTING_DISTRICT,DAY_OF_WEEK,CHP_SHIFT,POPULATION,CNTY_CITY_LOC,SPECIAL_COND,BEAT_TYPE,CHP_BEAT_TYPE,CITY_DIVISION_LAPD,CHP_BEAT_CLASS,BEAT_NUMBER,PRIMARY_RD,SECONDARY_RD,DISTANCE,DIRECTION,INTERSECTION,WEATHER_1,WEATHER_2,STATE_HWY_IND,CALTRANS_COUNTY,CALTRANS_DISTRICT,STATE_ROUTE,ROUTE_SUFFIX,POSTMILE_PREFIX,POSTMILE,LOCATION_TYPE,RAMP_INTERSECTION,SIDE_OF_HWY,TOW_AWAY,COLLISION_SEVERITY,NUMBER_KILLED,NUMBER_INJURED,PARTY_COUNT,PRIMARY_COLL_FACTOR,PCF_CODE_OF_VIOL,PCF_VIOL_CATEGORY,PCF_VIOLATION,PCF_VIOL_SUBSECTION,HIT_AND_RUN,TYPE_OF_COLLISION,MVIW,PED_ACTION,ROAD_SURFACE,ROAD_COND_1,ROAD_COND_2,LIGHTING,CONTROL_DEVICE,CHP_ROAD_TYPE,PEDESTRIAN_ACCIDENT,BICYCLE_ACCIDENT,MOTORCYCLE_ACCIDENT,TRUCK_ACCIDENT,NOT_PRIVATE_PROPERTY,ALCOHOL_INVOLVED,STWD_VEHTYPE_AT_FAULT,CHP_VEHTYPE_AT_FAULT,COUNT_SEVERE_INJ,COUNT_VISIBLE_INJ,COUNT_COMPLAINT_PAIN,COUNT_PED_KILLED,COUNT_PED_INJURED,COUNT_BICYCLIST_KILLED,COUNT_BICYCLIST_INJURED,COUNT_MC_KILLED,COUNT_MC_INJURED,PRIMARY_RAMP,SECONDARY_RAMP,LATITUDE,LONGITUDE,COUNTY,CITY,POINT_X,POINT_Y
90399636,2017,2017-02-24,9690,2017-02-23,0745,018646,NA,4,1,5,3028,0,1,1,NA,2,056,I-5 N/B (SAN DIEGO FRWY),OSO PKWY,1584,N,N,A,-,Y,NA,NA,5,NA,NA,NA,NA,NA,N,N,4,0,1,2,A,-,03,22350,NA,N,C,C,A,A,H,-,A,D,0,NA,NA,NA,NA,Y,NA,A,01,0,0,1,0,0,0,0,0,0,-,-,33.5887,-117.67132,ORANGE,MISSION VIEJO,-117.67145714,33.58869757
90401268,2017,2017-02-28,9675,2017-02-19,1436,021349,NA,7,2,7,3019,0,1,3,NA,2,222,SR-22 E/B TO I-5 S/B,BRISTOL ST,1500,E,N,B,-,Y,NA,NA,22,NA,NA,NA,R,NA,E,Y,4,0,2,2,A,-,07,21658,A,N,B,C,A,A,H,-,A,D,0,NA,NA,NA,NA,Y,NA,-,-,0,0,2,0,0,0,0,0,0,-,-,33.77683,-117.87493,ORANGE,SANTA ANA,-117.87493,33.77683
90404406,2017,2017-03-02,9670,2017-02-18,1145,018516,NA,6,1,6,3008,0,1,3,NA,2,094,SR-91 E/B,MAGNOLIA AVENUE UNDERCROSSING,300,E,N,C,-,Y,NA,NA,91,NA,NA,NA,NA,NA,E,Y,3,0,2,2,A,-,08,22107,NA,N,B,C,A,B,H,-,A,D,0,NA,NA,NA,NA,Y,NA,A,01,0,2,0,0,0,0,0,0,0,-,-,33.85698,-117.97515,ORANGE,FULLERTON,-117.97519161,33.85680361
9040451,2020,2020-02-25,3000,2020-01-31,1905,5013,951E4,5,5,5,3040,0,0,0,NA,0,743,BRAXTON DR,HIGHLANDS AV,22,E,N,A,-,N,NA,NA,NA,NA,NA,NA,NA,NA,NA,Y,4,0,1,2,A,-,01,23152,A,N,A,C,A,A,H,-,C,A,0,NA,NA,NA,NA,Y,Y,A,07,0,0,1,0,0,0,0,0,0,-,-,NA,NA,ORANGE,LAGUNA NIGUEL,-117.72426605224608,33.53321838378906
90405427,2017,2017-03-03,9675,2017-02-24,1850,021349,NA,5,2,6,3015,0,1,3,NA,2,572,SR-57 S/B FROM CHAPMAN AVENUE,CHAPMAN AVE,100,S,N,A,-,Y,NA,NA,57,NA,NA,NA,R,NA,S,Y,4,0,2,3,A,-,03,22350,NA,F,C,C,A,A,H,-,C,A,0,NA,NA,NA,NA,Y,NA,-,99,0,0,2,0,0,0,0,0,0,-,-,33.7864,-117.88033,ORANGE,ORANGE,-117.88033,33.7864
9040570,2020,2020-02-26,3006,2020-01-30,0820,329,24,4,5,3,3006,0,0,0,NA,0,003,LA PALMA AV,MOODY ST,0,NA,Y,A,-,N,NA,NA,NA,NA,NA,NA,NA,NA,NA,Y,4,0,1,2,A,-,09,21801,A,N,-,C,A,A,H,-,A,A,0,NA,NA,NA,NA,Y,NA,A,01,0,0,1,0,0,0,0,0,0,-,-,NA,NA,ORANGE,LA PALMA,-118.04608917236328,33.846351623535156
90405891,2017,2017-03-06,9675,2017-02-25,1500,019652,NA,6,2,7,3001,0,1,3,NA,2,095,SR-91 EASTBOUND,GYPSUM CYN ROAD,1500,E,N,B,-,Y,NA,NA,91,NA,NA,NA,NA,NA,E,Y,4,0,4,6,A,-,08,22107,NA,N,B,C,A,A,H,-,A,D,0,NA,NA,NA,NA,Y,NA,A,01,0,0,4,0,0,0,0,0,0,-,-,33.8677,-117.70935,ORANGE,ANAHEIM,-117.70934098,33.86767924
90406041,2017,2017-03-06,9690,2017-02-20,0250,020629,NA,1,3,5,3028,0,1,1,NA,2,055,I-5 N/B (SAN DIEGO FRWY) TO LA PAZ RD.,LA PAZ RD.,15,S,N,A,-,Y,NA,NA,5,NA,NA,NA,R,NA,N,Y,4,0,1,1,C,-,18,NA,NA,N,E,I,A,B,H,-,C,A,0,NA,NA,NA,NA,Y,NA,-,-,0,0,1,0,0,0,0,0,0,-,-,33.59931,-117.6752,ORANGE,MISSION VIEJO,-117.6752,33.59931
90406805,2017,2017-03-07,9670,2017-02-21,0740,012956,NA,2,1,9,3000,0,3,5,NA,2,005,NEWLAND STREET (14500 BLOCK),HAZARD AVENUE,236,S,N,B,-,N,NA,NA,NA,NA,NA,NA,NA,NA,NA,N,4,0,1,2,A,-,03,22350,NA,N,C,C,A,A,H,-,A,A,0,NA,NA,NA,NA,Y,NA,A,01,0,0,1,0,0,0,0,0,0,-,-,33.75133,-117.98094,ORANGE,UNINCORPORATED,-117.98094303,33.75144299
9040776,2019,2020-02-05,3007,2019-12-17,0617,250,37,2,5,5,3007,0,0,0,NA,0,002,EUCLID,STONECRESS,0,NA,Y,A,-,N,NA,NA,NA,NA,NA,NA,NA,NA,NA,Y,4,0,2,2,A,-,09,21804,A,N,D,C,A,A,H,-,A,D,0,NA,NA,NA,NA,Y,NA,A,07,0,0,2,0,0,0,0,0,0,-,-,NA,NA,ORANGE,FOUNTAIN VALLEY,-117.9372329711914,33.7203483581543
9040979,2020,2020-03-09,3007,2020-01-04,0840,318,29,6,5,5,3007,0,0,0,NA,0,002,HARBOR,SYLVAN RIVER,0,NA,Y,A,-,N,NA,NA,NA,NA,NA,NA,NA,NA,NA,Y,4,0,2,2,A,-,09,21804,A,N,D,C,A,A,H,-,A,D,0,NA,NA,NA,NA,Y,NA,A,01,0,0,2,0,0,0,0,0,0,-,-,NA,NA,ORANGE,FOUNTAIN VALLEY,-117.91985321044922,33.72523880004883
90409922,2017,2017-03-10,9675,2017-03-08,1025,015927,NA,3,1,4,3002,0,1,3,NA,2,570,SR-57 SOUTHBOUND,TONNER CYN RD,1000,S,N,A,-,Y,NA,NA,57,NA,NA,NA,NA,NA,S,Y,3,0,1,3,A,-,03,22350,NA,N,C,C,A,A,H,-,A,D,0,NA,NA,NA,NA,Y,NA,A,01,0,1,0,0,0,0,0,0,0,-,-,33.93804,-117.87743,ORANGE,BREA,-117.87750316,33.93807414
90410777,2017,2017-03-13,9670,2017-01-19,1708,017022,NA,4,2,6,3009,0,1,3,NA,2,021,SR-22 W/B (GARDEN GROVE FREEWAY),VALLEY VIEW STREET,758,W,N,B,-,Y,NA,NA,22,NA,NA,NA,NA,NA,W,N,4,0,2,2,C,-,18,NA,NA,N,C,C,A,D,B,-,C,D,0,NA,NA,NA,NA,Y,NA,-,-,0,0,2,0,0,0,0,0,0,-,-,33.77465,-118.03784,ORANGE,GARDEN GROVE,-118.03784874,33.77458496
90411164,2017,2017-03-13,9675,2017-02-27,1540,021349,NA,1,2,6,3015,0,1,3,NA,2,222,SR-22 E/B FROM GRAND AVE.,GRAND AVE,350,E,N,B,C,Y,NA,NA,22,NA,NA,NA,R,NA,E,N,4,0,1,2,A,-,03,22350,NA,F,C,C,A,B,H,-,A,A,0,NA,NA,NA,NA,Y,NA,A,01,0,0,1,0,0,0,0,0,0,-,-,33.77512,-117.84786,ORANGE,ORANGE,-117.84786,33.77512
90412533,2017,2017-03-15,9675,2017-03-08,1348,019804,NA,3,1,6,3008,0,1,3,NA,2,570,SR-57 NORTHBOUND,IMPERIAL HIGHWAY,1000,S,N,A,-,Y,NA,NA,57,NA,NA,NA,NA,NA,N,Y,4,0,1,1,A,-,08,22107,NA,N,E,I,A,A,H,-,A,D,0,NA,NA,NA,NA,Y,NA,A,01,0,0,1,0,0,0,0,0,0,-,-,33.90801,-117.88242,ORANGE,FULLERTON,-117.88230759,33.90808226
90413902,2017,2017-03-16,9675,2017-03-03,1515,021349,NA,5,2,4,3002,0,1,3,NA,2,570,SR-57 N/B,IMPERIAL HIGHWAY,100,N,N,A,-,Y,NA,NA,57,NA,NA,NA,NA,NA,N,N,3,0,1,4,A,-,07,21658,A,N,B,C,A,A,H,-,A,D,0,NA,NA,Y,NA,Y,NA,A,07,0,1,0,0,0,0,0,0,1,-,-,33.9127,-117.88317,ORANGE,BREA,-117.88318475,33.9127057
90415146,2017,2017-03-20,9675,2017-03-16,0440,019018,NA,4,3,6,3008,0,1,3,NA,2,571,STATE ROUTE 57 S/B (ORANGE FREEWAY),YORBA LINDA BLVD,8000,N,N,A,-,Y,NA,NA,57,NA,NA,NA,NA,NA,S,Y,4,0,1,4,A,-,07,21658,A,M,B,C,A,A,H,-,C,D,0,NA,NA,NA,NA,Y,NA,-,99,0,0,1,0,0,0,0,0,0,-,-,33.8957,-117.88112,ORANGE,FULLERTON,-117.88102021,33.89570848
90416102,2017,2017-03-21,9670,2017-03-17,1755,019120,NA,5,2,6,3009,0,1,3,NA,2,025,SR-22 W/B,GARDEN GROVE BLVD,40,E,N,A,-,Y,NA,NA,22,NA,NA,NA,NA,NA,W,Y,3,0,1,3,A,-,03,22350,NA,N,C,C,A,A,H,-,A,D,0,NA,NA,NA,NA,Y,NA,A,01,0,1,0,0,0,0,0,0,0,-,-,33.77398,-117.9062,ORANGE,GARDEN GROVE,-117.90614821,33.77387858
9041635,2020,2020-03-13,3009,2020-01-13,0623,4087,062,1,5,6,3009,0,0,0,NA,0,1-2,CHAPMAN AV,DALE ST,0,NA,Y,A,-,N,NA,NA,NA,NA,NA,NA,NA,NA,NA,Y,3,0,1,3,A,-,12,21453,A,N,D,C,A,A,H,-,C,A,0,NA,NA,NA,NA,Y,NA,A,01,0,1,0,0,0,0,0,0,0,-,-,NA,NA,ORANGE,GARDEN GROVE,-117.9841537475586,33.788429260253906
90416613,2017,2017-03-22,9670,2017-03-21,0524,014558,NA,2,3,7,3001,0,1,3,NA,2,093,SR-22 W/B,BROOKHURST STREET,1056,E,N,B,-,Y,NA,NA,NA,NA,NA,NA,NA,NA,NA,N,3,0,1,1,A,-,08,22107,NA,N,E,I,A,A,H,-,C,D,0,NA,NA,NA,NA,Y,NA,A,01,0,1,0,0,0,0,0,0,0,-,-,33.85423,-117.94902,ORANGE,ANAHEIM,-117.9516436,33.76606
90418159,2016,2017-03-23,9675,2016-10-11,1742,017993,NA,2,2,7,3001,0,1,3,NA,2,195,STATE ROUTE 91 E/B,COAL CANYON ROAD,1300,E,N,A,-,Y,NA,NA,91,NA,NA,NA,NA,NA,E,Y,2,0,1,1,C,-,18,NA,NA,N,E,I,A,A,H,-,A,D,0,NA,NA,Y,NA,Y,NA,-,-,1,0,0,0,0,0,0,0,1,-,-,33.87021,-117.68286,ORANGE,ANAHEIM,-117.68289791,33.87011332
9042051,2019,2020-02-10,3000,2019-12-12,1305,1382,921G1,4,5,4,3045,0,0,0,NA,0,6M45,PASEO DE VALENCIA,LOS ALISOS,0,NA,Y,-,-,N,NA,NA,NA,NA,NA,NA,NA,NA,NA,Y,4,0,1,2,D,-,00,NA,NA,N,D,C,A,-,-,-,-,A,0,NA,NA,NA,NA,Y,NA,-,-,0,0,1,0,0,0,0,0,0,-,-,NA,NA,ORANGE,LAGUNA HILLS,-117.70378875732422,33.604679107666016
90421470,2017,2017-03-27,9675,2017-03-20,1625,017993,NA,1,2,7,3001,0,1,3,NA,2,093,SR-91 EASTBOUND,SUNKIST ST,200,W,N,A,-,Y,NA,NA,91,NA,NA,NA,NA,NA,E,Y,3,0,1,2,A,-,03,22350,NA,N,C,C,A,A,H,-,A,D,0,NA,NA,NA,NA,Y,NA,A,01,0,1,0,0,0,0,0,0,0,-,-,33.85141,-117.88017,ORANGE,ANAHEIM,-117.88013314,33.8514936
90422051,2017,2017-03-28,9675,2017-03-23,1432,018834,NA,4,2,7,3001,0,1,3,NA,2,093,SR-91 EASTBOUND,SR-57 NORTHBOUND,50,E,N,A,-,Y,NA,NA,91,NA,NA,NA,NA,NA,E,Y,4,0,4,3,A,-,03,22350,NA,N,C,C,A,A,H,-,A,D,0,NA,NA,NA,NA,Y,NA,A,01,0,0,4,0,0,0,0,0,0,-,-,33.84908,-117.87488,ORANGE,ANAHEIM,-117.87483315,33.84918733
90423331,2017,2017-03-29,9675,2017-03-22,1635,019979,NA,3,2,7,3019,0,1,3,NA,2,222,SR-22 WESTBOUND,CAMBRIDGE ST,20,W,N,A,-,Y,NA,NA,22,NA,NA,NA,NA,NA,W,Y,4,0,2,2,A,-,03,22350,NA,N,C,C,A,A,H,-,A,D,0,NA,NA,NA,NA,Y,NA,A,01,0,0,2,0,0,0,0,0,0,-,-,33.7759,-117.84575,ORANGE,SANTA ANA,-117.84573488,33.77584368
90425001,2017,2017-03-31,9675,2017-03-24,1038,015927,NA,5,1,6,3004,0,1,1,NA,2,405,I-405 SOUTHBOUND,SANTA ANA RIVER,300,S,N,A,-,Y,NA,NA,405,NA,NA,NA,NA,NA,S,Y,4,0,1,2,A,-,08,22107,NA,F,B,C,A,A,H,-,A,D,0,NA,NA,NA,NA,Y,NA,-,99,0,0,1,0,0,0,0,0,0,-,-,33.69451,-117.93236,ORANGE,COSTA MESA,-117.93241961,33.69436894
90425331,2017,2017-04-03,9675,2017-03-24,0838,016923,NA,5,1,6,3015,0,1,3,NA,2,550,SR-55 S/B (COSTA MESA FWY),CHAPMAN AVE,300,N,N,A,-,Y,NA,NA,55,NA,NA,NA,NA,NA,S,Y,4,0,1,3,A,-,03,22350,NA,N,C,C,A,A,H,-,A,D,0,NA,NA,NA,NA,Y,NA,A,01,0,0,1,0,0,0,0,0,0,-,-,33.78907,-117.83123,ORANGE,ORANGE,-117.83114898,33.78906819
9042541,2019,2020-02-12,3000,2019-11-26,1828,10058,952E7,2,5,4,3018,0,0,0,NA,0,432,PASEO ESTEBAN,CALLE ARROYO,105,NA,N,A,-,N,NA,NA,NA,NA,NA,NA,NA,NA,NA,N,4,0,1,2,D,-,00,NA,NA,N,G,B,D,A,H,-,C,D,0,Y,NA,NA,NA,Y,NA,-,-,0,0,1,0,1,0,0,0,0,-,-,NA,NA,ORANGE,SAN JUAN CAPISTRANO,-117.64559173583984,33.506160736083984
90429032,2017,2017-04-06,9675,2017-03-31,0947,021388,NA,5,1,6,3026,0,1,1,NA,2,406,I-405 NORTHBOUND,MACARTHUR BLVD,400,S,N,A,-,Y,NA,NA,405,NA,NA,NA,NA,NA,N,Y,4,0,1,2,A,-,03,22350,NA,N,C,C,A,A,H,-,A,D,0,NA,NA,NA,NA,Y,NA,D,22,0,0,1,0,0,0,0,0,0,-,-,33.68307,-117.85709,ORANGE,IRVINE,-117.85714231,33.68295874
90431266,2017,2017-04-11,9670,2017-03-30,1730,021666,NA,4,2,5,3007,0,1,1,NA,2,040,I-405 N/B,WARD ST. O/C,500,S,N,A,-,Y,NA,NA,405,NA,NA,NA,NA,NA,N,N,4,0,1,2,A,-,07,21658,A,N,B,C,A,A,H,-,A,D,0,NA,NA,Y,NA,Y,NA,A,01,0,0,1,0,0,0,0,0,1,-,-,33.69977,-117.94401,ORANGE,FOUNTAIN VALLEY,-117.94409795,33.69955851
90431534,2017,2017-07-26,9670,2017-04-01,1700,019120,NA,6,2,6,3009,0,1,3,NA,2,024,SR-22 E/B,LEWIS ST,528,W,N,A,-,Y,NA,NA,22,NA,NA,NA,NA,NA,E,N,4,0,2,3,A,-,03,22350,NA,N,C,C,A,A,H,-,A,D,0,NA,NA,NA,NA,Y,NA,A,01,0,0,2,0,0,0,0,0,0,-,-,33.77771,-117.89818,ORANGE,GARDEN GROVE,-117.89821811,33.77779876
90432370,2017,2017-04-12,9670,2017-04-05,1635,017022,NA,3,2,4,3020,0,1,1,NA,2,045,I-405 S/B (SDF) TO SEAL BEACH BOULEVARD,SEAL BEACH BOULEVARD,465,S,N,A,-,Y,NA,NA,405,NA,NA,NA,R,NA,S,Y,4,0,1,1,A,-,08,22107,NA,N,E,I,A,A,H,-,A,D,0,NA,NA,NA,NA,Y,NA,A,01,0,0,1,0,0,0,0,0,0,-,-,33.77359,-118.07431,ORANGE,SEAL BEACH,-118.07431,33.77359
90432806,2017,2017-04-12,9675,2017-04-06,0950,015927,NA,4,1,6,3008,0,1,3,NA,2,571,SR-57 SOUTHBOUND,CHAPMAN AVENUE,100,S,N,A,-,Y,NA,NA,57,NA,NA,NA,NA,NA,S,Y,4,0,1,2,A,-,03,22350,NA,N,C,C,A,A,H,-,A,D,0,NA,NA,NA,NA,Y,NA,E,22,0,0,1,0,0,0,0,0,0,-,-,33.8738,-117.88059,ORANGE,FULLERTON,-117.8805609,33.87379862
90432809,2017,2017-04-12,9675,2017-04-01,1830,021633,NA,6,2,7,3019,0,1,1,NA,2,520,I-5 S/B,BROADWAY,850,N,N,A,-,Y,NA,NA,5,NA,NA,NA,NA,NA,S,Y,3,0,4,2,A,-,03,22350,NA,N,C,C,A,A,H,-,A,D,0,NA,NA,NA,NA,Y,NA,A,07,0,2,2,0,0,0,0,0,0,-,-,33.77277,-117.87106,ORANGE,SANTA ANA,-117.87126348,33.77260386
90433280,2017,2017-04-13,9670,2017-04-11,0708,016194,NA,2,1,7,3001,0,1,3,NA,2,094,SR-91 E/B,EUCLID ST.,528,W,N,A,-,Y,NA,NA,NA,NA,NA,NA,NA,NA,NA,N,4,0,1,2,A,-,03,22350,NA,N,C,C,A,A,H,-,A,D,0,NA,NA,NA,NA,Y,NA,A,01,0,0,1,0,0,0,0,0,0,-,-,33.85574,-118.16814,ORANGE,ANAHEIM,-117.9435649,33.85403264
90433518,2017,2017-04-13,9675,2017-04-08,1630,021349,NA,6,2,5,3022,0,1,1,NA,2,503,I-5 N/B,NEWPORT AVE,150,N,N,A,-,Y,NA,NA,5,NA,NA,NA,NA,NA,N,Y,4,0,1,2,A,-,03,22350,NA,N,C,C,A,A,H,-,A,D,0,NA,NA,NA,NA,Y,NA,A,01,0,0,1,0,0,0,0,0,0,-,-,33.73766,-117.82391,ORANGE,TUSTIN,-117.82395071,33.73752784
90435894,2017,2017-04-17,9690,2017-04-13,2120,020472,NA,4,2,4,3045,0,1,1,NA,2,055,I-5 S/B (SAN DIEGO FRWY),EL TORO RD,2640,N,N,A,-,Y,NA,NA,5,NA,NA,NA,NA,NA,S,Y,4,0,3,3,A,-,03,22350,NA,N,C,C,A,A,H,-,C,D,0,NA,NA,NA,NA,Y,NA,A,01,0,0,3,0,0,0,0,0,0,-,-,33.62131,-117.71425,ORANGE,LAGUNA HILLS,-117.71429053,33.62127248
90437452,2017,2017-04-19,9675,2017-04-07,1420,021406,NA,5,2,6,3026,0,1,1,NA,2,504,I-5 N/B,ALTON PKWY,1500,S,N,A,-,Y,NA,NA,5,NA,NA,NA,NA,NA,N,Y,4,0,2,2,A,-,03,22350,NA,N,C,C,A,A,H,-,A,D,0,NA,NA,NA,NA,Y,NA,A,07,0,0,2,0,0,0,0,0,0,-,-,33.65323,-117.74188,ORANGE,IRVINE,-117.74180148,33.65329368
90438703,2017,2017-04-20,9670,2017-04-17,1352,021242,NA,1,1,5,3007,0,1,1,NA,2,040,I-405 N/B,EUCLID ST,0,NA,N,A,-,Y,NA,NA,405,NA,NA,NA,NA,NA,N,Y,3,0,1,3,A,-,03,22350,NA,N,C,C,A,A,H,-,A,D,0,NA,NA,NA,NA,Y,NA,A,01,0,1,0,0,0,0,0,0,0,-,-,33.69812,-117.94095,ORANGE,FOUNTAIN VALLEY,-117.94090448,33.69824377
90439418,2017,2017-07-26,9670,2017-04-20,0725,013970,NA,4,1,5,3024,0,1,1,NA,2,043,I-405 S/B,EDWARDS ST,0,S,N,A,-,Y,NA,NA,405,NA,NA,NA,NA,NA,S,Y,4,0,1,4,A,-,03,22350,NA,N,C,C,A,A,H,-,A,D,0,NA,NA,NA,NA,Y,NA,A,01,0,0,1,0,0,0,0,0,0,-,-,33.75314,-118.01511,ORANGE,WESTMINSTER,-118.0151128,33.75313666
90439492,2017,2017-04-21,9675,2017-04-17,0905,015207,NA,1,1,7,3019,0,1,3,NA,2,551,SR-55 S/B,FOURTH ST.,528,S,N,A,-,Y,NA,NA,NA,NA,NA,NA,NA,NA,NA,N,4,0,1,2,A,-,03,22350,NA,M,C,C,A,A,H,-,A,D,0,NA,NA,NA,Y,Y,NA,F,26,0,0,1,0,0,0,0,0,0,-,-,33.767830000000004,-117.83812,ORANGE,SANTA ANA,NA,NA
90440210,2017,2017-04-24,9675,2017-04-08,0300,020650,NA,6,3,6,3026,0,1,1,NA,2,405,I-405 SOUTHBOUND,MACARTHUR BLVD,500,N,N,A,-,Y,NA,NA,405,NA,NA,NA,NA,NA,S,Y,3,0,2,2,A,-,01,23152,A,F,C,C,A,A,H,-,C,D,0,NA,NA,NA,NA,Y,Y,A,01,0,1,1,0,0,0,0,0,0,-,-,33.68292,-117.85806,ORANGE,IRVINE,-117.85800242,33.68305331
90440950,2017,2017-05-19,9675,2017-04-20,0745,015914,NA,4,1,7,3001,0,1,3,NA,2,571,SR-57 SOUTHBOUND,SR-91 EASTBOUND,50,S,N,A,-,Y,NA,NA,NA,NA,NA,NA,NA,NA,NA,Y,4,0,2,3,A,-,03,22350,NA,N,C,C,A,A,H,-,A,D,0,NA,NA,NA,NA,Y,NA,D,22,0,0,2,0,0,0,0,0,0,-,-,33.5055,-117.5234,ORANGE,ANAHEIM,-117.87596856,33.84962311
90442035,2017,2017-04-26,9675,2017-04-15,1840,021633,NA,6,2,6,3015,0,1,3,NA,2,550,SR-55 N/B,KATELLA AVE,1057,S,N,A,-,Y,NA,NA,55,NA,NA,NA,NA,NA,N,Y,4,0,1,2,A,-,08,22107,NA,N,C,C,A,A,H,-,A,D,0,NA,NA,NA,NA,Y,NA,A,01,0,0,1,0,0,0,0,0,0,-,-,33.80659,-117.83168,ORANGE,ORANGE,-117.83175304,33.80658791
90443528,2017,2017-04-27,9675,2017-04-17,2222,021377,NA,1,3,6,3026,0,1,1,NA,2,504,I-5 SOUTHBOUND,LAKE FOREST DR,700,N,N,A,-,Y,NA,NA,5,NA,NA,NA,NA,NA,S,Y,4,0,1,2,A,-,03,22350,NA,N,C,C,A,A,D,-,C,D,0,NA,NA,NA,NA,Y,NA,A,01,0,0,1,0,0,0,0,0,0,-,-,33.62991,-117.72241,ORANGE,IRVINE,-117.72239829,33.62992336
9044446,2020,2020-02-25,3010,2020-01-29,1906,1675,412,3,5,6,3010,0,0,0,NA,0,005,DELAWARE ST,CLAY AV,423,N,N,A,-,N,NA,NA,NA,NA,NA,NA,NA,NA,NA,Y,4,0,2,2,A,-,09,21801,A,N,D,C,A,A,H,-,C,D,0,NA,NA,NA,NA,Y,NA,A,01,0,0,2,0,0,0,0,0,0,-,-,NA,NA,ORANGE,HUNTINGTON BEACH,-117.9931182861328,33.68418884277344
9044450,2020,2020-02-25,3010,2020-01-27,1659,1261,149,1,5,6,3010,0,0,0,NA,0,009,GOLDEN WEST,MCFADDEN,0,NA,Y,A,-,N,NA,NA,NA,NA,NA,NA,NA,NA,NA,N,4,0,1,2,A,-,05,21650,1,N,D,G,A,A,H,-,A,A,0,NA,Y,NA,NA,Y,NA,L,04,0,0,1,0,0,0,1,0,0,-,-,NA,NA,ORANGE,HUNTINGTON BEACH,-118.00691223144533,33.737369537353516
90445530,2017,2017-04-28,9670,2017-04-27,1528,018212,NA,4,2,6,3009,0,1,3,NA,2,025,SR-22 W/B (GARDEN GROVE FREEWAY),HARBOR BLVD,528,E,N,B,-,Y,NA,NA,22,NA,NA,NA,NA,NA,W,Y,3,0,1,3,A,-,03,22350,NA,N,C,C,A,A,H,-,A,D,0,NA,NA,NA,NA,Y,NA,A,01,0,1,0,0,0,0,0,0,0,-,-,33.76971,-117.91564,ORANGE,GARDEN GROVE,-117.91558463,33.76956444
90446483,2017,2017-05-01,9675,2017-02-18,0322,020650,NA,6,3,7,3019,0,1,3,NA,2,552,STATE ROUTE 55 NORTHBOUND,WARNER AVENUE,600,S,N,A,-,Y,NA,NA,55,NA,NA,NA,NA,NA,N,Y,1,1,2,2,A,-,01,23152,A,N,C,C,A,A,H,-,D,D,0,NA,NA,NA,Y,Y,Y,A,01,0,1,1,0,0,0,0,0,0,-,-,33.71414,-117.84597,ORANGE,SANTA ANA,-117.84614496,33.71431283
9044830,2020,2020-02-12,3001,2020-01-23,0810,A1740,NA,4,5,7,3001,0,0,0,NA,0,0D4,HUNTER AV,KELLOGG DR,335,E,N,A,-,N,NA,NA,NA,NA,NA,NA,NA,NA,NA,N,4,0,1,2,A,-,06,21750,NA,N,D,C,A,A,H,-,A,D,0,NA,NA,Y,NA,Y,NA,A,01,0,0,1,0,0,0,0,0,1,-,-,33.86259841918945,-117.80644989013672,ORANGE,ANAHEIM,-117.8066177368164,33.86349105834961
90449706,2017,2017-05-05,9675,2017-05-01,0840,017833,NA,1,1,6,3026,0,1,1,NA,2,503,I-5 SOUTHBOUND,CULVER DR,1300,N,N,A,-,Y,NA,NA,5,NA,NA,NA,NA,NA,S,Y,4,0,1,2,A,-,03,22350,NA,N,C,C,A,A,H,-,A,D,0,NA,NA,NA,NA,Y,NA,A,01,0,0,1,0,0,0,0,0,0,-,-,33.7139,-117.78748,ORANGE,IRVINE,-117.78740097,33.71401307
90452698,2017,2017-05-10,9675,2017-05-02,1105,019979,NA,2,1,6,3015,0,1,3,NA,2,572,SR-57 SOUTHBOUND,ORANGEWOOD AVE,600,N,N,A,-,Y,NA,NA,57,NA,NA,NA,NA,NA,S,Y,4,0,1,2,A,-,03,22350,NA,N,C,C,A,A,H,-,A,D,0,NA,NA,NA,NA,Y,NA,D,22,0,0,1,0,0,0,0,0,0,-,-,33.79268,-117.87945,ORANGE,ORANGE,-117.87949779,33.79269899
90454584,2017,2017-05-12,9670,2017-05-07,2040,021302,NA,7,2,6,3008,0,1,3,NA,2,094,SR-91 E/B,STATE COLLEGE BLVD,528,W,N,A,-,Y,NA,NA,NA,NA,NA,NA,NA,NA,NA,Y,4,0,2,2,A,-,03,22350,NA,N,C,C,A,A,H,-,D,D,0,NA,NA,NA,NA,Y,NA,A,01,0,0,2,0,0,0,0,0,0,-,-,33.85409,-117.89128,ORANGE,FULLERTON,-117.89119486,33.85410995
90454729,2017,2017-05-12,9675,2017-05-05,1415,021406,NA,5,2,7,3019,0,1,3,NA,2,551,SR-55 N/B,4TH ST,580,S,N,A,-,Y,NA,NA,NA,NA,NA,NA,NA,NA,NA,Y,4,0,1,2,A,-,03,22350,NA,N,C,C,A,A,H,-,A,D,0,NA,NA,NA,NA,Y,NA,A,01,0,0,1,0,0,0,0,0,0,-,-,33.44382,-117.5002,ORANGE,SANTA ANA,NA,NA
9045622,2019,2020-02-15,3009,2019-12-06,1708,4738,135,5,5,6,3009,0,0,0,NA,0,2-3,HARBOR BL,GARDEN GROVE,280,S,N,A,-,N,NA,NA,NA,NA,NA,NA,NA,NA,NA,N,4,0,1,2,A,-,11,21954,A,N,G,B,D,A,H,-,C,A,0,Y,NA,NA,NA,Y,Y,N,60,0,0,1,0,1,0,0,0,0,-,-,NA,NA,ORANGE,GARDEN GROVE,-117.92051696777344,33.7735710144043