CASE_ID,ACCIDENT_YEAR,PROC_DATE,JURIS,COLLISION_DATE,COLLISION_TIME,OFFICER_ID,REPORTING_DISTRICT,DAY_OF_WEEK,CHP_SHIFT,POPULATION,CNTY_CITY_LOC,SPECIAL_COND,BEAT_TYPE,CHP_BEAT_TYPE,CITY_DIVISION_LAPD,CHP_BEAT_CLASS,BEAT_NUMBER,PRIMARY_RD,SECONDARY_RD,DISTANCE,DIRECTION,INTERSECTION,WEATHER_1,WEATHER_2,STATE_HWY_IND,CALTRANS_COUNTY,CALTRANS_DISTRICT,STATE_ROUTE,ROUTE_SUFFIX,POSTMILE_PREFIX,POSTMILE,LOCATION_TYPE,RAMP_INTERSECTION,SIDE_OF_HWY,TOW_AWAY,COLLISION_SEVERITY,NUMBER_KILLED,NUMBER_INJURED,PARTY_COUNT,PRIMARY_COLL_FACTOR,PCF_CODE_OF_VIOL,PCF_VIOL_CATEGORY,PCF_VIOLATION,PCF_VIOL_SUBSECTION,HIT_AND_RUN,TYPE_OF_COLLISION,MVIW,PED_ACTION,ROAD_SURFACE,ROAD_COND_1,ROAD_COND_2,LIGHTING,CONTROL_DEVICE,CHP_ROAD_TYPE,PEDESTRIAN_ACCIDENT,BICYCLE_ACCIDENT,MOTORCYCLE_ACCIDENT,TRUCK_ACCIDENT,NOT_PRIVATE_PROPERTY,ALCOHOL_INVOLVED,STWD_VEHTYPE_AT_FAULT,CHP_VEHTYPE_AT_FAULT,COUNT_SEVERE_INJ,COUNT_VISIBLE_INJ,COUNT_COMPLAINT_PAIN,COUNT_PED_KILLED,COUNT_PED_INJURED,COUNT_BICYCLIST_KILLED,COUNT_BICYCLIST_INJURED,COUNT_MC_KILLED,COUNT_MC_INJURED,PRIMARY_RAMP,SECONDARY_RAMP,LATITUDE,LONGITUDE,COUNTY,CITY,POINT_X,POINT_Y
90518136,2017,2017-08-07,9670,2017-08-03,1455,021719,NA,4,2,6,3009,0,1,3,NA,2,020,SR-22 E/B,BEACH BLVD,500,W,N,A,-,Y,NA,NA,22,NA,NA,NA,NA,NA,E,Y,4,0,1,2,A,-,03,22350,NA,N,C,C,A,A,H,-,A,D,0,NA,NA,NA,NA,Y,NA,A,01,0,0,1,0,0,0,0,0,0,-,-,33.77106,-117.99136,ORANGE,GARDEN GROVE,-117.99136516,33.77098158
90518242,2017,2017-08-07,9690,2017-08-03,1810,019199,NA,4,2,9,3000,0,1,1,NA,2,057,SR 74 W/B (ORTEGA HWY),74 ORA 16.50,3168,W,N,A,-,Y,NA,NA,74,NA,NA,NA,NA,NA,W,Y,3,0,1,1,A,-,06,21755,NA,N,E,I,A,A,H,-,A,D,0,NA,NA,NA,NA,Y,NA,D,22,0,1,0,0,0,0,0,0,0,-,-,33.59654,-117.46442,ORANGE,UNINCORPORATED,-117.46437724,33.59652849
90519916,2017,2017-08-09,9670,2017-04-24,1615,017951,NA,1,2,6,3009,0,1,3,NA,2,022,STATE ROUTE 22 EASTBOUND,BROOKHURST STREET,1356,W,N,A,-,Y,NA,NA,22,NA,NA,NA,NA,NA,E,Y,1,1,1,3,A,-,07,21658,A,N,D,C,A,A,H,-,A,D,0,NA,NA,Y,NA,Y,NA,A,01,0,0,1,0,0,0,0,1,0,-,-,33.76583,-117.96321,ORANGE,GARDEN GROVE,-117.96320995,33.76582347
90521451,2017,2017-08-11,9675,2017-08-10,2140,020545,NA,4,2,7,3019,0,1,1,NA,2,502,I-5 NORTHBOUND,BROADWAY,681,N,N,A,-,Y,NA,NA,5,NA,NA,NA,NA,NA,N,Y,4,0,2,2,A,-,03,22350,NA,N,C,C,A,A,H,-,C,D,0,NA,NA,NA,NA,Y,NA,A,01,0,0,2,0,0,0,0,0,0,-,-,33.77374,-117.87156,ORANGE,SANTA ANA,-117.87164578,33.77366773
90522382,2017,2017-08-14,9675,2017-08-02,1625,021377,NA,3,2,6,3026,0,1,1,NA,2,406,I-405 SOUTHBOUND,JAMBOREE RD,1500,N,N,B,-,Y,NA,NA,405,NA,NA,NA,NA,NA,S,Y,3,0,2,2,A,-,03,22350,NA,N,C,C,A,A,H,-,A,D,0,NA,NA,NA,NA,Y,NA,A,07,0,1,1,0,0,0,0,0,0,-,-,33.67883,-117.84839,ORANGE,IRVINE,-117.84841395,33.67877589
90522450,2017,2017-08-14,9690,2017-08-09,1200,015927,NA,3,1,9,3000,0,3,5,NA,2,004,DORRANCE STREET,FALABELLA DRIVE,0,NA,Y,A,-,N,NA,NA,NA,NA,NA,NA,NA,NA,NA,Y,4,0,1,2,A,-,09,21801,A,N,D,C,A,A,H,-,A,D,0,NA,NA,NA,NA,Y,NA,A,01,0,0,1,0,0,0,0,0,0,-,-,33.55331,-117.6404,ORANGE,UNINCORPORATED,-117.64069011,33.55328008
90524281,2017,2017-08-16,9675,2017-08-05,1641,021438,NA,6,2,7,3001,0,1,3,NA,2,095,SR-91 E/B,WEIR CYN RD,2000,E,N,A,-,Y,NA,NA,91,NA,NA,NA,NA,NA,E,Y,4,0,1,5,A,-,03,22350,NA,N,C,C,A,A,H,-,A,D,0,NA,NA,NA,NA,Y,NA,A,01,0,0,1,0,0,0,0,0,0,-,-,33.8707,-117.73828,ORANGE,ANAHEIM,-117.73827121,33.87081483
90524715,2017,2017-08-16,9675,2017-08-06,1115,021633,NA,7,1,5,3022,0,1,3,NA,2,051,SR-55 S/B,MCFADDEN AVE,200,N,N,A,-,Y,NA,NA,55,NA,NA,NA,NA,NA,S,Y,3,0,1,2,A,-,07,21658,A,N,B,C,A,A,A,-,A,D,0,NA,NA,Y,NA,Y,NA,A,01,0,1,0,0,0,0,0,0,1,-,-,33.73419,-117.83398,ORANGE,TUSTIN,-117.8340479,33.7341908
90527157,2017,2017-08-21,9675,2017-08-11,1123,016923,NA,5,1,6,3008,0,1,3,NA,2,570,SR-57 S/B (ORANGE FWY),YORBA LINDA BLVD,500,N,N,A,-,Y,NA,NA,57,NA,NA,NA,NA,NA,S,N,4,0,1,4,A,-,03,22350,NA,N,C,C,A,A,H,-,A,D,0,NA,NA,NA,NA,Y,NA,A,07,0,0,1,0,0,0,0,0,0,-,-,33.88962,-117.88092,ORANGE,FULLERTON,-117.88076171,33.88962358
9052720,2020,2020-02-28,3001,2020-01-28,0824,A1740,NA,2,5,7,3001,0,0,0,NA,0,0D3,EUCLID ST,KATELLA AV,0,NA,Y,A,-,N,NA,NA,NA,NA,NA,NA,NA,NA,NA,N,3,0,4,6,A,-,08,22101,D,N,D,C,A,A,H,-,A,A,0,NA,NA,NA,NA,Y,NA,A,01,0,1,3,0,0,0,0,0,0,-,-,33.80231857299805,-117.9418716430664,ORANGE,ANAHEIM,-117.94142150878906,33.80324935913086
90527863,2017,2017-08-22,9670,2017-08-13,0530,021719,NA,7,3,4,3020,0,1,3,NA,2,020,SR-22 E/B TO I-405 N/B,I-605 S/B TO I-405 S/B,170,W,N,A,-,Y,NA,NA,NA,NA,NA,NA,NA,NA,NA,Y,3,0,1,1,A,-,01,23152,A,N,E,I,A,A,H,-,D,D,0,NA,NA,NA,NA,Y,Y,A,01,0,1,0,0,0,0,0,0,0,-,-,33.78681,-118.0911,ORANGE,SEAL BEACH,NA,NA
9052898,2020,2020-11-20,3001,2020-01-23,1935,A1047,NA,4,5,7,3001,0,0,0,NA,0,D 4,LINCOLN AV,RT 57,0,NA,Y,A,-,Y,ORA,12,57,-,-,14.615,R,4,N,Y,4,0,3,3,A,-,12,21453,A,N,D,C,A,A,H,-,C,A,0,NA,NA,NA,NA,Y,NA,A,01,0,0,3,0,0,0,0,0,0,-,NF,33.8372688293457,-117.87419891357422,ORANGE,ANAHEIM,-117.87590789794922,33.83547592163086
90529812,2017,2017-08-24,9675,2017-08-09,0045,021691,NA,3,3,6,3004,0,1,1,NA,2,405,I-405 NORTHBOUND,HARBOR BLVD,1500,N,N,A,-,Y,NA,NA,405,NA,NA,NA,NA,NA,N,Y,4,0,1,2,A,-,03,22350,NA,N,C,C,A,A,H,-,C,D,0,NA,NA,NA,NA,Y,NA,A,01,0,0,1,0,0,0,0,0,0,-,-,33.69117,-117.92419,ORANGE,COSTA MESA,-117.92413798,33.69130525
9053207,2020,2020-05-28,3002,2020-02-10,0858,1628,NA,1,5,4,3002,0,0,0,NA,0,012,ASSOCIATED RD,SLEEPY HOLLOW LN,11,N,N,A,-,N,NA,NA,NA,NA,NA,NA,NA,NA,NA,NA,3,0,1,2,A,-,10,21950,A,N,G,B,B,A,H,-,A,A,0,Y,NA,NA,NA,Y,NA,A,01,0,1,0,0,1,0,0,0,0,-,-,33.920528411865234,-117.87307739257813,ORANGE,BREA,-117.87313842773438,33.92036819458008
90533680,2017,2017-08-25,9675,2017-07-18,2330,018017,NA,2,3,7,3001,0,1,3,NA,2,240,STATE ROUTE 241 NORTHBOUND,STATE ROUTE 91,3898,S,N,A,-,Y,NA,NA,241,NA,NA,NA,NA,NA,N,Y,1,1,0,1,A,-,08,22107,NA,N,F,A,A,A,H,-,D,D,0,NA,NA,NA,NA,Y,NA,A,07,0,0,0,0,0,0,0,0,0,-,-,33.8562,-117.7169,ORANGE,ANAHEIM,-117.71677684,33.8562
90533704,2017,2017-08-25,9675,2017-08-15,0730,019942,NA,2,1,4,3002,0,1,3,NA,2,570,SR-57 SOUTHBOUND,IMPERIAL HIGHWAY,2000,S,N,B,-,Y,NA,NA,NA,NA,NA,NA,NA,NA,NA,N,4,0,1,2,A,-,03,22350,NA,N,C,C,A,A,H,-,A,D,0,NA,NA,NA,NA,Y,NA,D,22,0,0,1,0,0,0,0,0,0,-,-,33.89675,-117.88118,ORANGE,BREA,-117.88142321,33.90572043
90534807,2017,2017-08-28,9670,2017-08-11,1640,021579,NA,5,2,5,3007,0,1,1,NA,2,400,I-405 N/B,WARD ST,200,S,N,A,-,Y,NA,NA,405,NA,NA,NA,NA,NA,N,Y,3,0,1,2,A,-,07,21658,A,N,C,C,A,A,H,-,A,D,0,NA,NA,Y,NA,Y,NA,A,07,0,1,0,0,0,0,0,0,1,-,-,33.69981,-117.94497,ORANGE,FOUNTAIN VALLEY,-117.94493059,33.69990477
90536684,2017,2017-08-30,9675,2017-08-22,2050,017993,NA,2,2,7,3001,0,1,3,NA,2,092,STATE ROUTE 91 EASTBOUND,GLASSELL STREET,990,E,N,A,-,Y,NA,NA,91,NA,NA,NA,NA,NA,E,Y,3,0,1,1,A,-,03,22350,NA,N,E,J,A,A,C,-,D,D,0,NA,NA,NA,NA,Y,NA,J,49,0,1,0,0,0,0,0,0,0,-,-,33.84874,-117.85208,ORANGE,ANAHEIM,-117.8520666,33.84868628
90537668,2017,2017-08-31,9675,2017-08-19,2309,021225,NA,6,3,7,3001,0,1,3,NA,2,094,SR-91 WESTBOUND,LAKEVIEW AVE,250,E,N,A,-,Y,NA,NA,91,NA,NA,NA,NA,NA,W,Y,2,0,1,2,A,-,03,22350,NA,F,C,C,A,A,H,-,D,D,0,NA,NA,Y,NA,Y,NA,-,99,1,0,0,0,0,0,0,0,1,-,-,33.85291,-117.81211,ORANGE,ANAHEIM,-117.81212729,33.85294534
90538461,2017,2017-09-01,9675,2017-08-26,1747,021388,NA,6,2,7,3001,0,1,3,NA,2,094,SR-91 WESTBOUND,IMPERIAL HIGHWAY,6450,E,N,A,-,Y,NA,NA,91,NA,NA,NA,NA,NA,W,Y,4,0,1,3,A,-,03,22350,NA,N,C,C,A,A,H,-,A,D,0,NA,NA,NA,NA,Y,NA,A,01,0,0,1,0,0,0,0,0,0,-,-,33.8634,-117.77177,ORANGE,ANAHEIM,-117.77169944,33.86325561
90540751,2017,2017-09-05,9670,2017-08-29,0725,014558,NA,2,1,6,3009,0,1,3,NA,2,022,SR-22 W/B,BEACH BLVD,1250,E,N,A,-,Y,NA,NA,22,NA,NA,NA,NA,NA,W,Y,3,0,2,3,A,-,03,22350,NA,N,C,C,A,A,H,-,A,C,0,NA,NA,NA,NA,Y,NA,A,01,0,1,1,0,0,0,0,0,0,-,-,33.77095,-117.98846,ORANGE,GARDEN GROVE,-117.9884575,33.77099267
90542332,2017,2017-09-07,9675,2017-08-30,1620,019979,NA,3,2,6,3026,0,1,1,NA,2,407,I-405 NORTHBOUND,CULVER DR,1000,S,N,A,-,Y,NA,NA,405,NA,NA,NA,NA,NA,N,N,4,0,1,3,A,-,03,22350,NA,F,C,C,A,A,H,-,A,D,0,NA,NA,NA,NA,Y,NA,A,01,0,0,1,0,0,0,0,0,0,-,-,33.66748,-117.81624,ORANGE,IRVINE,-117.81625373,33.66743582
90542434,2017,2017-09-07,9675,2017-09-06,0745,015670,NA,3,1,6,3026,0,1,1,NA,2,406,I-405 S/B,UNIVERSITY DR,2000,N,N,B,-,Y,NA,NA,405,NA,NA,NA,NA,NA,S,N,4,0,1,2,A,-,03,22350,NA,N,C,C,A,A,H,-,A,D,0,NA,NA,NA,NA,Y,NA,A,01,0,0,1,0,0,0,0,0,0,-,-,33.66368,-117.79861,ORANGE,IRVINE,-117.79859446,33.66378964
90543702,2017,2017-09-08,9670,2017-09-07,0900,013970,NA,4,1,6,3009,0,1,3,NA,2,023,SR-22 E/B,BROOKHURST ST,528,E,N,A,-,Y,NA,NA,22,NA,NA,NA,NA,NA,E,N,4,0,1,2,A,-,03,22350,NA,N,C,C,A,A,H,-,A,D,0,NA,NA,NA,NA,Y,NA,A,07,0,0,1,0,0,0,0,0,0,-,-,33.76675,-117.95205,ORANGE,GARDEN GROVE,-117.95204271,33.76591404
9054477,2020,2020-05-28,3001,2020-02-14,2051,2450,D3,5,5,7,3001,0,0,0,NA,0,032,DISNEYLAND DR,BALL RD,171,N,N,A,-,N,NA,NA,NA,NA,NA,NA,NA,NA,NA,N,4,0,1,2,A,-,03,22350,NA,M,C,C,A,A,H,-,C,D,0,NA,NA,NA,NA,Y,NA,A,07,0,0,1,0,0,0,0,0,0,-,-,NA,NA,ORANGE,ANAHEIM,-117.92247772216795,33.818603515625
90545199,2017,2017-09-12,9675,2017-09-08,2140,021233,NA,5,2,9,3000,0,2,4,NA,2,022,FOOTHILL BLVD,LEMON HEIGHTS RD,1500,W,N,B,-,Y,NA,NA,NA,NA,NA,NA,NA,NA,NA,Y,4,0,1,1,A,-,01,23152,F,N,E,I,A,A,H,-,D,D,0,NA,NA,NA,NA,Y,NA,A,01,0,0,1,0,0,0,0,0,0,-,-,33.75838,-117.78097,ORANGE,UNINCORPORATED,-117.78107566,33.75838
90548309,2017,2017-09-15,9670,2017-09-05,2118,021467,NA,2,2,6,3008,0,1,3,NA,2,094,SR-91 E/B (RIVERSIDE FWY),MAGNOLIA AVE,528,E,N,A,-,Y,NA,NA,91,NA,NA,NA,NA,NA,E,Y,4,0,1,1,A,-,08,22107,NA,N,E,I,A,A,H,-,C,D,0,NA,NA,NA,NA,Y,NA,A,01,0,0,1,0,0,0,0,0,0,-,-,33.85643,-117.9735,ORANGE,FULLERTON,-117.97353985,33.85629958
90548328,2017,2017-09-15,9675,2017-09-12,0745,019566,NA,2,1,9,3000,0,3,5,NA,2,002,NEWPORT AVE,FOOTHILL BLVD,75,N,N,A,-,N,NA,NA,NA,NA,NA,NA,NA,NA,NA,N,4,0,1,3,A,-,21,22106,NA,N,C,C,A,A,H,-,A,A,0,NA,NA,NA,NA,Y,NA,A,08,0,0,1,0,0,0,0,0,0,-,-,33.76716,-117.79496,ORANGE,UNINCORPORATED,-117.79505779,33.76696781
90549799,2017,2017-09-18,9675,2017-09-04,1215,016199,NA,1,1,7,3019,0,1,3,NA,2,552,SR-55 SOUTHBOUND,WARNER AVE,0.2,N,N,B,-,Y,NA,NA,55,NA,NA,NA,NA,NA,S,Y,3,0,1,2,C,-,18,NA,NA,F,E,I,A,A,H,-,A,D,0,NA,NA,NA,NA,Y,NA,-,-,0,1,0,0,0,0,0,0,0,-,-,33.71698,-117.84333,ORANGE,SANTA ANA,-117.84338765,33.71704037
90550569,2017,2017-09-19,9670,2017-09-07,0833,021207,NA,4,1,6,3010,0,1,1,NA,2,410,I-405 S/B (SAN DIEGO FREEWAY),MAGNOLIA ST,528,N,N,A,-,Y,NA,NA,405,NA,NA,NA,NA,NA,S,Y,4,0,1,2,A,-,03,22350,NA,N,C,C,A,A,H,-,A,D,0,NA,NA,NA,NA,Y,NA,A,01,0,0,1,0,0,0,0,0,0,-,-,33.72063,-117.97285,ORANGE,HUNTINGTON BEACH,-117.97286223,33.7206157
90550609,2017,2017-09-19,9670,2017-09-11,1130,016194,NA,1,1,9,3000,0,3,5,NA,2,005,MCFADDEN AVE,JACKSON ST,0,NA,Y,A,-,N,NA,NA,NA,NA,NA,NA,NA,NA,NA,Y,4,0,1,2,A,-,09,21802,A,F,D,C,A,A,H,-,A,D,0,NA,NA,NA,NA,Y,NA,-,99,0,0,1,0,0,0,0,0,0,-,-,33.73754,-117.98736,ORANGE,UNINCORPORATED,-117.98739005,33.73748007
90552723,2017,2017-09-21,9675,2017-09-15,0940,019088,NA,5,1,7,3019,0,1,3,NA,2,551,SR-55 S/B,17TH ST,1320,N,N,B,-,Y,NA,NA,55,NA,NA,NA,NA,NA,S,Y,3,0,2,2,A,-,03,22350,NA,N,C,C,A,A,H,-,A,D,0,NA,NA,NA,NA,Y,NA,A,01,0,2,0,0,0,0,0,0,0,-,-,33.76146,-117.8313,ORANGE,SANTA ANA,-117.83118584,33.76145912
90553007,2017,2017-09-21,9675,2017-09-13,1718,021690,NA,3,2,6,3026,0,1,1,NA,2,503,I-5 SOUTHBOUND,CULVER DR,200,S,N,A,-,Y,NA,NA,5,NA,NA,NA,NA,NA,S,Y,4,0,1,3,A,-,03,22350,NA,N,C,C,A,A,H,-,A,D,0,NA,NA,NA,NA,Y,NA,A,01,0,0,1,0,0,0,0,0,0,-,-,33.70732,-117.78029,ORANGE,IRVINE,-117.78016342,33.70742261
90554162,2017,2017-09-22,9670,2017-09-21,1500,017022,NA,4,2,6,3009,0,1,3,NA,2,022,SR-22 E/B (GARDEN GROVE FREEWAY),EUCLID STREET,1795,E,N,A,-,Y,NA,NA,22,NA,NA,NA,NA,NA,E,Y,4,0,1,2,A,-,03,22350,NA,N,C,C,A,A,H,-,A,D,0,NA,NA,NA,NA,Y,NA,A,01,0,0,1,0,0,0,0,0,0,-,-,33.766,-117.93176,ORANGE,GARDEN GROVE,-117.93176055,33.76607374
90556081,2017,2017-09-26,9675,2017-09-12,1710,021690,NA,2,2,6,3015,0,1,3,NA,2,222,SR-22 E/B,MAIN ST,300,E,N,A,-,Y,NA,NA,22,NA,NA,NA,NA,NA,E,Y,4,0,1,2,A,-,03,22350,NA,N,C,C,A,A,H,-,A,D,0,NA,NA,NA,NA,Y,NA,A,01,0,0,1,0,0,0,0,0,0,-,-,33.77811,-117.86426,ORANGE,ORANGE,-117.86426028,33.77819236
90556311,2017,2017-09-26,9690,2017-09-24,1150,020537,NA,7,1,5,3028,0,1,1,NA,2,056,I-5 N/B (SAN DIEGO FRWY),OSO PKWY,400,N,N,A,-,Y,NA,NA,5,NA,NA,NA,NA,NA,N,Y,4,0,1,2,A,-,03,22350,NA,N,C,C,A,A,H,-,A,D,0,NA,NA,NA,NA,Y,NA,D,22,0,0,1,0,0,0,0,0,0,-,-,33.58118,-117.67161,ORANGE,MISSION VIEJO,-117.67160365,33.5811799
90560337,2017,2017-09-29,9670,2017-09-23,1350,021679,NA,6,1,4,3020,0,1,1,NA,2,450,I-405 S/B (SAN DIEGO FREEWAY),SR-22 E/B O/C,4224,N,N,A,-,Y,NA,NA,405,NA,NA,NA,NA,NA,S,Y,4,0,1,5,A,-,03,22350,NA,N,C,C,A,A,H,-,A,D,0,NA,NA,NA,NA,Y,NA,A,01,0,0,1,0,0,0,0,0,0,-,-,33.77424,-118.05601,ORANGE,SEAL BEACH,-118.05601,33.77422484
90560497,2017,2017-10-02,9675,2017-09-20,1305,019348,NA,3,1,4,3002,0,1,3,NA,2,571,SR-57 NORTHBOUND TO IMPERIAL HIGHWAY,IMPERIAL HIGHWAY,180,S,N,A,-,Y,NA,NA,NA,NA,NA,NA,NA,NA,NA,Y,4,0,1,3,A,-,03,22350,NA,N,C,C,A,A,H,-,A,D,0,NA,NA,NA,NA,Y,NA,A,01,0,0,1,0,0,0,0,0,0,-,-,33.16063,-117.50264,ORANGE,BREA,-117.88339988,33.91031938
90560857,2017,2017-10-02,9670,2017-09-26,1600,021242,NA,2,2,7,3001,0,1,1,NA,2,502,I-5 N/B,EUCLID ST,528,S,N,A,-,Y,NA,NA,5,NA,NA,NA,NA,NA,N,N,4,0,1,2,A,-,08,22107,NA,N,B,C,A,A,H,-,A,D,0,NA,NA,NA,NA,Y,NA,A,01,0,0,1,0,0,0,0,0,0,-,-,33.83502,-117.93929,ORANGE,ANAHEIM,-117.93926238,33.83513082
90562619,2017,2017-10-04,9690,2017-09-29,1611,018840,NA,5,2,4,3029,0,1,1,NA,2,058,I-5 N/B (SAN DIEGO FRWY),VIA CALIFORNIA,500,N,N,A,-,Y,NA,NA,5,NA,NA,NA,NA,NA,N,Y,3,0,3,2,A,-,08,22107,NA,N,C,C,A,A,D,-,A,D,0,NA,NA,NA,NA,Y,Y,A,01,0,1,2,0,0,0,0,0,0,-,-,33.46706,-117.66935,ORANGE,DANA POINT,-117.66939753,33.46696574
90564512,2017,2017-10-06,9690,2017-09-29,1115,020463,NA,5,1,9,3000,0,1,3,NA,1,074,SR 74 W/B (ORTEGA HWY),NICHOLS ROAD,2640,E,N,A,-,Y,NA,NA,74,NA,NA,NA,NA,NA,W,Y,3,0,1,2,A,-,06,21750,NA,N,B,C,A,A,H,-,A,D,0,NA,NA,Y,NA,Y,NA,D,22,0,1,0,0,0,0,0,0,1,-,-,33.57035,-117.54303,ORANGE,UNINCORPORATED,-117.54304086,33.57035587
90564818,2017,2017-10-06,9690,2017-10-04,1811,019089,NA,3,2,9,3000,0,3,5,NA,2,004,O'NEILL DRIVE,DORRANCE,252,N,N,A,-,N,NA,NA,NA,NA,NA,NA,NA,NA,NA,N,4,0,1,2,A,-,03,22350,NA,N,C,C,A,A,H,-,B,D,0,NA,NA,NA,NA,Y,NA,A,01,0,0,1,0,0,0,0,0,0,-,-,33.55583,-117.64517,ORANGE,UNINCORPORATED,-117.645134,33.555718
90565366,2017,2017-10-09,9675,2017-09-22,1540,021388,NA,5,2,6,3026,0,1,1,NA,2,504,I-5 NORTHBOUND,JEFFREY RD,600,S,N,A,-,Y,NA,NA,5,NA,NA,NA,NA,NA,N,Y,3,0,1,3,A,-,08,22107,NA,F,F,A,A,A,H,-,A,D,0,NA,NA,Y,NA,Y,NA,-,99,0,1,0,0,0,0,0,0,1,-,-,33.68854,-117.76709,ORANGE,IRVINE,-117.76720684,33.68846322
90566219,2017,2017-10-09,9670,2017-10-04,2110,021715,NA,3,2,6,3008,0,1,3,NA,2,094,SR-91 E/B,HARBOR BLVD,1000,W,N,A,-,Y,NA,NA,91,NA,NA,NA,NA,NA,E,N,4,0,1,2,A,-,07,21658,A,M,B,C,A,A,H,-,D,D,0,NA,NA,NA,NA,Y,NA,-,99,0,0,1,0,0,0,0,0,0,-,-,33.85385,-117.929,ORANGE,FULLERTON,-117.92899349,33.85390064
9056651,2020,2020-03-19,3007,2020-02-22,0315,322,48,6,5,5,3007,0,0,0,NA,0,002,SLATER AV,NEWHOPE ST,0,NA,Y,A,-,N,NA,NA,NA,NA,NA,NA,NA,NA,NA,Y,4,0,2,2,A,-,09,21800,D,N,D,C,A,A,H,-,C,B,0,NA,NA,NA,NA,Y,NA,A,01,0,0,2,0,0,0,0,0,0,-,-,NA,NA,ORANGE,FOUNTAIN VALLEY,-117.92835235595705,33.70917892456055
90568181,2017,2017-10-11,9675,2017-10-03,1923,021690,NA,2,2,6,3004,0,1,1,NA,2,405,I-405 N/B,BEAR ST,1000,N,N,A,-,Y,NA,NA,405,NA,NA,NA,NA,NA,N,Y,4,0,1,2,A,-,07,21658,A,N,B,C,A,A,H,-,C,D,0,NA,NA,NA,NA,Y,NA,A,01,0,0,1,0,0,0,0,0,0,-,-,33.68772,-117.89528,ORANGE,COSTA MESA,-117.89528173,33.68763362
90568260,2017,2017-10-11,9675,2017-09-26,1000,021749,NA,2,1,7,3001,0,1,3,NA,2,093,SR-91 EASTBOUND,PLACENTIA AVE,50,W,N,A,-,Y,NA,NA,91,NA,NA,NA,NA,NA,E,Y,3,0,2,2,A,-,07,21658,A,N,B,C,A,A,H,-,A,D,0,NA,NA,NA,NA,Y,NA,A,01,0,2,0,0,0,0,0,0,0,-,-,33.85362,-117.88515,ORANGE,ANAHEIM,-117.88518305,33.85353155
90570982,2017,2017-10-16,9670,2017-10-09,1707,021242,NA,1,2,5,3003,0,1,3,NA,2,091,SR-91 W/B,WALKER ST,528,W,N,A,-,Y,NA,NA,NA,NA,NA,NA,NA,NA,NA,Y,2,0,1,3,A,-,08,22107,NA,F,B,C,A,A,H,-,A,D,0,NA,NA,Y,NA,Y,NA,C,02,1,0,0,0,0,0,0,0,1,-,-,33.86076,-118.03828,ORANGE,BUENA PARK,-118.03912706,33.86102896
90571206,2017,2017-10-16,9675,2017-09-17,0223,021752,NA,7,3,6,3015,0,1,3,NA,2,222,SR-22 W/B TO I-5/SR-57 N/B,SR-57 SOUTHBOUND,500,E,N,A,-,Y,NA,NA,22,NA,NA,NA,R,NA,W,N,4,0,1,2,A,-,08,22107,NA,F,B,C,A,A,H,-,C,D,0,NA,NA,NA,NA,Y,NA,A,01,0,0,1,0,0,0,0,0,0,-,-,33.78108,-117.87693,ORANGE,ORANGE,-117.87693,33.78108
90572823,2017,2017-10-18,9670,2017-10-12,1026,021861,NA,4,1,5,3024,0,1,1,NA,2,042,I-405 N/B,WESTMINSTER BLVD O/C,25,S,N,A,-,Y,NA,NA,405,NA,NA,NA,NA,NA,N,Y,4,0,1,2,A,-,03,22350,NA,N,C,C,A,A,H,-,A,D,0,NA,NA,NA,NA,Y,NA,A,07,0,0,1,0,0,0,0,0,0,-,-,33.75925,-118.0219,ORANGE,WESTMINSTER,-118.02197164,33.75916601
90574459,2017,2017-10-19,9675,2017-10-16,0750,021349,NA,1,1,7,3019,0,1,1,NA,2,502,I-5 N/B,MAIN ST,1000,S,N,A,-,Y,NA,NA,5,NA,NA,NA,NA,NA,N,Y,3,0,1,3,A,-,03,22350,NA,N,C,C,A,A,H,-,A,D,0,NA,NA,NA,NA,Y,NA,A,01,0,1,0,0,0,0,0,0,0,-,-,33.76396,-117.86483,ORANGE,SANTA ANA,-117.86496575,33.76387945
90574682,2017,2017-10-20,9675,2017-10-11,2015,021397,NA,3,2,5,3022,0,1,3,NA,2,551,SR-55 S/B FROM VILLAGE WAY,VILLAGE WAY,50,E,N,A,-,Y,NA,NA,55,NA,NA,NA,R,NA,S,Y,4,0,1,1,A,-,08,22107,NA,N,E,C,A,A,H,-,C,D,0,NA,NA,NA,NA,Y,NA,A,07,0,0,1,0,0,0,0,0,0,-,-,33.73122,-117.83562,ORANGE,TUSTIN,-117.83562,33.73122
90575058,2017,2017-10-20,9675,2017-10-18,1410,021397,NA,3,2,7,3001,0,1,3,NA,2,093,SR-91 EASTBOUND,TUSTIN AVE,1200,W,N,A,-,Y,NA,NA,91,NA,NA,NA,NA,NA,E,Y,4,0,2,3,A,-,03,22350,NA,N,C,C,A,A,H,-,A,D,0,NA,NA,Y,NA,Y,NA,C,02,0,0,2,0,0,0,0,0,2,-,-,33.85,-117.846,ORANGE,ANAHEIM,-117.84605019,33.8501994
9057557,2020,2021-08-03,3008,2020-01-29,1345,1519,ZONE,3,5,6,3008,0,0,0,NA,0,NA,CHAPMAN AV,BERKELEY AV,0,NA,Y,A,-,N,NA,NA,NA,NA,NA,NA,NA,NA,NA,Y,4,0,2,3,A,-,08,22100,A,N,B,C,A,A,H,-,A,A,0,NA,NA,NA,NA,Y,NA,A,07,0,0,2,0,0,0,0,0,0,-,-,NA,NA,ORANGE,FULLERTON,-117.91425323486328,33.874019622802734
9057647,2020,2020-07-31,3009,2020-04-17,1432,4352,113,5,5,6,3009,0,0,0,NA,0,021,EUCLID ST,MARIAN AV,0,NA,Y,A,-,N,NA,NA,NA,NA,NA,NA,NA,NA,NA,Y,3,0,1,2,A,-,09,21801,A,N,B,C,A,A,H,-,A,A,0,NA,NA,NA,Y,Y,NA,A,01,0,1,0,0,0,0,0,0,0,-,-,NA,NA,ORANGE,GARDEN GROVE,-117.94123840332033,33.786399841308594