CASE_ID,ACCIDENT_YEAR,PROC_DATE,JURIS,COLLISION_DATE,COLLISION_TIME,OFFICER_ID,REPORTING_DISTRICT,DAY_OF_WEEK,CHP_SHIFT,POPULATION,CNTY_CITY_LOC,SPECIAL_COND,BEAT_TYPE,CHP_BEAT_TYPE,CITY_DIVISION_LAPD,CHP_BEAT_CLASS,BEAT_NUMBER,PRIMARY_RD,SECONDARY_RD,DISTANCE,DIRECTION,INTERSECTION,WEATHER_1,WEATHER_2,STATE_HWY_IND,CALTRANS_COUNTY,CALTRANS_DISTRICT,STATE_ROUTE,ROUTE_SUFFIX,POSTMILE_PREFIX,POSTMILE,LOCATION_TYPE,RAMP_INTERSECTION,SIDE_OF_HWY,TOW_AWAY,COLLISION_SEVERITY,NUMBER_KILLED,NUMBER_INJURED,PARTY_COUNT,PRIMARY_COLL_FACTOR,PCF_CODE_OF_VIOL,PCF_VIOL_CATEGORY,PCF_VIOLATION,PCF_VIOL_SUBSECTION,HIT_AND_RUN,TYPE_OF_COLLISION,MVIW,PED_ACTION,ROAD_SURFACE,ROAD_COND_1,ROAD_COND_2,LIGHTING,CONTROL_DEVICE,CHP_ROAD_TYPE,PEDESTRIAN_ACCIDENT,BICYCLE_ACCIDENT,MOTORCYCLE_ACCIDENT,TRUCK_ACCIDENT,NOT_PRIVATE_PROPERTY,ALCOHOL_INVOLVED,STWD_VEHTYPE_AT_FAULT,CHP_VEHTYPE_AT_FAULT,COUNT_SEVERE_INJ,COUNT_VISIBLE_INJ,COUNT_COMPLAINT_PAIN,COUNT_PED_KILLED,COUNT_PED_INJURED,COUNT_BICYCLIST_KILLED,COUNT_BICYCLIST_INJURED,COUNT_MC_KILLED,COUNT_MC_INJURED,PRIMARY_RAMP,SECONDARY_RAMP,LATITUDE,LONGITUDE,COUNTY,CITY,POINT_X,POINT_Y
90576756,2017,2017-10-24,9675,2017-10-09,1405,017993,NA,1,2,7,3001,0,1,3,NA,2,093,SR-91 WESTBOUND,TUSTIN AVE,1000,E,N,A,-,Y,NA,NA,91,NA,NA,NA,NA,NA,W,Y,4,0,1,2,A,-,03,22350,NA,N,C,C,A,A,H,-,A,D,0,NA,NA,NA,NA,Y,NA,A,01,0,0,1,0,0,0,0,0,0,-,-,33.84846,-117.83329,ORANGE,ANAHEIM,-117.83339192,33.84832508
90576967,2017,2017-10-24,9675,2017-10-16,1605,021716,NA,1,2,4,3002,0,1,3,NA,2,570,SR-57 SOUTHBOUND,IMPERIAL HIGHWAY,500,N,N,A,-,Y,NA,NA,57,NA,NA,NA,NA,NA,S,Y,3,0,1,2,A,-,03,22350,NA,N,C,C,A,A,H,-,A,D,0,NA,NA,NA,NA,Y,NA,A,07,0,1,0,0,0,0,0,0,0,-,-,33.9127,-117.8831,ORANGE,BREA,-117.88342664,33.91284582
90582392,2017,2017-10-30,9675,2017-10-16,0240,019018,NA,1,3,6,3026,0,1,1,NA,2,406,INTERSTATE 405 SB (SAN DIEGO FRWY),CULVER DR,1000,N,N,A,-,N,NA,NA,405,NA,NA,NA,NA,NA,S,Y,3,0,1,1,A,-,08,22107,NA,N,E,J,A,A,D,-,C,D,0,NA,NA,NA,NA,Y,NA,A,01,0,1,0,0,0,0,0,0,0,-,-,33.67067,-117.82704,ORANGE,IRVINE,-117.82701313,33.67075038
90582806,2017,2017-10-30,9675,2017-10-21,1532,021438,NA,6,2,7,3001,0,1,3,NA,2,094,SR-91 W/B,LAKEVIEW AVE,1300,E,N,A,-,Y,NA,NA,91,NA,NA,NA,NA,NA,W,N,4,0,1,2,A,-,03,22350,NA,N,C,C,A,A,H,-,A,D,0,NA,NA,NA,NA,Y,NA,A,07,0,0,1,0,0,0,0,0,0,-,-,33.85345,-117.81097,ORANGE,ANAHEIM,-117.81099436,33.85349978
90586660,2017,2017-11-03,9675,2017-10-27,1730,021397,NA,5,2,6,3015,0,1,3,NA,2,222,SR-22 WESTBOUND,BEDFORD RD,1000,E,N,A,-,Y,NA,NA,22,NA,NA,NA,NA,NA,W,Y,3,0,1,2,A,-,07,21658,A,N,B,C,A,A,H,-,A,D,0,NA,NA,NA,NA,Y,NA,A,08,0,1,0,0,0,0,0,0,0,-,-,33.77834,-117.8688,ORANGE,ORANGE,-117.86879999,33.77834721
90586961,2017,2017-11-03,9670,2017-10-27,1940,021900,NA,5,2,5,3007,0,1,1,NA,2,040,I-405 N/B,SLATER AVE. O/C,300,S,N,A,-,Y,NA,NA,405,NA,NA,NA,NA,NA,N,Y,3,0,1,3,A,-,03,22350,NA,N,C,C,A,A,H,-,C,D,0,NA,NA,NA,NA,Y,NA,A,01,0,1,0,0,0,0,0,0,0,-,-,33.70823,-117.95764,ORANGE,FOUNTAIN VALLEY,-117.95767116,33.70818675
90587554,2017,2017-11-06,9675,2017-10-24,1055,016199,NA,2,1,5,3014,0,1,3,NA,2,074,SR-73 S/B FROM JAMBOREE RD.,JAMBOREE RD,1000,S,N,A,-,Y,NA,NA,73,NA,NA,NA,R,NA,S,Y,4,0,1,2,A,-,03,22350,NA,N,C,C,A,A,H,-,A,A,0,NA,NA,NA,Y,Y,NA,F,26,0,0,1,0,0,0,0,0,0,-,-,33.65274,-117.86305,ORANGE,NEWPORT BEACH,-117.86305,33.65274
90587785,2017,2017-11-06,9690,2017-10-31,0443,016128,NA,2,3,5,3017,0,1,1,NA,2,059,I-5 S/B (SAN DIEGO FRWY),AVENIDA VAQUERO,828,S,N,B,-,Y,NA,NA,5,NA,NA,NA,NA,NA,S,Y,4,0,1,1,A,-,08,22107,NA,N,E,I,A,A,D,-,C,D,0,NA,NA,NA,NA,Y,NA,A,07,0,0,1,0,0,0,0,0,0,-,-,33.45102,-117.64125,ORANGE,SAN CLEMENTE,-117.64120533,33.45108359
90589087,2017,2017-11-07,9675,2017-10-25,0755,018087,NA,3,1,6,3026,0,1,1,NA,2,504,I-5 N/B (SANTA ANA FWY),JEFFREY ROAD,271,S,N,A,-,Y,NA,NA,5,NA,NA,NA,NA,NA,N,Y,3,0,1,2,A,-,07,21658,A,N,C,C,A,A,H,-,A,D,0,NA,NA,Y,NA,Y,NA,A,01,0,1,0,0,0,0,0,0,1,-,-,33.68943,-117.7677,ORANGE,IRVINE,-117.7677994,33.6893634
90589769,2017,2017-11-15,9675,2017-11-04,1520,021691,NA,6,2,7,3019,0,1,3,NA,2,553,SR-55 SOUTHBOUND,MACARTHUR BLVD,1450,S,N,A,-,Y,NA,NA,55,NA,NA,NA,NA,NA,S,Y,4,0,1,2,A,-,03,22350,NA,N,C,C,A,A,H,-,A,D,0,NA,NA,NA,NA,Y,NA,A,07,0,0,1,0,0,0,0,0,0,-,-,33.69526,-117.86431,ORANGE,SANTA ANA,-117.86454076,33.69545817
90589773,2017,2017-11-08,9675,2017-10-27,1904,021914,NA,5,2,6,3015,0,1,3,NA,2,072,SR-57 S/B,ORANGEWOOD AVE,2000,N,N,A,-,Y,NA,NA,NA,NA,NA,NA,NA,NA,NA,Y,3,0,1,2,A,-,03,22350,NA,N,C,C,A,A,H,-,A,D,0,NA,NA,Y,NA,Y,NA,C,02,0,1,0,0,0,0,0,0,1,-,-,33.48538,-117.52439,ORANGE,ORANGE,-117.8777,33.79789
9058999,2020,2020-05-27,3000,2020-02-28,1705,5013,951F6,5,5,5,3040,0,0,0,NA,0,743,CROWN VALLEY PKWY,WEST NINE DR,0,NA,Y,A,-,N,NA,NA,NA,NA,NA,NA,NA,NA,NA,Y,2,0,2,2,A,-,09,21801,A,N,A,C,A,A,H,-,A,A,0,NA,NA,NA,NA,Y,NA,A,01,1,1,0,0,0,0,0,0,0,-,-,NA,NA,ORANGE,LAGUNA NIGUEL,-117.72030639648438,33.50239944458008
9059062,2020,2020-05-20,3001,2020-02-07,1744,A1047,D-3,5,5,7,3001,0,0,0,NA,0,D-3,9TH ST,KATELLA AV,528,S,N,A,-,N,NA,NA,NA,NA,NA,NA,NA,NA,NA,Y,4,0,3,2,A,-,03,22350,NA,N,C,C,A,A,H,-,B,D,0,NA,NA,NA,NA,Y,NA,A,01,0,0,3,0,0,0,0,0,0,-,-,33.80228042602539,-117.93315887451172,ORANGE,ANAHEIM,-117.9326629638672,33.801876068115234
90594094,2017,2017-11-14,9675,2017-11-06,0705,015914,NA,1,1,6,3026,0,1,1,NA,2,407,I-405 NORTHBOUND,IRVINE CENTER DR,100,N,N,A,-,Y,NA,NA,NA,NA,NA,NA,NA,NA,NA,Y,4,0,1,2,A,-,08,22107,NA,N,B,C,A,A,H,-,A,D,0,NA,NA,NA,Y,Y,NA,-,-,0,0,1,0,0,0,0,0,0,-,-,33.3858,-117.456,ORANGE,IRVINE,-117.74752054,33.64836765
90595081,2017,2017-11-15,9675,2017-11-07,1754,021377,NA,2,2,7,3001,0,1,3,NA,2,095,SR-91 EASTBOUND,COAL CYN RD,2000,W,N,A,-,Y,NA,NA,91,NA,NA,NA,NA,NA,E,Y,4,0,1,2,A,-,07,21658,A,N,B,C,A,A,H,-,A,D,0,NA,NA,Y,NA,Y,NA,A,01,0,0,1,0,0,0,0,0,1,-,-,33.87364,-117.69415,ORANGE,ANAHEIM,-117.69415,33.87363988
90595844,2017,2017-11-16,9675,2017-11-08,1540,021322,NA,3,2,7,3019,0,1,1,NA,2,502,I-5 NORTHBOUND,GRAND AVE,950,S,N,A,-,Y,NA,NA,5,NA,NA,NA,NA,NA,N,Y,4,0,1,2,A,-,07,21658,A,N,C,C,A,A,H,-,A,D,0,NA,NA,Y,NA,Y,NA,A,07,0,0,1,0,0,0,0,0,1,-,-,33.75425,-117.85007,ORANGE,SANTA ANA,-117.85004544,33.75430271
90596700,2017,2017-11-17,9675,2017-11-09,1739,021322,NA,4,2,6,3015,0,1,3,NA,2,222,SR-22 WESTBOUND,GRAND AVE,300,W,N,A,-,Y,NA,NA,22,NA,NA,NA,NA,NA,W,Y,4,0,1,3,A,-,08,22107,NA,N,B,C,A,A,H,-,C,D,0,NA,NA,NA,NA,Y,NA,A,01,0,0,1,0,0,0,0,0,0,-,-,33.77656,-117.85532,ORANGE,ORANGE,-117.85530112,33.77661033
9059867,2020,2020-03-04,3001,2020-01-23,1531,A2382,NA,4,5,7,3001,0,0,0,NA,0,D-3,KATELLA AV,DOUGLASS RD,0,NA,Y,A,-,N,NA,NA,NA,NA,NA,NA,NA,NA,NA,Y,4,0,1,2,A,-,12,21453,A,N,A,C,A,A,H,-,A,A,0,NA,NA,NA,NA,Y,NA,A,01,0,0,1,0,0,0,0,0,0,-,-,33.805931091308594,-117.87767791748048,ORANGE,ANAHEIM,-117.87758636474608,33.80609893798828
90599576,2017,2017-11-21,9690,2017-11-20,1030,016430,NA,1,1,5,3028,0,1,1,NA,2,056,I-5 N/B (SAN DIEGO FRWY),OSO PKWY,542,S,N,A,-,Y,NA,NA,5,NA,NA,NA,NA,NA,N,Y,3,0,3,3,A,-,03,22350,NA,N,C,C,A,A,H,-,A,D,0,NA,NA,NA,Y,Y,NA,G,27,0,1,2,0,0,0,0,0,0,-,-,33.57889,-117.67163,ORANGE,MISSION VIEJO,-117.67163902,33.57889014
90600204,2017,2017-11-22,9675,2017-11-10,1517,021691,NA,5,2,4,3002,0,1,3,NA,2,070,SR-57 NORTHBOUND,IMPERIAL HIGHWAY,1600,S,N,A,-,Y,NA,NA,NA,NA,NA,NA,NA,NA,NA,Y,4,0,1,3,A,-,03,22350,NA,N,C,C,A,A,H,-,A,D,0,NA,NA,NA,NA,Y,NA,A,01,0,0,1,0,0,0,0,0,0,-,-,33.9066,-117.8816,ORANGE,BREA,-117.88160172,33.90674637
90600335,2017,2017-11-22,9675,2017-11-13,1757,021633,NA,1,2,6,3004,0,1,3,NA,2,553,SR-55 S/B,PAULARINO AVE,1000,N,N,A,-,Y,NA,NA,55,NA,NA,NA,NA,NA,S,Y,4,0,1,2,A,-,04,21703,NA,N,C,C,A,A,H,-,B,D,0,NA,NA,NA,NA,Y,NA,A,01,0,0,1,0,0,0,0,0,0,-,-,33.6843,-117.87524,ORANGE,COSTA MESA,-117.87518259,33.68424657
90601892,2017,2017-11-27,9675,2017-11-11,1550,021801,NA,6,2,6,3015,0,1,1,NA,2,520,I-5 S/B,SR-22 EASTBOUND,500,N,N,A,-,Y,NA,NA,5,NA,NA,NA,NA,NA,S,Y,4,0,1,2,A,-,03,22350,NA,N,C,C,A,A,H,-,A,D,0,NA,NA,NA,NA,Y,NA,A,01,0,0,1,0,0,0,0,0,0,-,-,33.78306,-117.88171,ORANGE,ORANGE,-117.88173766,33.78302529
90602594,2017,2017-11-27,9675,2017-11-17,0945,021272,NA,5,1,7,3001,0,1,3,NA,2,094,SR-91 WESTBOUND,IMPERIAL HIGHWAY,500,W,N,B,-,Y,NA,NA,91,NA,NA,NA,NA,NA,W,Y,3,0,2,3,A,-,03,22350,NA,N,C,C,A,A,H,-,A,D,0,NA,NA,NA,NA,Y,NA,A,01,0,1,1,0,0,0,0,0,0,-,-,33.85461,-117.79936,ORANGE,ANAHEIM,-117.79936255,33.85450332
9060360,2020,2020-04-01,3007,2020-01-23,1600,280,63,4,5,5,3007,0,0,0,NA,0,003,TALBERT,CITRUS,0,NA,Y,A,-,N,NA,NA,NA,NA,NA,NA,NA,NA,NA,N,3,0,1,2,A,-,03,22350,NA,N,C,C,A,A,H,-,A,D,0,NA,NA,NA,NA,Y,NA,A,07,0,1,0,0,0,0,0,0,0,-,-,NA,NA,ORANGE,FOUNTAIN VALLEY,-117.96598052978516,33.701629638671875
90604230,2017,2017-11-28,9670,2017-11-10,1525,021755,NA,5,2,6,3008,0,1,3,NA,2,193,SR-91 W/B,BROOKHURST ST,1056,E,N,A,-,Y,NA,NA,91,NA,NA,NA,NA,NA,W,Y,3,0,1,2,A,-,03,22350,NA,N,C,C,A,A,H,-,A,D,0,NA,NA,Y,NA,Y,NA,C,02,0,1,0,0,0,0,0,0,1,-,-,33.85407,-117.95538,ORANGE,FULLERTON,-117.95537986,33.85406237
90605961,2017,2017-11-30,9675,2017-11-21,1530,021716,NA,2,2,9,3000,0,2,4,NA,2,034,SANTIAGO CANYON ROAD,SILVERADO CANYON ROAD,0,NA,Y,A,-,Y,NA,NA,NA,NA,NA,NA,NA,NA,NA,Y,3,0,2,2,A,-,09,21801,A,N,D,C,A,A,H,-,A,D,0,NA,NA,NA,NA,Y,NA,A,01,0,1,1,0,0,0,0,0,0,-,-,33.74832,-117.67306,ORANGE,UNINCORPORATED,-117.67306013,33.74822003
9060626,2020,2020-03-03,3001,2020-01-25,2104,A1047,NA,6,5,7,3001,0,0,0,NA,0,D-2,EUCLID ST,BEACON AV,111,S,N,B,-,N,NA,NA,NA,NA,NA,NA,NA,NA,NA,Y,4,0,2,2,A,-,09,21804,A,N,D,C,A,A,H,-,C,D,0,NA,NA,NA,NA,Y,NA,A,07,0,0,2,0,0,0,0,0,0,-,-,33.809879302978516,-117.94140625,ORANGE,ANAHEIM,-117.9414291381836,33.81987380981445
90611186,2017,2017-12-06,9675,2017-09-30,2246,021233,NA,6,3,5,3022,0,1,3,NA,2,051,STATE ROUTE 55 NORTHBOUND,MAIN STREET,29,N,N,B,-,Y,NA,NA,55,NA,NA,NA,NA,NA,N,Y,1,1,0,2,A,-,03,22350,NA,N,C,C,A,A,H,-,C,D,0,NA,NA,Y,NA,Y,NA,C,02,0,0,0,0,0,0,0,1,0,-,-,33.74223,-117.83379,ORANGE,TUSTIN,-117.83373774,33.742228420000004
90614357,2017,2017-12-11,9675,2017-12-04,0615,019171,NA,1,1,5,3022,0,1,1,NA,2,503,I-5 S/B (SANTA ANA FWY),SR-55,500,S,N,A,-,Y,NA,NA,5,NA,NA,NA,NA,NA,S,Y,4,0,1,4,A,-,03,22350,NA,F,C,C,A,A,H,-,A,D,0,NA,NA,NA,NA,Y,NA,A,01,0,0,1,0,0,0,0,0,0,-,-,33.7391,-117.83009,ORANGE,TUSTIN,-117.83006594,33.73917303
90616455,2017,2017-12-13,9690,2017-12-12,1215,015927,NA,2,1,5,3028,0,1,1,NA,2,056,I-5 N/B TO AVERY PARKWAY,AVERY PARKWAY,150,S,N,A,-,Y,NA,NA,5,NA,NA,NA,R,NA,N,N,4,0,1,2,A,-,21,22106,NA,N,C,C,A,A,H,-,A,D,0,NA,NA,NA,NA,Y,NA,A,08,0,0,1,0,0,0,0,0,0,-,-,33.54674,-117.67247,ORANGE,MISSION VIEJO,-117.67247,33.54674
90617674,2017,2017-12-14,9675,2017-12-11,0920,021809,NA,1,1,6,3008,0,1,3,NA,2,570,SR-57 S/B,CHAPMAN AVE,630,S,N,A,-,Y,NA,NA,57,NA,NA,NA,NA,NA,S,Y,4,0,2,3,A,-,03,22350,NA,N,C,C,A,A,H,-,A,A,0,NA,NA,NA,Y,Y,NA,G,27,0,0,2,0,0,0,0,0,0,-,-,33.87257,-117.88061,ORANGE,FULLERTON,-117.88057917,33.87257103
9061915,2020,2020-10-08,3010,2020-02-20,2101,1675,452,4,5,6,3010,0,0,0,NA,0,002,RT 39,KNOXVILLE AV,13,S,N,A,-,Y,ORA,12,39,-,-,1.26,H,-,S,N,4,0,1,2,A,-,07,21658,A,N,D,C,A,A,H,-,C,D,0,NA,NA,NA,NA,Y,NA,A,01,0,0,1,0,0,0,0,0,0,-,-,NA,NA,ORANGE,HUNTINGTON BEACH,-117.98861694335938,33.66676712036133
90620816,2017,2017-12-19,9670,2017-12-13,0950,014558,NA,3,1,6,3009,0,1,3,NA,2,024,SR-22 E/B,NEWHOPE STREET,300,W,N,A,-,Y,NA,NA,22,NA,NA,NA,NA,NA,E,Y,4,0,1,2,A,-,03,22350,NA,N,C,C,A,A,H,-,A,D,0,NA,NA,NA,NA,Y,NA,A,01,0,0,1,0,0,0,0,0,0,-,-,33.76606,-117.92969,ORANGE,GARDEN GROVE,-117.92969022,33.7660891
9062250,2020,2020-06-09,3009,2020-02-06,0556,4626,136,4,5,6,3009,0,0,0,NA,0,2-3,HARBOR BL,CARDINAL CIR,0,NA,Y,A,-,N,NA,NA,NA,NA,NA,NA,NA,NA,NA,N,4,0,2,2,A,-,12,21453,A,N,D,C,A,A,H,-,C,A,0,NA,NA,NA,NA,Y,NA,A,08,0,0,2,0,0,0,0,0,0,-,-,NA,NA,ORANGE,GARDEN GROVE,-117.92041778564452,33.765499114990234
90622692,2017,2017-12-21,9675,2017-12-19,0920,017773,NA,2,1,6,3026,0,1,1,NA,2,407,I-405 N/B,SR-133,100,S,N,A,-,Y,NA,NA,405,NA,NA,NA,NA,NA,N,Y,4,0,1,3,A,-,03,22350,NA,N,C,C,A,A,H,-,A,D,0,NA,NA,NA,NA,Y,NA,A,07,0,0,1,0,0,0,0,0,0,-,-,33.65179,-117.75962,ORANGE,IRVINE,-117.75963952,33.65165705
90629118,2017,2017-12-28,9690,2017-12-22,1225,018349,NA,5,1,5,3017,0,1,1,NA,2,059,I-5 N/B (SAN DIEGO FRWY),AVENIDA VISTA HERMOSA,1500,N,N,A,-,Y,NA,NA,5,NA,NA,NA,NA,NA,N,N,4,0,2,2,A,-,03,22350,NA,N,C,C,A,A,H,-,A,D,0,NA,NA,NA,NA,Y,NA,A,01,0,0,2,0,0,0,0,0,0,-,-,33.44886,-117.6374,ORANGE,SAN CLEMENTE,-117.63747635,33.44873275
9063024,2020,2020-05-21,3008,2020-01-04,0223,1571,ZONE1,6,5,6,3008,0,0,0,NA,0,NA,BROOKHURST RD,OAK AV,0,NA,Y,A,-,N,NA,NA,NA,NA,NA,NA,NA,NA,NA,Y,3,0,1,3,A,-,01,23152,A,N,B,E,A,A,H,-,C,D,0,NA,NA,NA,NA,Y,Y,A,01,0,1,0,0,0,0,0,0,0,-,-,NA,NA,ORANGE,FULLERTON,-117.95937347412108,33.86418914794922
90630701,2017,2018-01-02,9670,2017-12-26,1715,017951,NA,2,2,6,3009,0,1,3,NA,2,024,SR-22 EASTBOUND (GARDEN GROVE FREEWAY),LEWIS STREET,482,W,N,A,-,Y,NA,NA,22,NA,NA,NA,NA,NA,E,N,4,0,1,3,A,-,03,22350,NA,N,C,C,A,A,H,-,C,D,0,NA,NA,NA,NA,Y,NA,A,01,0,0,1,0,0,0,0,0,0,-,-,33.77765,-117.89811,ORANGE,GARDEN GROVE,-117.89818075,33.7778148
90631374,2017,2018-01-02,9675,2017-12-29,1500,021322,NA,5,2,7,3019,0,1,1,NA,2,502,I-5 NORTHBOUND,MAIN ST,900,S,N,A,-,Y,NA,NA,5,NA,NA,NA,NA,NA,N,N,4,0,1,2,A,-,03,22350,NA,N,C,C,A,A,H,-,A,D,0,NA,NA,NA,NA,Y,NA,A,01,0,0,1,0,0,0,0,0,0,-,-,33.76309,-117.86437,ORANGE,SANTA ANA,-117.86446415,33.76303413
90632347,2017,2018-01-03,9675,2017-12-31,0910,021272,NA,7,1,6,3015,0,1,1,NA,2,502,I-5 SOUTHBOUND,CHAPMAN AVE,400,S,N,B,-,Y,NA,NA,5,NA,NA,NA,NA,NA,S,Y,2,0,1,2,A,-,07,21658,A,M,B,C,A,A,H,-,A,D,0,NA,NA,NA,NA,Y,NA,A,07,1,0,0,0,0,0,0,0,0,-,-,33.78636,-117.88529,ORANGE,ORANGE,-117.88514066,33.78648348
9063571,2020,2020-07-21,3001,2020-03-03,2003,A1622,D-1,2,5,7,3001,0,0,0,NA,0,D-1,ORANGE AV,WESTERN AV,0,NA,Y,A,-,N,NA,NA,NA,NA,NA,NA,NA,NA,NA,Y,4,0,3,3,D,-,00,NA,NA,N,D,C,A,-,H,-,C,A,0,NA,NA,NA,NA,Y,NA,-,-,0,0,3,0,0,0,0,0,0,-,-,33.82463073730469,-118.0021514892578,ORANGE,ANAHEIM,-118.0021514892578,33.82461929321289
90636019,2018,2018-01-09,9675,2018-01-05,0820,021224,NA,5,1,6,3004,0,1,3,NA,2,553,SR-55 NORTHBOUND,PAULARINO AVE,70,S,N,A,-,Y,NA,NA,55,NA,NA,NA,NA,NA,N,Y,3,0,4,5,A,-,03,22350,NA,N,C,C,A,A,H,-,A,D,0,NA,NA,NA,NA,Y,NA,A,01,0,1,3,0,0,0,0,0,0,-,-,33.681861877441406,-117.87721252441406,ORANGE,COSTA MESA,-117.87736511230467,33.68202209472656
90636085,2018,2018-01-09,9675,2018-01-05,1720,021397,NA,5,2,6,3026,0,1,1,NA,2,407,I-405 NORTHBOUND,SAND CANYON AVE,750,S,N,A,-,Y,NA,NA,405,NA,NA,NA,NA,NA,N,Y,4,0,1,4,A,-,03,22350,NA,N,C,C,A,A,H,-,C,D,0,NA,NA,NA,NA,Y,NA,A,07,0,0,1,0,0,0,0,0,0,-,-,33.6575813293457,-117.77734375,ORANGE,IRVINE,-117.7773666381836,33.65753173828125
90639970,2018,2018-01-16,9675,2018-01-05,1530,021447,NA,5,2,4,3002,0,1,3,NA,2,570,SR-57 SOUTHBOUND,IMPERIAL HIGHWAY,2000,S,N,A,-,Y,NA,NA,NA,NA,NA,NA,NA,NA,NA,Y,4,0,1,3,A,-,03,22350,NA,N,C,C,A,A,H,-,A,D,0,NA,NA,NA,NA,Y,NA,A,08,0,0,1,0,0,0,0,0,0,-,-,33.903568267822266,-117.88107299804688,ORANGE,BREA,-117.88142395019533,33.90571975708008
90642286,2018,2018-01-18,9675,2018-01-08,0230,021874,NA,1,3,6,3026,0,1,1,NA,2,504,I-5 SOUTHBOUND,JEFFREY RD,1500,S,N,B,-,Y,NA,NA,5,NA,NA,NA,NA,NA,S,Y,4,0,1,2,A,-,03,22350,NA,N,C,C,A,B,H,-,D,D,0,NA,NA,NA,NA,Y,NA,A,07,0,0,1,0,0,0,0,0,0,-,-,33.68629837036133,-117.7664031982422,ORANGE,IRVINE,-117.76628112792967,33.686378479003906
90642799,2017,2018-01-18,9670,2017-09-10,0213,021207,NA,7,3,7,3001,0,1,1,NA,2,502,INTERSTATE 5 NORTHBOUND,WEST BROADWAY,386,N,N,A,-,Y,NA,NA,5,NA,NA,NA,NA,NA,N,Y,1,1,0,2,A,-,11,21954,A,N,G,B,E,A,H,-,C,D,0,Y,NA,NA,NA,Y,NA,N,60,0,0,0,1,0,0,0,0,0,-,-,33.83027,-117.92946,ORANGE,ANAHEIM,-117.92952004,33.83020696
9064335,2019,2020-03-18,3026,2019-12-07,1948,604,POTTO,6,5,6,3026,0,0,0,NA,0,00P,JEFFREY,ROOSEVELT,0,NA,Y,A,-,N,NA,NA,NA,NA,NA,NA,NA,NA,NA,Y,4,0,1,2,A,-,00,22101,B,N,D,C,A,A,H,-,C,A,0,NA,NA,NA,NA,Y,NA,A,01,0,0,1,0,0,0,0,0,0,-,-,NA,NA,ORANGE,IRVINE,-117.76492309570313,33.69355010986328
90643563,2018,2018-01-19,9675,2018-01-15,0901,019804,NA,1,1,5,3022,0,1,3,NA,2,551,SR-55 SOUTHBOUND TO 17TH STREET,17TH STREET,250,S,N,A,-,Y,NA,NA,55,NA,NA,NA,R,NA,S,Y,4,0,1,1,A,-,03,22350,NA,N,E,I,A,A,H,-,A,D,0,NA,NA,NA,NA,Y,NA,A,01,0,0,1,0,0,0,0,0,0,-,-,33.75893020629883,-117.8318328857422,ORANGE,TUSTIN,-117.8318328857422,33.75893020629883
90644529,2018,2018-01-22,9670,2018-01-18,0515,012956,NA,4,3,5,3007,0,1,1,NA,2,041,I-405 SOUTHBOUND (SAN DIEGO FREEWAY),WARD STREET,300,S,N,A,-,Y,NA,NA,405,NA,NA,NA,NA,NA,S,Y,4,0,1,1,A,-,03,22350,NA,N,E,I,A,A,H,-,C,D,0,NA,NA,NA,NA,Y,NA,A,01,0,0,1,0,0,0,0,0,0,-,-,33.699378967285156,-117.94470977783205,ORANGE,FOUNTAIN VALLEY,-117.94467163085938,33.69948196411133
90647326,2018,2018-01-25,9675,2018-01-21,2050,021716,NA,7,2,7,3001,0,1,3,NA,2,571,SR-57 SOUTHBOUND,LINCOLN AVE,1300,N,N,A,-,Y,NA,NA,57,NA,NA,NA,NA,NA,S,N,4,0,2,2,A,-,03,22350,NA,N,C,C,A,A,H,-,C,D,0,NA,NA,NA,NA,Y,NA,A,01,0,0,2,0,0,0,0,0,0,-,-,33.84437942504883,-117.8762664794922,ORANGE,ANAHEIM,-117.87621307373048,33.84437942504883
90647410,2018,2018-01-25,9690,2018-01-22,1035,014849,NA,1,1,5,3017,0,1,1,NA,2,059,I-5 N/B (SAN DIEGO FRWY),AVENIDA PICO,85,N,N,A,-,Y,NA,NA,5,NA,NA,NA,NA,NA,N,Y,2,0,4,3,A,-,03,22350,NA,N,C,C,A,A,D,-,A,D,0,NA,NA,NA,NA,Y,NA,A,01,1,0,3,0,0,0,0,0,0,-,-,33.43920135498047,-117.62287139892578,ORANGE,SAN CLEMENTE,-117.62283325195313,33.43926239013672
90647607,2018,2018-01-25,9675,2018-01-18,1950,021690,NA,4,2,7,3001,0,1,3,NA,2,095,SR-91 EASTBOUND,IMPERIAL HIGHWAY,1000,E,N,A,-,Y,NA,NA,91,NA,NA,NA,NA,NA,E,Y,4,0,1,3,A,-,03,22350,NA,N,C,C,A,A,H,-,C,D,0,NA,NA,NA,NA,Y,NA,A,08,0,0,1,0,0,0,0,0,0,-,-,33.86302947998047,-117.77110290527344,ORANGE,ANAHEIM,-117.77117919921876,33.863189697265625
90649266,2018,2018-01-26,9670,2018-01-22,1844,021467,NA,1,2,6,3009,0,1,3,NA,2,024,SR-22 E/B (GARDEN GROVE FWY),HARBOR BLVD,528,E,N,A,-,Y,NA,NA,22,NA,NA,NA,NA,NA,E,N,3,0,1,2,A,-,03,22350,NA,N,C,C,A,A,H,-,C,D,0,NA,NA,NA,NA,Y,NA,A,01,0,1,0,0,0,0,0,0,0,-,-,33.768218994140625,-117.91885375976563,ORANGE,GARDEN GROVE,-117.91887664794922,33.768287658691406