CASE_ID,ACCIDENT_YEAR,PROC_DATE,JURIS,COLLISION_DATE,COLLISION_TIME,OFFICER_ID,REPORTING_DISTRICT,DAY_OF_WEEK,CHP_SHIFT,POPULATION,CNTY_CITY_LOC,SPECIAL_COND,BEAT_TYPE,CHP_BEAT_TYPE,CITY_DIVISION_LAPD,CHP_BEAT_CLASS,BEAT_NUMBER,PRIMARY_RD,SECONDARY_RD,DISTANCE,DIRECTION,INTERSECTION,WEATHER_1,WEATHER_2,STATE_HWY_IND,CALTRANS_COUNTY,CALTRANS_DISTRICT,STATE_ROUTE,ROUTE_SUFFIX,POSTMILE_PREFIX,POSTMILE,LOCATION_TYPE,RAMP_INTERSECTION,SIDE_OF_HWY,TOW_AWAY,COLLISION_SEVERITY,NUMBER_KILLED,NUMBER_INJURED,PARTY_COUNT,PRIMARY_COLL_FACTOR,PCF_CODE_OF_VIOL,PCF_VIOL_CATEGORY,PCF_VIOLATION,PCF_VIOL_SUBSECTION,HIT_AND_RUN,TYPE_OF_COLLISION,MVIW,PED_ACTION,ROAD_SURFACE,ROAD_COND_1,ROAD_COND_2,LIGHTING,CONTROL_DEVICE,CHP_ROAD_TYPE,PEDESTRIAN_ACCIDENT,BICYCLE_ACCIDENT,MOTORCYCLE_ACCIDENT,TRUCK_ACCIDENT,NOT_PRIVATE_PROPERTY,ALCOHOL_INVOLVED,STWD_VEHTYPE_AT_FAULT,CHP_VEHTYPE_AT_FAULT,COUNT_SEVERE_INJ,COUNT_VISIBLE_INJ,COUNT_COMPLAINT_PAIN,COUNT_PED_KILLED,COUNT_PED_INJURED,COUNT_BICYCLIST_KILLED,COUNT_BICYCLIST_INJURED,COUNT_MC_KILLED,COUNT_MC_INJURED,PRIMARY_RAMP,SECONDARY_RAMP,LATITUDE,LONGITUDE,COUNTY,CITY,POINT_X,POINT_Y
91712174,2022,2022-03-01,9675,2022-02-24,2237,018983,NA,4,3,6,3026,0,1,1,NA,2,503,I-5 NORTHBOUND,JAMBOREE ROAD,1584,S,N,A,-,Y,ORA,NA,5,NA,R,27.111,H,NA,R,N,4,0,1,1,C,-,18,NA,NA,N,E,J,A,A,C,-,D,D,0,NA,NA,NA,NA,Y,NA,-,-,0,0,1,0,0,0,0,0,0,-,-,33.71527099609375,-117.7885971069336,ORANGE,IRVINE,-117.7886199951172,33.715248107910156
91712948,2022,2022-03-02,9670,2022-03-01,1543,017022,NA,2,2,6,3009,0,1,3,NA,2,025,SR-22 W/B (GARDEN GROVE FREEWAY),GARDEN GROVE BOULEVARD,100,W,N,A,-,Y,ORA,NA,22,NA,R,8.816,H,NA,L,N,4,0,1,2,A,-,03,22350,NA,N,C,C,A,A,H,-,A,D,0,NA,NA,NA,NA,Y,NA,A,01,0,0,1,0,0,0,0,0,0,-,-,33.77421188354492,-117.90553283691406,ORANGE,GARDEN GROVE,-117.905517578125,33.77419662475586
91714355,2022,2022-03-03,9690,2022-02-24,2205,016430,NA,4,3,9,3000,0,1,3,NA,1,074,SR-74 E/B (ORTEGA HWY),CRISTIANITOS ROAD,2112,W,N,A,-,Y,ORA,NA,74,NA,NA,5.065,H,NA,R,Y,3,0,1,1,A,-,01,23152,A,N,E,J,A,A,H,-,C,D,0,NA,NA,NA,NA,Y,Y,A,01,0,1,0,0,0,0,0,0,0,-,-,33.51369857788086,-117.58071136474608,ORANGE,UNINCORPORATED,-117.58071899414063,33.513790130615234
91717697,2022,2022-03-08,9675,2022-03-01,1705,020699,NA,2,2,7,3001,0,1,3,NA,2,572,SR-57 NORTHBOUND,KATELLA AVE.,1000,S,N,A,-,Y,ORA,NA,57,NA,NA,12.334,H,NA,R,N,4,0,1,2,A,-,03,22350,NA,N,C,C,A,A,H,-,A,D,0,NA,NA,NA,NA,Y,NA,A,01,0,0,1,0,0,0,0,0,0,-,-,33.802940368652344,-117.87944793701172,ORANGE,ANAHEIM,-117.87945556640624,33.80293655395508
91717901,2022,2022-03-08,9675,2022-03-02,0710,016748,NA,3,1,9,3000,0,1,3,NA,2,570,SR-57 NORTHBOUND,TONNER CANYON ROAD,500,N,N,A,-,Y,NA,NA,NA,NA,NA,NA,NA,NA,NA,Y,4,0,1,2,A,-,03,22350,NA,N,C,C,A,A,H,-,A,D,0,NA,NA,NA,NA,Y,NA,A,01,0,0,1,0,0,0,0,0,0,-,-,33.56235122680664,-117.52345275878906,ORANGE,UNINCORPORATED,-117.8769302368164,33.93873977661133
9172222,2020,2020-11-05,3015,2020-10-15,0739,1386,38,4,5,6,3015,0,0,0,NA,0,711M,SANTIAGO CANYON RD,RT 241,155,W,N,A,-,N,NA,NA,NA,NA,NA,NA,NA,NA,NA,N,3,0,1,1,D,-,00,NA,NA,N,H,G,A,A,H,-,A,D,0,NA,Y,NA,NA,Y,NA,-,-,0,1,0,0,0,0,1,0,0,-,NO,NA,NA,ORANGE,ORANGE,-117.74861907958984,33.78116989135742
9172412,2019,2020-12-14,3008,2019-08-24,2359,1526,ZONE2,6,5,6,3008,0,0,0,NA,0,NA,HARBOR BL,RT 91 N,0,NA,Y,A,-,Y,ORA,12,91,-,-,3.502,R,4,W,Y,4,0,1,2,A,-,12,21453,A,N,D,C,A,A,H,-,C,A,0,NA,NA,NA,Y,Y,NA,F,56,0,0,1,0,0,0,0,0,0,-,-,NA,NA,ORANGE,FULLERTON,-117.92005920410156,33.85432434082031
91724302,2022,2022-03-16,9690,2022-03-14,1035,020537,NA,1,1,4,3018,0,1,1,NA,2,057,I-5 N/B (SAN DIEGO FRWY),JUNIPERO SERRA ROAD,3168,N,N,A,-,Y,ORA,NA,5,NA,NA,11.53,H,NA,R,N,4,0,1,2,A,-,03,22350,NA,N,C,C,A,A,H,-,A,D,0,NA,NA,NA,NA,Y,NA,A,01,0,0,1,0,0,0,0,0,0,-,-,33.5283088684082,-117.67069244384766,ORANGE,SAN JUAN CAPISTRANO,-117.67066955566406,33.5283317565918
9172435,2020,2020-11-24,3012,2020-10-21,0010,667,35,3,5,5,3012,0,0,0,NA,0,003,IMPERIAL HWY,BEACH BL,0,NA,Y,A,-,Y,ORA,12,39,-,-,19.168,I,5,N,Y,4,0,1,2,A,-,01,23153,B,N,-,B,B,A,H,-,C,A,0,Y,NA,NA,NA,Y,Y,A,01,0,0,1,0,1,0,0,0,0,-,-,NA,NA,ORANGE,LA HABRA,-117.9682159423828,33.916812896728516
91730204,2022,2022-03-23,9690,2022-03-14,1453,020364,NA,1,2,9,3000,0,2,4,NA,2,037,LIVE OAK CANYON RD,TRABUCO CANYON ROAD,193,S,N,A,-,N,NA,NA,NA,NA,NA,NA,NA,NA,NA,N,3,0,1,1,A,-,03,22350,NA,N,F,A,A,A,H,-,A,D,0,NA,NA,Y,NA,Y,NA,C,02,0,1,0,0,0,0,0,0,1,-,-,33.652950286865234,-117.59944915771484,ORANGE,UNINCORPORATED,-117.60025787353516,33.6533317565918
91734731,2022,2022-03-28,9670,2022-03-25,1550,021459,NA,5,2,7,3001,0,1,1,NA,2,503,I-5 S/B,BROADWAY,200,S,N,A,-,Y,ORA,NA,5,NA,NA,38.613,H,NA,L,Y,4,0,3,2,A,-,03,22350,NA,N,C,C,A,A,H,-,A,D,0,NA,NA,NA,NA,Y,NA,E,22,0,0,3,0,0,0,0,0,0,-,-,33.8291015625,-117.92886352539063,ORANGE,ANAHEIM,-117.92889404296876,33.82907485961914
9173493,2020,2020-11-05,3009,2020-07-26,2150,4663,076,7,5,6,3009,0,0,0,NA,0,013,MAGNOLIA ST,RT 22,0,NA,Y,A,-,N,NA,NA,NA,NA,NA,NA,NA,NA,NA,Y,4,0,1,2,A,-,09,21453,C,F,D,C,A,A,H,-,C,A,0,NA,NA,NA,NA,Y,NA,A,01,0,0,1,0,0,0,0,0,0,-,EO,NA,NA,ORANGE,GARDEN GROVE,-117.97251129150392,33.765968322753906
91735496,2022,2022-03-28,9675,2022-03-22,1430,020031,NA,2,2,5,3022,0,1,1,NA,2,503,I-5 NORTHBOUND,RED HILL AVE,383,N,N,A,-,Y,ORA,NA,5,NA,R,29.196,H,NA,R,N,4,0,1,3,A,-,03,22350,NA,N,C,C,A,A,H,-,A,D,0,NA,NA,NA,NA,Y,NA,A,08,0,0,1,0,0,0,0,0,0,-,-,33.734588623046875,-117.8163833618164,ORANGE,TUSTIN,-117.81644439697266,33.734519958496094
91738643,2022,2022-04-01,9675,2022-03-25,0710,017993,NA,5,1,6,3004,0,1,3,NA,2,553,SR-55 SOUTHBOUND,PAULARINO AVE,100,S,N,A,-,Y,ORA,NA,55,NA,R,5.495,H,NA,L,N,4,0,2,2,A,-,03,22350,NA,N,C,C,A,A,H,-,A,D,0,NA,NA,NA,NA,Y,NA,A,01,0,0,2,0,0,0,0,0,0,-,-,33.68178939819336,-117.8777313232422,ORANGE,COSTA MESA,-117.87774658203124,33.68180465698242
91741089,2022,2022-04-22,9690,2022-03-26,0835,020236,NA,6,1,5,3017,0,1,1,NA,2,059,I-5 S/B (SAN DIEGO FRWY),AVENUE MENDOCINO,1250,N,N,B,-,Y,ORA,NA,5,NA,NA,1.252,H,NA,L,N,3,0,7,2,A,-,03,22350,NA,N,C,C,A,A,H,-,A,D,0,NA,NA,NA,NA,Y,NA,A,01,0,1,6,0,0,0,0,0,0,-,-,33.41315841674805,-117.60227966308594,ORANGE,SAN CLEMENTE,-117.60231018066406,33.41314697265625
91741155,2022,2022-04-05,9675,2022-03-25,1613,021274,NA,5,2,7,3001,0,1,3,NA,2,093,STATE ROUTE 91 E/B,LA PALMA AVE.,160,W,N,A,-,Y,ORA,NA,91,NA,NA,6.387,H,NA,R,N,4,0,2,2,A,-,03,22350,NA,N,C,C,A,A,H,-,A,D,0,NA,NA,NA,NA,Y,NA,A,01,0,0,2,0,0,0,0,0,0,-,-,33.84785842895508,-117.8718490600586,ORANGE,ANAHEIM,-117.87186431884766,33.84783935546875
91741974,2022,2022-04-06,9690,2022-03-31,1640,014765,NA,4,2,4,3045,0,1,1,NA,2,055,I-5 S/B (SAN DIEGO FRWY),ALICIA PARKWAY,1584,N,N,B,-,Y,ORA,NA,5,NA,NA,17.81,H,NA,L,Y,3,0,1,3,A,-,03,22350,NA,N,C,C,A,A,D,-,A,D,0,NA,NA,NA,NA,Y,NA,A,07,0,1,0,0,0,0,0,0,0,-,-,33.607051849365234,-117.69548034667967,ORANGE,LAGUNA HILLS,-117.69544982910156,33.60710525512695
91743023,2022,2022-04-07,9675,2022-03-28,1243,018252,NA,1,1,7,3001,0,1,3,NA,2,572,SR-57 NORTHBOUND,ORANGEWOOD AVE,380,S,N,C,-,Y,ORA,NA,57,NA,NA,11.736,H,NA,R,N,2,0,1,1,A,-,03,22350,NA,N,E,I,A,B,H,-,A,D,0,NA,NA,NA,NA,Y,NA,A,01,1,0,0,0,0,0,0,0,0,-,-,33.79492950439453,-117.87832641601563,ORANGE,ANAHEIM,-117.87810516357422,33.79487609863281
91748126,2022,2022-04-14,9670,2022-04-09,1100,018664,NA,6,1,6,3010,0,1,1,NA,2,042,I-405 N/B,BEACH BOULEVARD,600,S,N,A,-,Y,ORA,NA,405,NA,NA,16.427,H,NA,R,Y,3,0,1,3,A,-,03,22350,NA,N,D,C,A,A,D,E,A,D,0,NA,NA,NA,NA,Y,NA,A,01,0,1,0,0,0,0,0,0,0,-,-,33.731781005859375,-117.98761749267578,ORANGE,HUNTINGTON BEACH,-117.98767852783205,33.731719970703125
91753808,2022,2022-04-21,9675,2022-04-13,0818,018087,NA,3,1,7,3001,0,1,3,NA,2,072,SR-57 SOUTHBOUND,BALL RD.,270,N,N,A,-,Y,ORA,NA,57,NA,NA,13.477,H,NA,L,Y,3,0,1,2,A,-,03,22350,NA,N,B,C,A,A,H,-,A,D,0,NA,NA,Y,NA,Y,NA,A,07,0,1,0,0,0,0,0,0,1,-,-,33.8189811706543,-117.87622833251952,ORANGE,ANAHEIM,-117.87633514404295,33.81898880004883
91754621,2022,2022-04-22,9675,2022-04-14,0830,018027,NA,4,1,6,3004,0,1,1,NA,2,405,I-405 NORTHBOUND,FAIRVIEW RD,100,N,N,A,-,Y,ORA,NA,405,NA,NA,10.826,H,NA,R,Y,3,0,1,1,A,-,16,24002,A,N,F,A,A,A,H,-,A,D,0,NA,NA,NA,Y,Y,NA,F,26,0,1,0,0,0,0,0,0,0,-,-,33.68798828125,-117.90847778320313,ORANGE,COSTA MESA,-117.90847778320313,33.68806838989258
91756769,2022,2022-04-26,9675,2022-04-16,1100,019979,NA,6,1,9,3000,0,2,4,NA,2,034,SANTIAGO CANYON ROAD,LOMA RIDGE RD.,7920,S,N,A,-,N,NA,NA,NA,NA,NA,NA,NA,NA,NA,N,4,0,1,2,A,-,03,22350,NA,N,C,C,A,A,H,-,A,D,0,NA,NA,NA,NA,Y,NA,A,08,0,0,1,0,0,0,0,0,0,-,-,33.767520904541016,-117.72640991210938,ORANGE,UNINCORPORATED,-117.71697235107422,33.76762390136719
91757076,2022,2022-04-26,9690,2022-04-16,0000,022237,NA,6,3,5,3028,0,1,1,NA,2,055,INTERSTATE 5 SOUTHBOUND TO LA PAZ ROAD,LA PAZ ROAD,1056,N,N,A,-,Y,ORA,NA,5,NA,NA,16.729,H,NA,L,Y,4,0,1,3,A,-,08,22107,NA,N,E,J,A,A,D,-,D,D,0,NA,NA,NA,NA,Y,NA,A,07,0,0,1,0,0,0,0,0,0,-,-,33.599151611328125,-117.67938995361328,ORANGE,MISSION VIEJO,-117.6793212890625,33.599273681640625
91757088,2022,2022-04-26,9690,2022-04-18,1100,019319,NA,1,1,5,3028,0,1,1,NA,2,056,I-5 S/B (SAN DIEGO FREEWAY),CROWN VALLEY PARKWAY,2640,N,N,A,-,Y,ORA,NA,5,NA,NA,14.296,H,NA,L,Y,4,0,1,2,A,-,03,22350,NA,M,C,C,A,A,D,-,A,D,0,NA,NA,NA,NA,Y,NA,D,22,0,0,1,0,0,0,0,0,0,-,-,33.56669998168945,-117.6724090576172,ORANGE,MISSION VIEJO,-117.67236328125,33.56669616699219
91763781,2022,2022-05-04,9670,2022-04-28,2025,022737,NA,4,2,4,3020,0,1,1,NA,2,045,I-405 S/B,SR-22 TO 7TH STREET,400,S,N,A,-,Y,ORA,NA,405,NA,NA,23.193,H,NA,L,Y,3,0,1,1,A,-,01,23152,A,N,F,A,A,A,D,E,C,D,0,NA,NA,NA,NA,Y,Y,D,22,0,1,0,0,0,0,0,0,0,-,-,33.774269104003906,-118.08479309082033,ORANGE,SEAL BEACH,-118.08477020263672,33.7744026184082
91764141,2022,2022-05-04,9675,2022-04-24,1519,021633,NA,7,2,7,3019,0,1,1,NA,2,502,I-5 NORTHBOUND,MAIN ST.,1700,S,N,A,-,Y,ORA,NA,5,NA,NA,32.842,H,NA,R,N,4,0,2,3,A,-,03,22350,NA,N,C,C,A,A,H,-,A,D,0,NA,NA,NA,NA,Y,NA,A,01,0,0,2,0,0,0,0,0,0,-,-,33.76435852050781,-117.8652114868164,ORANGE,SANTA ANA,-117.86524200439452,33.764347076416016
91764776,2022,2022-05-04,9675,2022-04-27,0940,019979,NA,3,1,7,3019,0,1,1,NA,2,502,I-5 SOUTHBOUND,17TH ST.,800,N,N,A,-,Y,ORA,NA,5,NA,NA,32.733,H,NA,L,N,4,0,2,4,A,-,03,22350,NA,N,C,C,A,A,H,-,A,D,0,NA,NA,NA,NA,Y,NA,A,08,0,0,2,0,0,0,0,0,0,-,-,33.76308059692383,-117.86485290527344,ORANGE,SANTA ANA,-117.86490631103516,33.763057708740234
9176590,2020,2020-12-28,3022,2020-10-25,1140,1358,NA,7,5,5,3022,0,0,0,NA,0,NA,TUSTIN VILLAGE WY,MC FADDEN AV,0,NA,Y,A,-,N,NA,NA,NA,NA,NA,NA,NA,NA,NA,NA,4,0,2,2,A,-,01,23152,F,N,D,C,A,A,H,-,A,A,0,NA,NA,NA,NA,Y,NA,A,01,0,0,2,0,0,0,0,0,0,-,-,33.73379135131836,-117.93588256835938,ORANGE,TUSTIN,-117.83587646484376,33.73381042480469
91767654,2022,2022-05-09,9670,2022-05-08,0518,016793,NA,7,3,6,3009,0,1,3,NA,2,025,SR-22 W/B (GARDEN GROVE FREEWAY),GARDEN GROVE BLVD. (UNDERCROSSING),300,W,N,B,-,Y,ORA,NA,22,NA,R,8.748,H,NA,L,N,4,0,1,2,A,-,03,22350,NA,N,C,C,A,A,H,-,D,D,0,NA,NA,NA,NA,Y,NA,A,01,0,0,1,0,0,0,0,0,0,-,-,33.77384948730469,-117.90643310546876,ORANGE,GARDEN GROVE,-117.90636444091795,33.77376174926758
91769908,2022,2022-05-11,9675,2022-05-04,1650,019018,NA,3,2,6,3015,0,1,3,NA,2,550,SR-55 NORTHBOUND,KATELLA AVENUE,100,N,N,A,-,Y,ORA,NA,55,NA,NA,15.428,H,NA,R,Y,4,0,1,3,A,-,03,22350,NA,N,C,C,A,A,H,-,A,D,0,NA,NA,NA,NA,Y,NA,A,01,0,0,1,0,0,0,0,0,0,-,-,33.81269836425781,-117.83171081542967,ORANGE,ORANGE,-117.83185577392578,33.81269836425781
91771457,2022,2022-05-13,9675,2022-05-05,1427,019938,NA,4,2,5,3022,0,1,3,NA,2,551,SR-55 NORTHBOUND,FAIRHAVEN AVENUE,1000,S,N,A,-,Y,NA,NA,NA,NA,NA,NA,NA,NA,NA,Y,4,0,1,4,A,-,03,22350,NA,N,C,C,A,A,H,-,A,D,0,NA,NA,NA,NA,Y,NA,D,22,0,0,1,0,0,0,0,0,0,-,-,33.461368560791016,-117.49510955810548,ORANGE,TUSTIN,-117.83081817626952,33.77054977416992
91776566,2022,2022-05-20,9675,2022-05-14,0150,022052,NA,6,3,6,3026,0,1,1,NA,2,504,I-5 SOUTHBOUND,JEFFREY RD,100,S,N,A,-,Y,ORA,NA,5,NA,R,24.955,H,NA,L,Y,3,0,1,2,A,-,01,23152,A,N,C,C,A,A,H,-,C,D,0,NA,NA,NA,NA,Y,Y,A,01,0,1,0,0,0,0,0,0,0,-,-,33.689369201660156,-117.768310546875,ORANGE,IRVINE,-117.76823425292967,33.68940734863281
9177794,2020,2021-01-11,3026,2020-10-12,1645,555,UNIVE,1,5,6,3026,0,0,0,NA,0,001,MAIN ST,GILLETTE AV,40,E,N,A,-,N,NA,NA,NA,NA,NA,NA,NA,NA,NA,N,4,0,1,2,A,-,03,22350,NA,M,C,C,A,A,H,-,A,A,0,NA,NA,NA,NA,Y,NA,-,99,0,0,1,0,0,0,0,0,0,-,-,33.684791564941406,-117.85024261474608,ORANGE,IRVINE,-117.85004425048828,33.6845588684082
91781564,2022,2022-05-26,9675,2022-05-18,1422,018102,NA,3,2,6,3026,0,1,1,NA,2,503,I-5 NORTHBOUND,CULVER DRIVE,700,S,N,A,-,Y,ORA,NA,5,NA,R,26.158,H,NA,R,Y,3,0,4,3,A,-,03,22350,NA,N,C,C,A,A,H,-,A,D,0,NA,NA,NA,NA,Y,NA,A,01,0,1,3,0,0,0,0,0,0,-,-,33.70486831665039,-117.77790832519533,ORANGE,IRVINE,-117.77793884277344,33.704856872558594
91782778,2022,2022-05-27,9675,2022-05-14,1714,021633,NA,6,2,7,3001,0,1,3,NA,2,095,SR-91 EASTBOUND,WEIR CANYON RD.,520,E,N,A,-,Y,ORA,NA,91,NA,R,14.571,H,NA,R,Y,3,0,3,2,A,-,03,22350,NA,N,C,C,A,A,H,-,A,D,0,NA,NA,NA,NA,Y,NA,A,01,0,2,1,0,0,0,0,0,0,-,-,33.87057876586914,-117.74239349365234,ORANGE,ANAHEIM,-117.7423858642578,33.870567321777344
91782979,2022,2022-05-27,9690,2022-05-17,1400,020066,NA,2,2,4,3045,0,1,1,NA,2,055,I-5 S/B,EL TORO ROAD,2640,S,N,A,-,Y,ORA,NA,5,NA,NA,18.242,H,NA,L,N,3,0,1,2,A,-,03,22350,NA,N,C,C,A,A,D,-,A,D,0,NA,NA,NA,NA,Y,NA,A,01,0,1,0,0,0,0,0,0,0,-,-,33.610008239746094,-117.70207977294922,ORANGE,LAGUNA HILLS,-117.70203399658205,33.61006164550781
91783181,2022,2022-05-27,9670,2022-05-25,0720,022455,NA,3,1,7,3001,0,1,3,NA,2,094,SR-91 E/B,BROOKHURST RD,500,W,N,A,-,Y,ORA,NA,91,NA,NA,1.141,H,NA,R,Y,4,0,1,3,A,-,07,21658,A,M,B,C,A,A,H,-,A,D,0,NA,NA,Y,NA,Y,NA,-,99,0,0,1,0,0,0,0,0,1,-,-,33.853858947753906,-117.96103668212892,ORANGE,ANAHEIM,-117.96103668212892,33.853824615478516
91784580,2022,2022-05-31,9670,2022-05-21,0832,019138,NA,6,1,9,3000,0,3,5,NA,2,005,BOLSA AVE (7800 BLOCK),PACIFIC ST.,470,W,N,B,-,N,NA,NA,NA,NA,NA,NA,NA,NA,NA,Y,3,0,1,2,A,-,09,21804,A,N,D,C,A,A,H,-,A,D,0,NA,NA,Y,NA,Y,NA,A,07,0,1,0,0,0,0,0,0,1,-,-,33.744720458984375,-117.9931869506836,ORANGE,UNINCORPORATED,-117.99303436279295,33.74470138549805
91786786,2022,2022-06-02,9675,2022-05-25,0640,019518,NA,3,1,6,3015,0,3,5,NA,2,001,EARLHAM STREET,CHAPMAN AVENUE,0,NA,Y,A,-,N,NA,NA,NA,NA,NA,NA,NA,NA,NA,N,4,0,1,2,A,-,09,21802,A,N,D,C,A,A,H,-,A,A,0,NA,NA,NA,NA,Y,NA,D,22,0,0,1,0,0,0,0,0,0,-,-,33.7877197265625,-117.80789947509766,ORANGE,ORANGE,-117.80791473388672,33.78776550292969
91787022,2022,2022-06-02,9675,2022-05-21,2240,022283,NA,6,3,7,3019,0,1,1,NA,2,503,I-5 SOUTHBOUND,FIRST STREET,200,S,N,B,-,Y,ORA,NA,5,NA,NA,30.854,H,NA,L,Y,3,0,1,3,A,-,01,23152,A,N,B,C,A,A,H,-,C,D,0,NA,NA,NA,NA,Y,Y,A,01,0,1,0,0,0,0,0,0,0,-,-,33.74496078491211,-117.84224700927734,ORANGE,SANTA ANA,-117.84220123291016,33.7449836730957
91787657,2022,2022-06-03,9670,2022-05-26,1330,019290,NA,4,1,7,3001,0,1,3,NA,2,094,SR-91 E/B,BROOKHURST STREET,1584,W,N,A,-,Y,ORA,NA,91,NA,NA,0.793,H,NA,R,N,4,0,1,3,A,-,03,22350,NA,N,C,C,A,A,B,-,A,D,0,NA,NA,NA,NA,Y,NA,D,22,0,0,1,0,0,0,0,0,0,-,-,33.854270935058594,-117.96697998046876,ORANGE,ANAHEIM,-117.96698760986328,33.85425567626953
91789761,2022,2022-06-07,9675,2022-05-27,1707,021274,NA,5,2,7,3001,0,1,3,NA,2,093,STATE ROUTE 91 EASTBOUND,TUSTIN AVENUE,1020,W,N,A,-,Y,ORA,NA,91,NA,NA,8.193,H,NA,R,Y,3,0,1,2,A,-,03,22350,NA,N,C,C,A,A,H,-,A,D,0,NA,NA,NA,NA,Y,NA,A,07,0,1,0,0,0,0,0,0,0,-,-,33.85131072998047,-117.84153747558594,ORANGE,ANAHEIM,-117.84153747558594,33.85131072998047
91789926,2022,2022-06-07,9670,2022-06-01,1543,020860,NA,3,2,5,3003,0,1,1,NA,2,500,I-5 N/B,STANTON AVENUE,500,N,N,A,-,Y,ORA,NA,5,NA,NA,43.204,H,NA,R,N,3,0,1,2,A,-,03,22350,NA,N,C,C,A,A,H,-,A,D,0,NA,NA,NA,NA,Y,NA,A,01,0,1,0,0,0,0,0,0,0,-,-,33.86466979980469,-117.99497222900392,ORANGE,BUENA PARK,-117.99486541748048,33.86480712890625
91790322,2022,2022-06-07,9670,2022-06-03,1535,022493,NA,5,2,3,3013,0,1,1,NA,2,061,I-605 S/B (SAN GABRIEL RIVER FREEWAY) TO I-405 S/B,WILLOW ST,6177,S,N,A,-,Y,ORA,NA,605,NA,R,0.201,H,NA,L,N,4,0,1,2,A,-,03,22350,NA,N,C,C,A,A,H,-,A,D,0,NA,NA,NA,NA,Y,NA,A,01,0,0,1,0,0,0,0,0,0,-,-,33.7871208190918,-118.09033966064452,ORANGE,LOS ALAMITOS,-118.09040832519533,33.78714370727539
91793874,2022,2022-06-13,9690,2022-05-29,1258,020182,NA,7,1,5,3028,0,1,1,NA,2,056,I-5 N/B (SAN DIEGO FRWY),CROWN VALLEY PARKWAY,2015,N,N,A,-,Y,ORA,NA,5,NA,NA,14.169,H,NA,R,N,3,0,1,2,A,-,03,22350,NA,N,C,C,A,A,D,-,A,D,0,NA,NA,Y,NA,Y,NA,C,02,0,1,0,0,0,0,0,0,1,-,-,33.564918518066406,-117.67243957519533,ORANGE,MISSION VIEJO,-117.67230987548828,33.56490707397461
91793983,2022,2022-06-13,9690,2022-06-08,1450,016493,NA,3,2,5,3028,0,1,1,NA,2,056,I-5 S/B (SAN DIEGO FRWY),OSO CREEK,1500,S,N,A,-,Y,ORA,NA,5,NA,NA,14.639,H,NA,L,Y,3,0,1,4,A,-,03,22350,NA,N,C,C,A,A,D,-,A,D,0,NA,NA,NA,NA,Y,NA,A,08,0,1,0,0,0,0,0,0,0,-,-,33.571678161621094,-117.6720733642578,ORANGE,MISSION VIEJO,-117.67204284667967,33.571678161621094
91794580,2022,2022-06-14,9670,2022-06-09,1800,017951,NA,4,2,5,3007,0,1,1,NA,2,400,I-405 NORTHBOUND (SAN DIEGO FREEWAY),BROOKHURST STREET,330,N,N,A,-,Y,ORA,NA,405,NA,NA,13.862,H,NA,R,Y,4,0,2,2,A,-,03,22349,A,N,C,C,A,A,H,-,A,D,0,NA,NA,NA,NA,Y,NA,A,01,0,0,2,0,0,0,0,0,0,-,-,33.70621871948242,-117.95536041259766,ORANGE,FOUNTAIN VALLEY,-117.95531463623048,33.70625686645508
9179663,2020,2020-11-13,3008,2020-08-11,2038,1618,ZONE1,2,5,6,3008,0,0,0,NA,0,NA,ORANGETHORPE AV,BROOKHURST RD,888,W,N,A,-,N,NA,NA,NA,NA,NA,NA,NA,NA,NA,Y,2,0,1,2,A,-,11,21954,A,N,G,B,C,A,H,-,C,D,0,Y,NA,NA,NA,Y,Y,N,60,1,0,0,0,1,0,0,0,0,WO,-,NA,NA,ORANGE,FULLERTON,-117.96222686767578,33.85918045043945
91798829,2022,2022-06-20,9670,2022-06-16,0920,019502,NA,4,1,3,3006,0,1,3,NA,2,092,SR-91 E/B TO ORANGETHORPE AVENUE,ORANGETHORPE AVENUE,2,W,N,B,-,Y,NA,NA,NA,NA,NA,NA,NA,NA,NA,N,3,0,1,2,A,-,05,21650,NA,N,D,G,A,A,H,-,A,A,0,NA,Y,NA,NA,Y,NA,M,91,0,1,0,0,0,0,1,0,0,-,-,33.858848571777344,-118.03556060791016,ORANGE,LA PALMA,-118.03556060791016,33.858848571777344