CASE_ID,ACCIDENT_YEAR,PROC_DATE,JURIS,COLLISION_DATE,COLLISION_TIME,OFFICER_ID,REPORTING_DISTRICT,DAY_OF_WEEK,CHP_SHIFT,POPULATION,CNTY_CITY_LOC,SPECIAL_COND,BEAT_TYPE,CHP_BEAT_TYPE,CITY_DIVISION_LAPD,CHP_BEAT_CLASS,BEAT_NUMBER,PRIMARY_RD,SECONDARY_RD,DISTANCE,DIRECTION,INTERSECTION,WEATHER_1,WEATHER_2,STATE_HWY_IND,CALTRANS_COUNTY,CALTRANS_DISTRICT,STATE_ROUTE,ROUTE_SUFFIX,POSTMILE_PREFIX,POSTMILE,LOCATION_TYPE,RAMP_INTERSECTION,SIDE_OF_HWY,TOW_AWAY,COLLISION_SEVERITY,NUMBER_KILLED,NUMBER_INJURED,PARTY_COUNT,PRIMARY_COLL_FACTOR,PCF_CODE_OF_VIOL,PCF_VIOL_CATEGORY,PCF_VIOLATION,PCF_VIOL_SUBSECTION,HIT_AND_RUN,TYPE_OF_COLLISION,MVIW,PED_ACTION,ROAD_SURFACE,ROAD_COND_1,ROAD_COND_2,LIGHTING,CONTROL_DEVICE,CHP_ROAD_TYPE,PEDESTRIAN_ACCIDENT,BICYCLE_ACCIDENT,MOTORCYCLE_ACCIDENT,TRUCK_ACCIDENT,NOT_PRIVATE_PROPERTY,ALCOHOL_INVOLVED,STWD_VEHTYPE_AT_FAULT,CHP_VEHTYPE_AT_FAULT,COUNT_SEVERE_INJ,COUNT_VISIBLE_INJ,COUNT_COMPLAINT_PAIN,COUNT_PED_KILLED,COUNT_PED_INJURED,COUNT_BICYCLIST_KILLED,COUNT_BICYCLIST_INJURED,COUNT_MC_KILLED,COUNT_MC_INJURED,PRIMARY_RAMP,SECONDARY_RAMP,LATITUDE,LONGITUDE,COUNTY,CITY,POINT_X,POINT_Y
91799088,2022,2022-06-20,9675,2022-06-14,0515,020131,NA,2,3,5,3022,0,1,1,NA,2,530,I-5 SOUTHBOUND,TUSTIN RANCH RD,150,S,N,B,-,Y,ORA,NA,5,NA,NA,28.195,H,NA,L,N,3,0,4,2,A,-,07,21658,A,N,C,C,A,A,H,-,B,D,0,NA,NA,NA,NA,Y,NA,A,07,0,1,3,0,0,0,0,0,0,-,-,33.72500991821289,-117.80326080322266,ORANGE,TUSTIN,-117.80326080322266,33.725006103515625
91801176,2022,2022-06-22,9675,2022-06-10,0202,022058,NA,5,3,7,3001,0,1,3,NA,2,095,SR-91 WESTBOUND,GYPSUM CANYON RD,1050,E,N,A,-,Y,ORA,NA,91,NA,R,16.739,H,NA,L,Y,3,0,1,1,A,-,01,23152,A,N,E,I,A,A,H,-,C,A,0,NA,NA,NA,NA,Y,Y,A,07,0,1,0,0,0,0,0,0,0,-,-,33.86919021606445,-117.70661163330078,ORANGE,ANAHEIM,-117.70667266845705,33.869285583496094
91804156,2022,2022-06-27,9670,2022-06-25,0325,021467,NA,6,3,6,3009,0,1,3,NA,2,024,SR-22 E/B,BROOKHURST ST,1056,E,N,A,-,Y,ORA,NA,22,NA,R,6.029,H,NA,R,Y,3,0,1,1,A,-,08,22107,NA,N,E,I,A,A,H,-,C,D,0,NA,NA,NA,NA,Y,NA,A,07,0,1,0,0,0,0,0,0,0,-,-,33.765708923339844,-117.95140075683594,ORANGE,GARDEN GROVE,-117.95140075683594,33.765838623046875
91806090,2022,2022-06-29,9690,2022-06-18,0320,022016,NA,6,3,5,3028,0,1,1,NA,2,056,I-5 N/B (SAN DIEGO FRWY),LA PAZ RD.,1056,N,N,A,-,Y,ORA,NA,5,NA,NA,17.012,H,NA,R,Y,2,0,1,1,A,-,01,23152,A,N,E,I,A,A,D,-,C,D,0,NA,NA,NA,NA,Y,Y,A,07,1,0,0,0,0,0,0,0,0,-,-,33.60115051269531,-117.68367767333984,ORANGE,MISSION VIEJO,-117.68365478515624,33.60118865966797
91806740,2022,2022-07-27,9690,2022-06-22,1727,016638,NA,3,2,4,3018,0,1,1,NA,2,057,I-5 S/B (SAN DIEGO FRWY),ORTEGA HIGHWAY,1056,N,N,A,-,Y,NA,NA,NA,NA,NA,NA,NA,NA,NA,Y,4,0,1,6,A,-,03,22350,NA,N,C,C,A,A,H,-,A,D,0,NA,NA,NA,NA,Y,NA,A,07,0,0,1,0,0,0,0,0,0,-,-,33.300209045410156,-117.39350128173828,ORANGE,SAN JUAN CAPISTRANO,-117.65933227539063,33.50522232055664
91806823,2022,2022-06-30,9690,2022-06-23,2035,020038,NA,4,2,9,3000,0,1,3,NA,1,074,SR-74 (ORTEGA HWY),REATA RD,1056,W,N,A,-,Y,ORA,NA,74,NA,NA,1.918,H,NA,R,N,2,0,1,1,A,-,03,22350,NA,N,F,A,A,A,H,-,D,D,0,NA,NA,Y,NA,Y,NA,C,03,1,0,0,0,0,0,0,0,1,-,-,33.516578674316406,-117.63043975830078,ORANGE,UNINCORPORATED,-117.63040924072266,33.51655197143555
91806830,2022,2022-06-30,9690,2022-06-23,2150,016638,NA,4,2,9,3000,0,1,3,NA,2,072,RT 73,LAGUNA CANYON ROAD,1584,N,N,A,-,Y,NA,NA,NA,NA,NA,NA,NA,NA,NA,Y,3,0,1,1,C,-,18,NA,NA,N,B,H,A,A,H,-,D,D,0,NA,NA,NA,NA,Y,NA,-,-,0,1,0,0,0,0,0,0,0,-,-,33.3531608581543,-117.45349884033205,ORANGE,UNINCORPORATED,-117.76368713378906,33.59471130371094
91807306,2022,2022-06-30,9690,2022-06-28,1320,020236,NA,2,1,5,3028,0,1,1,NA,2,056,I-5 S/B TO CROWN VALLEY PKWY,CROWN VALLEY PARKWAY,860,N,N,A,-,Y,ORA,NA,5,NA,NA,14.062,H,NA,L,N,4,0,1,3,A,-,03,22350,NA,N,C,C,A,A,H,-,A,D,0,NA,NA,NA,NA,Y,NA,A,01,0,0,1,0,0,0,0,0,0,-,-,33.56330871582031,-117.67281341552734,ORANGE,MISSION VIEJO,-117.67279815673828,33.56330871582031
9180946,2020,2021-01-05,3015,2020-10-22,1059,1515,RD64,4,5,6,3015,0,0,0,NA,0,732M,PROSPECT ST,SPRING ST S,0,NA,Y,A,-,N,NA,NA,NA,NA,NA,NA,NA,NA,NA,Y,4,0,1,2,A,-,12,21453,A,N,D,C,A,A,H,-,A,A,0,NA,NA,NA,NA,Y,NA,A,01,0,0,1,0,0,0,0,0,0,-,-,33.79138946533203,-117.81822204589844,ORANGE,ORANGE,-117.8183822631836,33.791481018066406
91810287,2022,2022-07-05,9675,2022-06-24,1900,021982,NA,5,2,6,3015,0,1,3,NA,2,550,SR-55 NORTHBOUND,CHAPMAN AVE,2000,N,N,A,-,Y,NA,NA,NA,NA,NA,NA,NA,NA,NA,N,4,0,1,2,A,-,03,22350,NA,N,C,C,A,A,H,-,A,D,0,NA,NA,NA,NA,Y,NA,A,01,0,0,1,0,0,0,0,0,0,-,-,33.768028259277344,-117.83778381347656,ORANGE,ORANGE,-117.83084106445313,33.78792953491211
91811205,2022,2022-07-06,9670,2022-06-30,1300,016454,NA,4,1,6,3009,0,1,3,NA,2,021,SR-22 W/B,SPRINGDALE STREET,1000,W,N,A,-,Y,ORA,NA,22,NA,R,1.439,H,NA,L,Y,3,0,2,3,A,-,03,22350,NA,N,C,C,A,A,H,-,A,D,0,NA,NA,NA,NA,Y,NA,D,22,0,1,1,0,0,0,0,0,0,-,-,33.77442932128906,-118.02870178222656,ORANGE,GARDEN GROVE,-118.02870178222656,33.7744140625
91811415,2022,2022-07-06,9675,2022-06-27,2250,021225,NA,1,3,9,3000,0,3,5,NA,2,002,EL CAMINO LANE,NEWPORT AVENUE,189,E,N,A,-,N,NA,NA,NA,NA,NA,NA,NA,NA,NA,N,3,0,1,1,A,-,08,22107,NA,N,E,I,A,A,H,-,C,D,0,NA,NA,NA,NA,Y,NA,D,22,0,1,0,0,0,0,0,0,0,-,-,33.75825119018555,-117.80142974853516,ORANGE,UNINCORPORATED,-117.80155181884766,33.75832748413086
91812228,2022,2022-07-07,9675,2022-06-29,0915,018027,NA,3,1,9,3000,0,1,3,NA,2,241,SR-241 NORTHBOUND,SANTIAGO CANYON ROAD,500,S,N,A,-,Y,ORA,NA,241,NA,NA,31.81,H,NA,R,Y,4,0,1,2,A,-,03,22350,NA,N,C,C,A,A,H,-,A,D,0,NA,NA,NA,NA,Y,NA,A,01,0,0,1,0,0,0,0,0,0,-,-,33.773128509521484,-117.7431411743164,ORANGE,UNINCORPORATED,-117.7432098388672,33.77306365966797
91812670,2022,2022-08-16,9675,2022-06-28,1910,019018,NA,2,2,9,3000,0,2,4,NA,2,034,SANTIAGON CANYON ROAD S/B,HUAL ROAD,1500,S,N,A,-,N,NA,NA,NA,NA,NA,NA,NA,NA,NA,Y,2,0,1,1,A,-,06,21750,A,N,F,A,A,A,A,-,B,D,0,NA,NA,Y,NA,Y,NA,C,02,1,0,0,0,0,0,0,0,1,-,-,33.7616081237793,-117.70738220214844,ORANGE,UNINCORPORATED,NA,NA
91812677,2022,2022-07-08,9670,2022-06-30,0645,018664,NA,4,1,5,3007,0,1,1,NA,2,052,I-405 N/B TO BROOKHURST,BROOKHURST ST,328,S,N,B,-,Y,NA,NA,NA,NA,NA,NA,NA,NA,NA,Y,4,0,1,1,A,-,03,22350,NA,N,E,I,A,A,D,-,A,D,0,NA,NA,NA,NA,Y,NA,A,01,0,0,1,0,0,0,0,0,0,-,-,33.70587921142578,-117.95337677001952,ORANGE,FOUNTAIN VALLEY,-117.95337677001952,33.70587921142578
9181354,2020,2020-12-02,3005,2020-10-27,2252,8041,C16,2,5,4,3005,0,0,0,NA,0,003,VALLEY VIEW ST,ORANGE AV,64,N,N,A,-,N,NA,NA,NA,NA,NA,NA,NA,NA,NA,Y,3,0,1,2,D,-,00,NA,NA,N,C,C,A,A,H,-,E,A,0,NA,NA,NA,NA,Y,NA,-,-,0,1,0,0,0,0,0,0,0,-,-,NA,NA,ORANGE,CYPRESS,-118.02838897705078,33.824615478515625
91819615,2022,2022-07-18,9675,2022-07-08,1434,019779,NA,5,2,5,3022,0,1,3,NA,2,551,SR-55 NORTHBOUND,W FIRST ST,475,S,N,A,-,Y,ORA,NA,55,NA,NA,10.698,H,NA,R,N,4,0,1,2,A,-,03,22350,NA,N,C,C,A,A,H,-,A,D,0,NA,NA,NA,NA,Y,NA,A,01,0,0,1,0,0,0,0,0,0,-,-,33.744300842285156,-117.83345794677734,ORANGE,TUSTIN,-117.83344268798828,33.74429702758789
91821363,2022,2022-07-20,9690,2022-07-12,1645,014765,NA,2,2,4,3045,0,1,1,NA,2,055,I-5 S/B (SAN DIEGO FRWY),LAKE FOREST DRIVE,2112,S,N,A,-,Y,ORA,NA,5,NA,NA,19.475,H,NA,R,Y,3,0,2,4,A,-,07,21658,A,N,B,C,A,A,H,-,A,D,0,NA,NA,NA,NA,Y,NA,A,01,0,1,1,0,0,0,0,0,0,-,-,33.62356948852539,-117.71591186523438,ORANGE,LAGUNA HILLS,-117.71588134765624,33.62358856201172
9182159,2020,2020-12-03,3004,2020-10-14,1943,P648,17,3,5,6,3004,0,0,0,NA,0,010,W BAKER ST,BEAR ST,210,E,N,A,-,N,NA,NA,NA,NA,NA,NA,NA,NA,NA,Y,3,0,1,1,A,-,03,22350,NA,N,F,A,A,A,H,-,C,A,0,NA,NA,Y,NA,Y,NA,C,02,0,1,0,0,0,0,0,0,1,-,-,33.68000030517578,-117.8936004638672,ORANGE,COSTA MESA,-117.8938217163086,33.68008041381836
91822601,2022,2022-07-21,9675,2022-07-12,0510,017993,NA,2,3,7,3001,0,1,3,NA,2,094,SR-91 WESTBOUND,IMPERIAL HWY,1200,W,N,A,-,Y,ORA,NA,91,NA,R,11.353,H,NA,L,Y,4,0,1,3,A,-,03,22350,NA,M,C,C,A,A,H,-,A,D,0,NA,NA,NA,NA,Y,NA,A,01,0,0,1,0,0,0,0,0,0,-,-,33.854469299316406,-117.7946319580078,ORANGE,ANAHEIM,-117.7946319580078,33.85438919067383
9182274,2020,2020-11-20,3001,2020-09-20,1640,A2110,D 2,7,5,7,3001,0,0,0,NA,0,D 2,SANTA ANA ST,LEMON ST,0,NA,Y,A,-,N,NA,NA,NA,NA,NA,NA,NA,NA,NA,Y,4,0,1,2,A,-,09,21800,A,N,D,C,A,A,H,-,A,A,0,NA,NA,NA,NA,Y,NA,A,01,0,0,1,0,0,0,0,0,0,-,-,33.8294792175293,-117.91423034667967,ORANGE,ANAHEIM,-117.91439819335938,33.83066940307617
9182283,2020,2020-11-20,3001,2020-09-10,2244,A2425,D4,4,5,7,3001,0,0,0,NA,0,0D4,NOHL RANCH RD,RURAL RIDGE DR,161,E,N,A,-,N,NA,NA,NA,NA,NA,NA,NA,NA,NA,N,3,0,1,1,A,-,08,22107,NA,N,E,I,A,A,H,-,C,D,0,NA,NA,NA,NA,Y,NA,A,01,0,1,0,0,0,0,0,0,0,-,-,33.84429931640625,-117.79997253417967,ORANGE,ANAHEIM,-117.79932403564452,33.84427261352539
91825319,2022,2022-07-26,9675,2022-07-17,1050,019394,NA,7,1,7,3001,0,1,3,NA,2,094,SR-91 WESTBOUND,WEIR CANYON RD.,6000,W,N,A,-,Y,ORA,NA,91,NA,R,13.124,H,NA,L,N,4,0,1,2,A,-,03,22350,NA,N,C,C,A,A,H,-,A,D,0,NA,NA,NA,NA,Y,NA,A,01,0,0,1,0,0,0,0,0,0,-,-,33.86592102050781,-117.7663803100586,ORANGE,ANAHEIM,-117.76634979248048,33.86587142944336
91825577,2021,2022-07-26,9675,2021-06-10,1735,019938,NA,4,2,6,3026,0,1,3,NA,2,130,STATE ROUTE 133 NORTHBOUND,GREAT PARK BOULEVARD,588,S,N,A,-,Y,NA,NA,133,NA,NA,NA,NA,NA,N,Y,1,1,2,2,A,-,01,23152,A,N,A,C,A,A,H,-,A,D,0,NA,NA,NA,NA,Y,Y,A,01,0,2,0,0,0,0,0,0,0,-,-,33.68230056762695,-117.74771881103516,ORANGE,IRVINE,-117.74771881103516,33.68229675292969
9183063,2019,2020-11-25,3008,2019-09-11,1137,1330,ZONE3,3,5,6,3008,0,0,0,NA,0,NA,STATE COLLEGE BL,RANCH RD,1584,N,N,A,-,N,NA,NA,NA,NA,NA,NA,NA,NA,NA,Y,4,0,1,2,A,-,09,21802,A,N,D,C,A,A,H,-,A,A,0,NA,NA,NA,NA,Y,NA,A,01,0,0,1,0,0,0,0,0,0,-,-,NA,NA,ORANGE,FULLERTON,-117.89028930664063,33.888893127441406
91831118,2022,2022-08-02,9670,2022-08-01,1423,017022,NA,1,2,5,3024,0,1,1,NA,2,042,I-405 N/B (SAN DIEGO FREEWAY),GOLDENWEST STREET,2000,N,N,A,-,Y,ORA,NA,405,NA,NA,18.364,H,NA,R,Y,4,0,1,1,A,-,08,22107,NA,N,E,J,A,A,D,E,A,D,0,NA,NA,NA,NA,Y,NA,A,07,0,0,1,0,0,0,0,0,0,-,-,33.750911712646484,-118.01206207275392,ORANGE,WESTMINSTER,-118.0120849609375,33.750892639160156
91831308,2022,2022-08-02,9670,2022-07-29,1630,022737,NA,5,2,5,3007,0,1,1,NA,2,040,I-405 (SAN DIEGO FWY) N/B,BUSHARD STREET,500,S,N,A,-,Y,ORA,NA,405,NA,NA,14.415,H,NA,R,Y,4,0,1,2,A,-,03,22350,NA,N,C,C,A,A,D,E,A,D,0,NA,NA,NA,NA,Y,NA,A,07,0,0,1,0,0,0,0,0,0,-,-,33.71194076538086,-117.96212005615234,ORANGE,FOUNTAIN VALLEY,-117.96208953857422,33.71196365356445
91833963,2022,2022-08-05,9670,2022-07-28,1800,019304,NA,4,2,6,3009,0,1,3,NA,2,022,SR-22 E/B,EUCLID ST,600,W,N,A,-,Y,ORA,NA,22,NA,R,6.555,H,NA,R,Y,2,0,1,5,A,-,08,22107,NA,N,B,C,A,A,H,-,A,D,0,NA,NA,Y,NA,Y,NA,A,07,1,0,0,0,0,0,0,0,1,-,-,33.76591873168945,-117.94251251220705,ORANGE,GARDEN GROVE,-117.94251251220705,33.76591110229492
91834109,2022,2022-08-05,9690,2022-08-01,1100,014351,NA,1,1,4,3018,0,1,1,NA,2,057,I-5 S/B (SAN DIEGO FRWY),CAMINO CAPISTRANO,175,S,N,A,-,Y,ORA,NA,5,NA,NA,8.663,H,NA,L,N,4,0,1,1,C,-,18,NA,NA,N,E,I,A,A,H,-,A,D,0,NA,NA,NA,NA,Y,NA,-,-,0,0,1,0,0,0,0,0,0,-,-,33.48992156982422,-117.6636962890625,ORANGE,SAN JUAN CAPISTRANO,-117.66344451904295,33.48978805541992
9183607,2020,2021-01-27,3015,2020-11-23,0418,1539,67N,1,5,6,3015,0,0,0,NA,0,123,E LINCOLN AV,N ANCHOR AV,150,W,N,B,-,N,NA,NA,NA,NA,NA,NA,NA,NA,NA,Y,4,0,1,2,A,-,03,22350,NA,N,C,E,A,A,H,-,C,D,0,NA,NA,NA,Y,Y,NA,A,07,0,0,1,0,0,0,0,0,0,-,-,NA,NA,ORANGE,ORANGE,-117.84310150146484,33.8368034362793
9184219,2020,2020-12-14,3015,2020-10-19,0640,1519,RD11,1,5,6,3015,0,0,0,NA,0,001,LEWIS ST,CHAPMAN AVE,57,N,N,A,-,NA,NA,NA,NA,NA,NA,NA,NA,NA,NA,NA,4,0,1,2,A,-,11,21954,A,N,G,B,D,A,H,-,A,A,0,Y,NA,NA,NA,Y,NA,N,60,0,0,1,0,1,0,0,0,0,-,-,33.78892135620117,-117.89749908447266,ORANGE,ORANGE,-117.8975067138672,33.78913497924805
91845469,2022,2022-08-22,9670,2022-08-17,1600,022737,NA,3,2,6,3009,0,1,3,NA,2,024,SR-22 (GARDEN GROVE FWY) E/B,HARBOR BLVD,1500,E,N,A,-,Y,ORA,NA,22,NA,R,8.125,H,NA,R,Y,3,0,2,3,A,-,03,22350,NA,N,C,C,A,A,H,-,A,D,0,NA,NA,NA,NA,Y,NA,D,22,0,2,0,0,0,0,0,0,0,-,-,33.76959991455078,-117.91497039794922,ORANGE,GARDEN GROVE,-117.91495513916016,33.76956558227539
91845799,2022,2022-08-22,9690,2022-08-11,0725,019319,NA,4,1,4,3045,0,1,1,NA,2,055,I-5 S/B (SAN DIEGO FREEWAY),LA PAZ ROAD,1056,N,N,A,-,Y,ORA,NA,5,NA,NA,16.765,H,NA,L,Y,4,0,1,3,A,-,08,22107,NA,N,B,C,A,A,D,-,A,D,0,NA,NA,NA,Y,Y,NA,A,01,0,0,1,0,0,0,0,0,0,-,-,33.59941101074219,-117.67991638183594,ORANGE,LAGUNA HILLS,-117.67987823486328,33.5994873046875
91846390,2022,2022-08-23,9675,2022-08-12,0115,022103,NA,5,3,6,3026,0,1,1,NA,2,406,I-405 SOUTHBOUND FROM JAMBOREE ROAD EASTBOUND,JAMBOREE ROAD,435,S,N,A,-,Y,ORA,NA,405,NA,NA,6.826,H,NA,L,N,4,0,1,1,A,-,01,23152,A,N,F,A,A,A,H,-,C,D,0,NA,NA,NA,NA,Y,Y,A,07,0,0,1,0,0,0,0,0,0,-,-,33.67601013183594,-117.84227752685548,ORANGE,IRVINE,-117.84225463867188,33.67605209350586
91848403,2022,2022-08-25,9670,2022-08-17,0735,014558,NA,3,1,6,3009,0,1,3,NA,2,122,SR-22 E/B (GARDEN GROVE FREEWAY),BROOKHURST STREET,500,E,N,A,-,Y,ORA,NA,22,NA,R,5.921,H,NA,R,N,4,0,1,2,A,-,03,22350,NA,N,C,A,A,A,H,-,A,A,0,NA,NA,Y,NA,Y,NA,C,02,0,0,1,0,0,0,0,0,1,-,-,33.765830993652344,-117.95323181152344,ORANGE,GARDEN GROVE,-117.95323181152344,33.765830993652344
91850633,2022,2022-08-26,9675,2022-08-20,0300,021983,NA,6,3,6,3026,0,1,1,NA,2,407,I-405 NORTHBOUND,IRVINE CENTER DRIVE,1000,S,N,A,-,Y,ORA,NA,405,NA,NA,0.723,H,NA,R,N,3,0,2,3,A,-,01,23152,A,N,C,C,A,A,H,-,C,D,0,NA,NA,NA,NA,Y,Y,A,07,0,2,0,0,0,0,0,0,0,-,-,33.647159576416016,-117.74346923828124,ORANGE,IRVINE,-117.74346923828124,33.64717102050781
91853343,2022,2022-08-30,9675,2022-08-18,1755,018102,NA,4,2,6,3026,0,1,1,NA,2,503,I-5 NORTHBOUND,YALE AVENUE,1200,S,N,A,-,Y,ORA,NA,5,NA,R,25.526,H,NA,R,N,3,0,1,4,A,-,07,21658,A,F,B,C,A,A,H,-,A,D,0,NA,NA,Y,NA,Y,NA,A,01,0,1,0,0,0,0,0,0,1,-,-,33.69683074951172,-117.77268981933594,ORANGE,IRVINE,-117.77269744873048,33.69682693481445
91854315,2022,2022-08-31,9675,2022-08-19,2323,019018,NA,5,3,6,3026,0,1,1,NA,2,504,I-5 NORTHBOUND,SAND CANYON AVENUE,400,N,N,A,-,Y,ORA,NA,5,NA,R,24.147,H,NA,R,Y,3,0,2,2,A,-,03,22350,NA,N,C,C,A,A,H,-,C,D,0,NA,NA,NA,NA,Y,NA,A,01,0,1,1,0,0,0,0,0,0,-,-,33.67974853515625,-117.76038360595705,ORANGE,IRVINE,-117.76026153564452,33.679840087890625
91854699,2022,2022-08-31,9675,2022-08-24,1450,020699,NA,3,2,7,3019,0,1,3,NA,2,551,SR-55 N/B TO I-5 N/B,I-5 NORTHBOUND,1000,N,N,A,-,Y,ORA,NA,5,NA,NA,30.4,H,NA,R,N,4,0,1,2,A,-,03,22350,NA,N,C,C,A,A,H,-,A,D,0,NA,NA,NA,NA,Y,NA,A,01,0,0,1,0,0,0,0,0,0,-,-,33.74161911010742,-117.83548736572266,ORANGE,SANTA ANA,-117.83559417724608,33.74142074584961
91855388,2022,2022-09-01,9675,2022-08-24,0605,020027,NA,3,1,7,3019,0,1,1,NA,2,502,I-5 SOUTHBOUND,BROADWAY,500,N,N,A,-,Y,ORA,NA,5,NA,NA,33.485,H,NA,L,Y,3,0,4,4,A,-,03,22350,NA,N,C,C,A,A,H,-,B,D,0,NA,NA,NA,NA,Y,NA,D,22,0,1,3,0,0,0,0,0,0,-,-,33.772579193115234,-117.87120819091795,ORANGE,SANTA ANA,-117.87123870849608,33.77256393432617
91858106,2022,2022-09-06,9675,2022-09-04,2035,020031,NA,7,2,6,3026,0,1,3,NA,2,130,SR-133 N/B TO I-405 N/B,LAGUNA CANYON ROAD,1461,S,N,A,-,Y,NA,NA,NA,NA,NA,NA,NA,NA,NA,Y,4,0,1,1,A,-,08,22107,NA,N,F,I,A,A,H,-,D,D,0,NA,NA,NA,NA,Y,NA,A,07,0,0,1,0,0,0,0,0,0,-,-,33.653160095214844,-117.76255035400392,ORANGE,IRVINE,-117.76255035400392,33.653160095214844
9186325,2020,2020-12-30,3010,2020-10-31,1754,1208,179,6,5,6,3010,0,0,0,NA,0,007,EDWARDS,WARHER,38,S,N,A,-,N,NA,NA,NA,NA,NA,NA,NA,NA,NA,Y,3,0,1,1,A,-,01,23152,F,N,F,A,A,A,H,-,B,A,0,NA,NA,Y,NA,Y,NA,C,02,0,1,0,0,0,0,0,0,1,-,-,NA,NA,ORANGE,HUNTINGTON BEACH,-118.0152587890625,33.71529006958008
9186341,2020,2021-01-04,3008,2020-10-11,1132,1614,Z2,7,5,6,3008,0,0,0,NA,0,NA,HIGHLAND AV,KNEPP AV,0,NA,Y,A,-,N,NA,NA,NA,NA,NA,NA,NA,NA,NA,Y,4,0,2,2,A,-,09,21800,A,N,B,C,A,A,H,-,A,A,0,NA,NA,NA,NA,Y,NA,A,01,0,0,2,0,0,0,0,0,0,-,-,NA,NA,ORANGE,FULLERTON,-117.92870330810548,33.862571716308594
91863462,2022,2022-09-13,9670,2022-09-06,1142,016454,NA,2,1,4,3020,0,1,1,NA,2,045,I-405 S/B,SEAL BEACH BOULEVARD,4000,N,N,A,-,Y,ORA,NA,405,NA,NA,15.245,H,NA,R,Y,3,0,1,1,A,-,01,23152,A,N,E,I,A,A,D,E,A,D,0,NA,NA,NA,NA,Y,Y,A,07,0,1,0,0,0,0,0,0,0,-,-,33.7205810546875,-117.97229766845705,ORANGE,SEAL BEACH,-117.97239685058594,33.72050094604492
91865004,2022,2022-09-15,9670,2022-09-09,0200,021579,NA,5,3,6,3009,0,1,3,NA,2,024,SR-22 E/B,HARBOR BLVD,600,W,N,A,-,Y,NA,NA,NA,NA,NA,NA,NA,NA,NA,N,2,0,1,1,A,-,01,23152,A,N,E,I,A,A,H,-,D,D,0,NA,NA,NA,NA,Y,Y,D,22,1,0,0,0,0,0,0,0,0,-,-,33.461299896240234,-117.55210113525392,ORANGE,GARDEN GROVE,-117.92227172851563,33.76701354980469
91865773,2022,2022-09-15,9675,2022-09-06,1620,019135,NA,2,2,7,3001,0,1,3,NA,2,572,SR-57 SOUTHBOUND,SANTA ANA RIVER,300,N,N,A,-,Y,ORA,NA,57,NA,NA,12.157,H,NA,L,N,4,0,1,2,A,-,03,22350,NA,N,C,C,A,A,H,-,A,D,0,NA,NA,NA,NA,Y,NA,A,01,0,0,1,0,0,0,0,0,0,-,-,33.8005485534668,-117.87832641601563,ORANGE,ANAHEIM,-117.8783950805664,33.8005256652832
91867877,2022,2022-09-19,9675,2022-09-09,1830,019018,NA,5,2,6,3026,0,1,3,NA,2,130,SR-133 SOUTHBOUND,ALTON PARKWAY,1200,S,N,C,-,Y,ORA,NA,133,NA,NA,8.639,H,NA,L,Y,4,0,2,2,A,-,03,22350,NA,N,C,C,A,B,H,-,B,D,0,NA,NA,NA,NA,Y,NA,A,07,0,0,2,0,0,0,0,0,0,-,-,33.65528869628906,-117.75942230224608,ORANGE,IRVINE,-117.75941467285156,33.65528869628906
91869601,2022,2022-09-21,9675,2022-09-13,1655,019527,NA,2,2,7,3001,0,1,3,NA,2,093,SR-91 W/B,TUSTIN AVE,1200,W,N,A,-,Y,ORA,NA,91,NA,NA,8.16,H,NA,L,N,4,0,1,2,A,-,03,22350,NA,N,C,C,A,A,H,-,A,D,0,NA,NA,NA,NA,Y,NA,A,01,0,0,1,0,0,0,0,0,0,-,-,33.85139083862305,-117.84203338623048,ORANGE,ANAHEIM,-117.84204864501952,33.851463317871094
91869627,2022,2022-09-21,9675,2022-09-14,1414,021274,NA,3,2,7,3001,0,1,3,NA,2,095,STATE ROUTE 91 E/B,COAL CANYON ROAD,2000,E,N,A,-,Y,ORA,NA,91,NA,R,18.38,H,NA,R,N,4,0,1,3,A,-,03,22350,NA,N,C,C,A,A,H,-,A,D,0,NA,NA,NA,NA,Y,NA,A,01,0,0,1,0,0,0,0,0,0,-,-,33.869300842285156,-117.68076324462892,ORANGE,ANAHEIM,-117.68074798583984,33.86933898925781