CASE_ID,ACCIDENT_YEAR,PROC_DATE,JURIS,COLLISION_DATE,COLLISION_TIME,OFFICER_ID,REPORTING_DISTRICT,DAY_OF_WEEK,CHP_SHIFT,POPULATION,CNTY_CITY_LOC,SPECIAL_COND,BEAT_TYPE,CHP_BEAT_TYPE,CITY_DIVISION_LAPD,CHP_BEAT_CLASS,BEAT_NUMBER,PRIMARY_RD,SECONDARY_RD,DISTANCE,DIRECTION,INTERSECTION,WEATHER_1,WEATHER_2,STATE_HWY_IND,CALTRANS_COUNTY,CALTRANS_DISTRICT,STATE_ROUTE,ROUTE_SUFFIX,POSTMILE_PREFIX,POSTMILE,LOCATION_TYPE,RAMP_INTERSECTION,SIDE_OF_HWY,TOW_AWAY,COLLISION_SEVERITY,NUMBER_KILLED,NUMBER_INJURED,PARTY_COUNT,PRIMARY_COLL_FACTOR,PCF_CODE_OF_VIOL,PCF_VIOL_CATEGORY,PCF_VIOLATION,PCF_VIOL_SUBSECTION,HIT_AND_RUN,TYPE_OF_COLLISION,MVIW,PED_ACTION,ROAD_SURFACE,ROAD_COND_1,ROAD_COND_2,LIGHTING,CONTROL_DEVICE,CHP_ROAD_TYPE,PEDESTRIAN_ACCIDENT,BICYCLE_ACCIDENT,MOTORCYCLE_ACCIDENT,TRUCK_ACCIDENT,NOT_PRIVATE_PROPERTY,ALCOHOL_INVOLVED,STWD_VEHTYPE_AT_FAULT,CHP_VEHTYPE_AT_FAULT,COUNT_SEVERE_INJ,COUNT_VISIBLE_INJ,COUNT_COMPLAINT_PAIN,COUNT_PED_KILLED,COUNT_PED_INJURED,COUNT_BICYCLIST_KILLED,COUNT_BICYCLIST_INJURED,COUNT_MC_KILLED,COUNT_MC_INJURED,PRIMARY_RAMP,SECONDARY_RAMP,LATITUDE,LONGITUDE,COUNTY,CITY,POINT_X,POINT_Y
91974649,2023,2023-01-23,9675,2023-01-12,1215,022993,NA,4,1,5,3022,0,1,1,NA,2,503,I-5 NORTHBOUND TO SR-55 SOUTHBOUND,SR-55 SOUTHBOUND,100,N,N,A,-,Y,NA,NA,NA,NA,NA,NA,NA,NA,NA,Y,3,0,1,1,A,-,03,22350,NA,N,F,A,A,A,H,-,A,D,0,NA,NA,Y,NA,Y,NA,C,02,0,1,0,0,0,0,0,0,1,-,-,33.741668701171875,-117.83489227294922,ORANGE,TUSTIN,-117.83489227294922,33.741668701171875
91980532,2023,2023-01-27,9675,2023-01-17,2055,020699,NA,2,2,5,3022,0,1,1,NA,2,503,I-5 N/B TO SR-55 N/B,SR-55 NORTHBOUND,200,S,N,A,-,Y,NA,NA,NA,NA,NA,NA,NA,NA,NA,N,4,0,1,1,A,-,08,22107,NA,N,E,J,A,A,H,-,C,D,0,NA,NA,NA,NA,Y,NA,A,07,0,0,1,0,0,0,0,0,0,-,-,33.7412109375,-117.83332061767578,ORANGE,TUSTIN,-117.83332061767578,33.7412109375
91982718,2023,2023-01-31,9675,2023-01-19,845,019527,NA,4,1,7,3001,0,1,3,NA,2,093,SR-91 E/B,TUSTIN AVE,2100,W,N,A,-,Y,ORA,NA,91,NA,NA,7.992,H,NA,R,Y,4,0,2,4,A,-,03,22350,NA,N,C,C,A,A,H,-,A,A,0,NA,NA,NA,NA,Y,NA,A,01,0,0,2,0,0,0,0,0,0,-,-,33.85050964355469,-117.84487915039063,ORANGE,ANAHEIM,-117.84487152099608,33.850494384765625
9198318,2020,2021-01-19,3002,2020-11-23,1755,1709,NA,1,5,4,3002,0,0,0,NA,0,011,IMPERIAL HWY,FLOWER AV,15,W,N,A,-,Y,ORA,12,90,-,-,4.53,H,-,E,Y,4,0,2,2,A,-,07,21658,A,N,C,C,A,A,H,-,C,D,0,NA,NA,NA,NA,Y,NA,D,22,0,0,2,0,0,0,0,0,0,-,-,33.91571044921875,-117.8981704711914,ORANGE,BREA,-117.89837646484376,33.91570281982422
91983842,2023,2023-02-01,9670,2023-01-24,1648,019171,NA,2,2,7,3001,0,1,1,NA,2,503,I-5 S/B (SANTA ANA FWY),DISNEYLAND DR.,300,N,N,A,-,Y,ORA,NA,5,NA,NA,38.287,H,NA,L,N,4,0,1,2,A,-,03,22350,NA,N,C,C,A,A,H,-,A,D,0,NA,NA,NA,NA,Y,NA,A,01,0,0,1,0,0,0,0,0,0,-,-,33.82524871826172,-117.9252471923828,ORANGE,ANAHEIM,-117.92529296875,33.825225830078125
91984153,2023,2023-02-01,9675,2023-01-22,1305,022993,NA,7,1,7,3001,0,1,3,NA,2,095,SR-91 EASTBOUND,GREEN RIVER ROAD,6336,W,N,A,-,Y,ORA,NA,91,NA,R,18.68,H,NA,R,Y,3,0,1,2,A,-,03,22350,NA,N,C,C,A,A,H,-,A,D,0,NA,NA,NA,NA,Y,NA,A,01,0,1,0,0,0,0,0,0,0,-,-,33.868709564208984,-117.67552185058594,ORANGE,ANAHEIM,-117.67552947998048,33.86876678466797
91985107,2023,2023-02-02,9675,2023-01-24,1510,020131,NA,2,2,6,3004,0,1,3,NA,2,553,SR-55 NORTHBOUND,PAULARINO AVENUE,100,N,N,A,-,Y,ORA,NA,55,NA,R,5.555,H,NA,R,Y,4,0,1,2,A,-,03,22350,NA,N,C,C,A,A,H,-,A,D,0,NA,NA,NA,NA,Y,NA,A,07,0,0,1,0,0,0,0,0,0,-,-,33.682289123535156,-117.87680816650392,ORANGE,COSTA MESA,-117.8769073486328,33.682350158691406
9198583,2020,2021-02-01,3008,2020-10-02,2135,1582,Z1,5,5,6,3008,0,0,0,NA,0,NA,BROOKHURST RD,SOUTHGATE AV,283,S,N,A,-,NA,NA,NA,NA,NA,NA,NA,NA,NA,NA,Y,4,0,1,2,A,-,09,21801,A,N,D,C,A,A,H,-,C,D,0,NA,NA,NA,NA,Y,NA,D,22,0,0,1,0,0,0,0,0,0,-,-,NA,NA,ORANGE,FULLERTON,-117.95932769775392,33.860504150390625
91987572,2023,2023-02-06,9670,2023-01-31,950,019694,NA,2,1,6,3008,0,1,1,NA,2,500,INTERSTATE 5 N/B (SANTA ANA FWY),SR-91 W/B,200,S,N,A,-,Y,ORA,NA,5,NA,NA,42.23,H,NA,R,Y,4,0,2,2,A,-,08,22107,NA,N,D,C,A,A,H,-,A,D,0,NA,NA,NA,NA,Y,NA,A,01,0,0,2,0,0,0,0,0,0,-,-,33.85773849487305,-117.9805908203125,ORANGE,FULLERTON,-117.98057556152344,33.8577766418457
91989546,2023,2023-02-08,9690,2023-01-27,800,021875,NA,5,1,9,3000,0,2,4,NA,2,034,ANTONIO PKWY,SEACOUNTY LANE,300,N,N,A,-,N,NA,NA,NA,NA,NA,NA,NA,NA,NA,N,4,0,1,2,A,-,03,22350,NA,N,C,C,A,A,H,-,A,A,0,NA,NA,NA,NA,Y,NA,A,01,0,0,1,0,0,0,0,0,0,-,-,35.59183120727539,-117.62637329101563,ORANGE,UNINCORPORATED,-117.62831878662108,33.58941650390625
91990535,2023,2023-02-09,9675,2023-02-01,832,018017,NA,3,1,7,3019,0,1,3,NA,2,551,SR-55 SOUTHBOUND,17TH STREET,1000,N,N,A,-,Y,ORA,NA,55,NA,NA,12.237,H,NA,L,N,4,0,1,2,A,-,03,22350,NA,N,C,C,A,A,H,-,A,D,0,NA,NA,NA,NA,Y,NA,A,01,0,0,1,0,0,0,0,0,0,-,-,33.76639175415039,-117.83113098144533,ORANGE,SANTA ANA,-117.8311767578125,33.76639175415039
91992415,2023,2023-02-13,9675,2023-02-05,1510,021305,NA,7,2,7,3019,0,1,1,NA,2,520,I-5 NORTHBOUND,SR-22 EASTBOUND,1901,S,N,A,-,Y,ORA,NA,5,NA,NA,33.638,H,NA,R,N,4,0,1,3,A,-,03,22350,NA,N,C,C,A,A,H,-,A,D,0,NA,NA,NA,NA,Y,NA,A,01,0,0,1,0,0,0,0,0,0,-,-,33.77442169189453,-117.87239837646484,ORANGE,SANTA ANA,-117.87232208251952,33.77446746826172
91998635,2023,2023-02-21,9690,2023-01-16,2330,022237,NA,1,3,5,3028,0,1,1,NA,2,055,INTERSTATE 5 NORTHBOUND,LA PAZ RD,1250,S,N,A,-,Y,ORA,NA,5,NA,NA,16.297,H,NA,R,Y,4,0,1,2,A,-,03,22350,NA,M,C,C,A,A,H,-,C,D,0,NA,NA,NA,NA,Y,NA,A,01,0,0,1,0,0,0,0,0,0,-,-,33.59550857543945,-117.67366790771484,ORANGE,MISSION VIEJO,-117.67356872558594,33.5955696105957
91999026,2023,2023-02-21,9675,2023-02-13,1615,023105,NA,1,2,7,3019,0,1,1,NA,2,502,I-5 NORTHBOUND,SR-22,1056,S,N,A,-,Y,ORA,NA,5,NA,NA,33.821,H,NA,R,N,4,0,2,2,A,-,03,22350,NA,N,C,C,A,A,H,-,A,D,0,NA,NA,NA,NA,Y,NA,A,08,0,0,2,0,0,0,0,0,0,-,-,33.7765998840332,-117.87418365478516,ORANGE,SANTA ANA,-117.87412261962892,33.77663040161133
9200022,2020,2021-01-22,3000,2020-12-08,0945,5036,922C6,2,5,5,3028,0,0,0,NA,0,750,CROWN VALLEY PKWY,LOS ALTOS,0,NA,Y,A,B,N,NA,NA,NA,NA,NA,NA,NA,NA,NA,Y,3,0,3,2,A,-,08,22100,A,N,D,C,A,A,H,-,A,A,0,NA,NA,NA,NA,Y,NA,A,07,0,1,2,0,0,0,0,0,0,-,-,NA,NA,ORANGE,MISSION VIEJO,-117.6646728515625,33.56391143798828
9200058,2020,2021-02-01,3000,2020-07-02,1833,10077,89IJ4,4,5,5,3050,0,0,0,NA,0,762,2ND ST,EL TORO RD,17,S,N,A,-,N,NA,NA,NA,NA,NA,NA,NA,NA,NA,N,3,0,1,2,A,-,08,22107,NA,F,D,C,A,A,H,-,A,A,0,NA,NA,NA,NA,Y,NA,D,22,0,1,0,0,0,0,0,0,0,-,-,NA,NA,ORANGE,LAKE FOREST,-117.68889617919922,33.62973403930664
92001722,2023,2023-02-23,9675,2023-02-16,912,016748,NA,4,1,7,3001,0,1,3,NA,2,571,SR-57 SOUTHBOUND,SR-91 WESTBOUND,700,N,N,A,-,Y,ORA,NA,57,NA,NA,15.659,H,NA,L,Y,4,0,2,4,A,-,03,22350,NA,N,C,C,A,A,H,-,A,D,0,NA,NA,NA,NA,Y,NA,A,01,0,0,2,0,0,0,0,0,0,-,-,33.85060119628906,-117.87596130371094,ORANGE,ANAHEIM,-117.87592315673828,33.8505973815918
9200627,2020,2021-01-14,3000,2020-11-05,1423,1920,797H1,4,5,4,3021,0,0,0,NA,0,721,CERRITOS AV,NANCY  LN,18,W,N,A,-,N,NA,NA,NA,NA,NA,NA,NA,NA,NA,Y,3,0,1,2,A,-,01,23152,G,N,C,C,A,A,H,-,A,D,0,NA,NA,NA,NA,Y,Y,A,01,0,1,0,0,0,0,0,0,0,-,-,NA,NA,ORANGE,STANTON,-117.99942016601563,33.81010818481445
92006855,2023,2023-03-01,9675,2023-02-20,1819,019938,NA,1,2,7,3019,0,1,3,NA,2,552,SR-55 NORTHBOUND,MCFADDEN AVENUE,1011,S,N,A,-,Y,ORA,NA,55,NA,R,9.766,H,NA,R,Y,4,0,1,2,A,-,03,22350,NA,N,C,C,A,A,D,-,C,D,0,NA,NA,NA,NA,Y,NA,A,01,0,0,1,0,0,0,0,0,0,-,-,33.730979919433594,-117.83355712890624,ORANGE,SANTA ANA,-117.83364868164063,33.730979919433594
92006923,2023,2023-03-01,9690,2023-02-16,1820,016493,NA,4,2,5,3050,0,1,1,NA,2,055,I-5 N/B (SAN DIEGO FRWY),EL TORO ROAD,1500,S,N,A,-,Y,ORA,NA,5,NA,NA,18.307,H,NA,R,N,3,0,1,2,A,-,03,22350,NA,N,C,C,A,A,D,-,D,D,0,NA,NA,NA,NA,Y,NA,A,07,0,1,0,0,0,0,0,0,0,-,-,33.6109504699707,-117.70262145996094,ORANGE,LAKE FOREST,-117.70269775390624,33.61087417602539
92008270,2023,2023-03-02,9675,2023-02-22,1700,019938,NA,3,2,7,3001,0,1,3,NA,2,092,SR-91 EASTBOUND,GLASSELL STREET,2109,W,N,B,G,Y,ORA,NA,91,NA,NA,6.949,H,NA,R,N,4,0,1,2,A,-,03,22350,NA,N,C,C,A,A,H,-,A,D,0,NA,NA,NA,NA,Y,NA,D,22,0,0,1,0,0,0,0,0,0,-,-,33.846378326416016,-117.86237335205078,ORANGE,ANAHEIM,-117.86235809326172,33.846317291259766
9201077,2020,2021-02-08,3022,2020-12-13,1209,1343,NA,7,5,5,3022,0,0,0,NA,0,NA,TUSTIN RANCH RD,MOFFET DR,232,S,N,A,-,N,NA,NA,NA,NA,NA,NA,NA,NA,NA,Y,4,0,3,3,A,-,03,22350,NA,N,C,C,A,A,H,-,A,A,0,NA,NA,NA,NA,Y,NA,D,22,0,0,3,0,0,0,0,0,0,-,-,NA,NA,ORANGE,TUSTIN,-117.81944274902344,33.70504379272461
92011715,2023,2023-03-07,9670,2023-03-06,1330,021459,NA,1,1,7,3001,0,1,3,NA,2,093,SR-91 W/B,EUCLID STREET,1584,W,N,A,-,Y,ORA,NA,91,NA,NA,1.88,H,NA,L,N,4,0,1,2,A,-,03,22350,NA,N,C,C,A,A,H,-,A,D,0,NA,NA,NA,NA,Y,NA,A,01,0,0,1,0,0,0,0,0,0,-,-,33.85422134399414,-117.9481201171875,ORANGE,ANAHEIM,-117.9481201171875,33.85419464111328
92014031,2023,2023-03-09,9675,2023-02-25,2050,022993,NA,6,2,9,3000,0,3,5,NA,2,001,CENTER AVENUE,EARLHAM STREET,0,NA,Y,B,-,N,NA,NA,NA,NA,NA,NA,NA,NA,NA,Y,3,0,1,2,A,-,09,21802,A,N,D,2,A,B,H,-,C,A,0,NA,NA,NA,NA,Y,NA,A,01,0,1,0,0,0,0,0,0,0,-,-,33.78955841064453,-117.80792236328124,ORANGE,UNINCORPORATED,-117.80789184570313,33.789546966552734
92014623,2023,2023-03-10,9675,2023-02-28,2215,022536,NA,2,3,6,3004,0,1,1,NA,2,405,I-405 SOUTHBOUND,SANTA ANA RIVER,1250,S,N,B,C,Y,ORA,NA,405,NA,NA,12.35,H,NA,L,Y,4,0,2,2,A,-,03,22350,NA,N,E,8,A,B,D,-,C,D,0,NA,NA,NA,NA,Y,NA,A,01,0,0,2,0,0,0,0,0,0,-,-,33.694801330566406,-117.93316650390624,ORANGE,COSTA MESA,-117.9332275390625,33.69470977783203
92016195,2023,2023-03-13,9675,2023-03-04,100,021388,NA,6,3,6,3026,0,1,1,NA,2,406,I-405 SOUTHBOUND,JAMBOREE ROAD,61,S,N,A,-,Y,ORA,NA,405,NA,NA,6.892,H,NA,L,Y,4,0,1,2,A,-,03,22350,NA,N,C,C,A,A,H,-,C,D,0,NA,NA,NA,NA,Y,NA,A,07,0,0,1,0,0,0,0,0,0,-,-,33.67647171020508,-117.8433074951172,ORANGE,IRVINE,-117.8432846069336,33.67650604248047
92017521,2023,2023-03-14,9675,2023-03-06,1304,018087,NA,1,1,7,3001,0,1,3,NA,2,093,SR-91 EASTBOUND,LA PALMA AVE,845,E,N,B,-,Y,ORA,NA,91,NA,NA,6.599,H,NA,R,N,4,0,1,4,A,-,07,21658,A,F,C,C,A,A,H,-,A,D,0,NA,NA,NA,Y,Y,NA,-,99,0,0,1,0,0,0,0,0,0,-,-,33.8466682434082,-117.86844635009766,ORANGE,ANAHEIM,-117.86843872070313,33.846702575683594
92018988,2023,2023-03-16,9675,2023-03-09,1054,019527,NA,4,1,5,3022,0,1,3,NA,2,551,SR-55 S/B,I-5,1200,S,N,A,-,Y,ORA,NA,55,NA,NA,10.203,H,NA,L,N,4,0,1,2,A,-,03,22350,NA,N,C,C,A,A,H,-,A,D,0,NA,NA,NA,NA,Y,NA,A,07,0,0,1,0,0,0,0,0,0,-,-,33.737098693847656,-117.83399963378906,ORANGE,TUSTIN,-117.83399200439452,33.737098693847656
92020873,2023,2023-03-17,9675,2023-03-11,48,022536,NA,6,3,7,3019,0,1,3,NA,2,553,SR-55 SOUTHBOUND,MACARTHUR BOULEVARD,1500,S,N,C,-,Y,ORA,NA,55,NA,R,6.687,H,NA,L,Y,2,0,2,2,A,-,03,22350,NA,N,C,C,A,B,H,-,C,D,0,NA,NA,NA,NA,Y,NA,A,01,1,0,1,0,0,0,0,0,0,-,-,33.69541931152344,-117.86502075195313,ORANGE,SANTA ANA,-117.86483764648438,33.695308685302734
9202416,2020,2021-02-17,3010,2020-12-05,1628,2166,477,6,5,6,3010,0,0,0,NA,0,002,HAMILTON AV,BROOKHURST ST,61,W,N,A,-,N,NA,NA,NA,NA,NA,NA,NA,NA,NA,N,4,0,1,2,A,-,05,21650,1,N,H,G,A,-,H,-,A,D,0,NA,Y,NA,NA,Y,NA,L,04,0,0,1,0,0,0,1,0,0,-,-,NA,NA,ORANGE,HUNTINGTON BEACH,-117.95388793945313,33.65058898925781
92024907,2023,2023-03-22,9675,2023-03-12,133,022058,NA,7,3,6,3004,0,1,3,NA,2,553,SR-55 NORTHBOUND,FAIR DRIVE,300,N,N,B,C,Y,ORA,NA,55,NA,R,3.794,H,NA,R,Y,4,0,1,2,A,-,01,23152,A,N,C,2,A,B,H,-,C,D,0,NA,NA,NA,NA,Y,Y,A,07,0,0,1,0,0,0,0,0,0,-,-,33.663368225097656,-117.897216796875,ORANGE,COSTA MESA,-117.8972625732422,33.66340255737305
92027766,2023,2023-03-24,9675,2023-03-08,1055,018039,NA,3,1,7,3019,0,1,3,NA,2,552,SR-55 SOUTHBOUND,MACARTUR BLVD.,2109,N,N,A,-,Y,ORA,NA,55,NA,R,7.402,H,NA,L,N,4,0,2,5,A,-,03,22350,NA,N,C,C,A,A,D,-,A,D,0,NA,NA,NA,NA,Y,NA,A,01,0,0,2,0,0,0,0,0,0,-,-,33.703369140625,-117.85704803466795,ORANGE,SANTA ANA,-117.85707092285156,33.70338439941406
92028008,2023,2023-03-24,9670,2023-03-19,22,021900,NA,7,3,7,3001,0,1,1,NA,2,503,I-5 S/B,EUCLID ST,1000,S,N,A,-,Y,ORA,NA,5,NA,NA,39.371,H,NA,L,Y,4,0,1,1,A,-,01,23152,A,N,E,I,A,A,H,-,C,D,0,NA,NA,NA,NA,Y,Y,A,01,0,0,1,0,0,0,0,0,0,-,-,33.83470916748047,-117.93936920166016,ORANGE,ANAHEIM,-117.93933868408205,33.83480453491211
92028218,2023,2023-03-24,9675,2023-03-18,30,023128,NA,6,3,7,3001,0,1,3,NA,2,093,SR-91 WESTBOUND,LAKEVIEW AVE,1200,W,N,A,-,Y,ORA,NA,91,NA,R,9.856,H,NA,L,Y,4,0,1,1,A,-,01,23152,A,N,E,8,A,A,H,-,C,D,0,NA,NA,NA,NA,Y,Y,A,01,0,0,1,0,0,0,0,0,0,-,-,33.84873962402344,-117.81736755371094,ORANGE,ANAHEIM,-117.81723022460938,33.84862518310547
92029050,2023,2023-03-27,9675,2023-03-15,1240,019599,NA,3,1,6,3004,0,1,1,NA,2,045,I-405 SOUTHBOUND,FAIRVIEW RD,1900,S,N,B,-,Y,ORA,NA,405,NA,NA,10.433,H,NA,L,Y,3,0,2,2,A,-,03,22350,NA,N,C,C,A,A,D,-,A,D,0,NA,NA,NA,NA,Y,NA,A,07,0,2,0,0,0,0,0,0,0,-,-,33.687660217285156,-117.9011688232422,ORANGE,COSTA MESA,-117.90117645263672,33.68754196166992
92029435,2023,2023-03-27,9670,2023-03-15,510,016271,NA,3,3,5,3007,0,1,1,NA,2,040,I-405 N/B,BROOKHURST ST,1300,S,N,B,C,Y,ORA,NA,405,NA,NA,13.517,H,NA,R,Y,4,0,1,2,A,-,03,22350,NA,N,D,C,A,B,D,E,B,D,0,NA,NA,NA,NA,Y,NA,A,01,0,0,1,0,0,0,0,0,0,-,-,33.70275115966797,-117.95078277587892,ORANGE,FOUNTAIN VALLEY,-117.95084381103516,33.70269012451172
92029564,2023,2023-03-27,9675,2023-03-18,1010,018087,NA,6,1,7,3001,0,1,3,NA,2,094,SR-91 EASTBOUND,WEIR CANYON RD.,5386,W,N,A,-,Y,ORA,NA,91,NA,R,13.384,H,NA,R,Y,4,0,1,3,A,-,03,22350,NA,N,C,C,A,A,H,-,A,D,0,NA,NA,NA,NA,Y,NA,A,07,0,0,1,0,0,0,0,0,0,-,-,33.867530822753906,-117.76229095458984,ORANGE,ANAHEIM,-117.76226043701172,33.867488861083984
92030887,2023,2023-03-28,9670,2023-03-20,1500,018867,NA,1,2,6,3009,0,1,3,NA,2,022,SR-22 WB,NEWHOPE ST,300,W,N,A,-,Y,ORA,NA,22,NA,R,7.162,H,NA,L,N,4,0,1,2,A,-,03,22350,NA,N,C,C,A,A,H,-,A,D,0,NA,NA,NA,NA,Y,NA,A,01,0,0,1,0,0,0,0,0,0,-,-,33.7663688659668,-117.93186950683594,ORANGE,GARDEN GROVE,-117.93186950683594,33.766178131103516
92031901,2023,2023-03-29,9675,2023-03-23,1557,021377,NA,4,2,7,3001,0,1,3,NA,2,572,SR-57 SOUTHBOUND,KATELLA AVE,1320,N,N,B,-,Y,ORA,NA,57,NA,NA,12.815,H,NA,L,Y,4,0,1,3,A,-,03,22350,NA,N,C,C,A,A,H,-,A,D,0,NA,NA,NA,NA,Y,NA,A,01,0,0,1,0,0,0,0,0,0,-,-,33.80984115600586,-117.87921142578124,ORANGE,ANAHEIM,-117.87926483154295,33.80985641479492
92032679,2023,2023-03-30,9690,2023-03-18,1725,019925,NA,6,2,5,3028,0,1,1,NA,2,056,I-5 N/B (SAN DIEGO FRWY),LA PAZ RD.,3590,S,N,A,-,Y,ORA,NA,5,NA,NA,15.9,H,NA,R,N,4,0,1,2,A,-,07,21658,A,F,B,C,A,A,D,-,A,D,0,NA,NA,NA,NA,Y,NA,D,22,0,0,1,0,0,0,0,0,0,-,-,33.59014129638672,-117.67149353027344,ORANGE,MISSION VIEJO,-117.67148590087892,33.59014129638672
92035392,2023,2023-04-03,9675,2023-03-21,820,018017,NA,2,1,6,3026,0,1,1,NA,2,530,I-5 NORTHBOUND,JEFFREY ROAD,100,N,N,B,C,Y,ORA,NA,5,NA,R,25.058,H,NA,R,Y,4,0,2,4,A,-,03,22350,NA,N,B,C,A,B,H,-,A,D,0,NA,NA,NA,NA,Y,Y,A,01,0,0,2,0,0,0,0,0,0,-,-,33.69089889526367,-117.76892852783205,ORANGE,IRVINE,-117.768798828125,33.69095993041992
92044038,2023,2023-04-13,9675,2023-04-04,1305,019897,NA,2,1,5,3025,0,1,3,NA,2,570,SR-57 SOUTHBOUND FROM YORBA LINDA BLVD WESTBOUND,YORBA LINDA BLVD,299,N,N,A,-,Y,NA,NA,NA,NA,NA,NA,NA,NA,NA,N,4,0,1,1,A,-,03,22350,NA,N,F,A,A,A,B,-,A,D,0,NA,NA,Y,NA,Y,NA,C,02,0,0,1,0,0,0,0,0,1,-,-,33.88993835449219,-117.8813018798828,ORANGE,YORBA LINDA,-117.88072967529295,33.88969802856445
92051981,2023,2023-04-24,9690,2023-04-13,2028,021894,NA,4,2,9,3000,0,3,5,NA,2,003,WILDFLOWER WAY,SELLAS RD S.,150,N,N,A,-,N,NA,NA,NA,NA,NA,NA,NA,NA,NA,Y,3,0,1,3,A,-,08,22107,NA,N,B,C,A,A,H,-,C,D,0,NA,NA,NA,NA,Y,NA,A,07,0,1,0,0,0,0,0,0,0,-,-,33.54711151123047,-117.6372528076172,ORANGE,UNINCORPORATED,-117.63720703125,33.54726028442383
92057024,2023,2023-04-28,9675,2023-04-23,726,018087,NA,7,1,7,3001,0,1,3,NA,2,094,SR-91 WESTBOUND,WEIR CANYON RD.,2112,W,N,A,-,Y,ORA,NA,91,NA,R,14.017,H,NA,L,N,4,0,1,2,A,-,03,22350,NA,F,C,C,A,A,H,-,A,D,0,NA,NA,NA,NA,Y,NA,-,99,0,0,1,0,0,0,0,0,0,-,-,33.8695182800293,-117.75199127197266,ORANGE,ANAHEIM,-117.75199127197266,33.86954116821289
92057031,2023,2023-04-28,9675,2023-04-25,1320,018087,NA,2,1,6,3008,0,1,3,NA,2,571,SR-57 SOUTHBOUND,YORBA LINDA BLVD.,1795,S,N,A,-,Y,ORA,NA,57,NA,NA,17.993,H,NA,L,N,4,0,1,2,A,-,03,22350,NA,N,C,C,A,A,H,-,A,D,0,NA,NA,NA,NA,Y,NA,A,01,0,0,1,0,0,0,0,0,0,-,-,33.88396072387695,-117.88059997558594,ORANGE,FULLERTON,-117.88063049316406,33.88396072387695
9205949,2020,2021-01-08,3000,2020-10-31,0828,5013,951J5,6,5,5,3040,0,0,0,NA,0,741,MARINA HILLS DR,TESSIER ST,0,NA,Y,A,-,N,NA,NA,NA,NA,NA,NA,NA,NA,NA,N,3,0,1,2,A,-,10,21950,A,N,G,B,B,A,H,-,A,A,0,Y,NA,NA,NA,Y,NA,A,07,0,1,0,0,1,0,0,0,0,-,-,NA,NA,ORANGE,LAGUNA NIGUEL,-117.68801879882813,33.52499008178711
92062530,2023,2023-05-05,9675,2023-04-30,630,019599,NA,7,1,6,3026,0,1,1,NA,2,406,I-405 SOUTHBOUND,SAND CANYON AVE.,70,N,N,B,-,Y,ORA,NA,405,NA,NA,2.894,H,NA,L,Y,3,0,1,1,A,-,08,22107,NA,N,E,I,A,A,H,-,A,D,0,NA,NA,NA,NA,Y,NA,A,07,0,1,0,0,0,0,0,0,0,-,-,33.657859802246094,-117.77823638916016,ORANGE,IRVINE,-117.77832794189452,33.65774917602539
92065300,2023,2023-05-09,9690,2023-05-04,745,020637,NA,4,1,9,3000,0,3,5,NA,2,003,LOS PATRONES PARKWAY SOUTHBOUND,CHIQUITA CANYON DRIVE,7920,N,N,C,-,N,NA,NA,NA,NA,NA,NA,NA,NA,NA,Y,4,0,1,1,A,-,03,22350,NA,N,E,I,A,B,H,-,A,D,0,NA,NA,NA,NA,Y,NA,A,01,0,0,1,0,0,0,0,0,0,-,-,33.56319046020508,-117.61067199707033,ORANGE,UNINCORPORATED,-117.60963439941406,33.562477111816406
92067108,2023,2023-05-11,9675,2023-05-04,1746,021377,NA,4,2,6,3026,0,1,1,NA,2,504,I-5 N/B TO I-405 N/B,BAKE PKWY,1600,N,N,B,-,Y,NA,NA,NA,NA,NA,NA,NA,NA,NA,N,3,0,1,1,A,-,07,21658,A,N,E,J,A,A,H,-,B,D,0,NA,NA,NA,NA,Y,NA,A,01,0,1,0,0,0,0,0,0,0,-,-,33.643028259277344,-117.7329330444336,ORANGE,IRVINE,-117.7329330444336,33.643028259277344
92067736,2023,2023-05-12,9670,2023-05-11,635,016209,NA,4,1,7,3001,0,1,1,NA,2,500,I-5 N/B (SANTA ANA FREEWAY),ORANGETHORPE AVE.,1056,S,N,B,-,Y,ORA,NA,5,NA,NA,42.209,H,NA,R,N,4,0,1,1,A,-,08,22107,NA,N,E,8,A,A,H,-,A,D,0,NA,NA,NA,NA,Y,NA,A,01,0,0,1,0,0,0,0,0,0,-,-,33.85773849487305,-117.98021697998048,ORANGE,ANAHEIM,-117.9802474975586,33.8576774597168