CASE_ID,ACCIDENT_YEAR,PROC_DATE,JURIS,COLLISION_DATE,COLLISION_TIME,OFFICER_ID,REPORTING_DISTRICT,DAY_OF_WEEK,CHP_SHIFT,POPULATION,CNTY_CITY_LOC,SPECIAL_COND,BEAT_TYPE,CHP_BEAT_TYPE,CITY_DIVISION_LAPD,CHP_BEAT_CLASS,BEAT_NUMBER,PRIMARY_RD,SECONDARY_RD,DISTANCE,DIRECTION,INTERSECTION,WEATHER_1,WEATHER_2,STATE_HWY_IND,CALTRANS_COUNTY,CALTRANS_DISTRICT,STATE_ROUTE,ROUTE_SUFFIX,POSTMILE_PREFIX,POSTMILE,LOCATION_TYPE,RAMP_INTERSECTION,SIDE_OF_HWY,TOW_AWAY,COLLISION_SEVERITY,NUMBER_KILLED,NUMBER_INJURED,PARTY_COUNT,PRIMARY_COLL_FACTOR,PCF_CODE_OF_VIOL,PCF_VIOL_CATEGORY,PCF_VIOLATION,PCF_VIOL_SUBSECTION,HIT_AND_RUN,TYPE_OF_COLLISION,MVIW,PED_ACTION,ROAD_SURFACE,ROAD_COND_1,ROAD_COND_2,LIGHTING,CONTROL_DEVICE,CHP_ROAD_TYPE,PEDESTRIAN_ACCIDENT,BICYCLE_ACCIDENT,MOTORCYCLE_ACCIDENT,TRUCK_ACCIDENT,NOT_PRIVATE_PROPERTY,ALCOHOL_INVOLVED,STWD_VEHTYPE_AT_FAULT,CHP_VEHTYPE_AT_FAULT,COUNT_SEVERE_INJ,COUNT_VISIBLE_INJ,COUNT_COMPLAINT_PAIN,COUNT_PED_KILLED,COUNT_PED_INJURED,COUNT_BICYCLIST_KILLED,COUNT_BICYCLIST_INJURED,COUNT_MC_KILLED,COUNT_MC_INJURED,PRIMARY_RAMP,SECONDARY_RAMP,LATITUDE,LONGITUDE,COUNTY,CITY,POINT_X,POINT_Y
92367982,2024,2024-04-18,9675,2024-04-15,2158,018983,NA,1,2,6,3004,0,1,1,NA,2,405,I-405 SOUTHBOUND TO SR-55 NORTHBOUND,MAIN STREET,1575,S,N,A,-,Y,NA,NA,NA,NA,NA,NA,NA,NA,NA,N,3,0,1,1,A,-,01,23152,A,N,E,I,A,A,D,-,E,D,0,NA,NA,NA,NA,Y,Y,A,01,0,1,0,0,0,0,0,0,0,-,-,33.68804931640625,-117.87035369873048,ORANGE,COSTA MESA,NA,NA
9236975,2021,2021-04-19,3004,2021-03-11,1903,P633,33,4,5,6,3004,0,0,0,NA,0,005,BRISTOL ST,ANTON BL,129,S,N,A,-,N,NA,NA,NA,NA,NA,NA,NA,NA,NA,Y,3,0,1,3,A,-,01,23152,A,N,C,C,A,A,H,-,C,D,0,NA,NA,NA,NA,Y,Y,A,07,0,1,0,0,0,0,0,0,0,-,-,33.68960189819336,-117.88539886474608,ORANGE,COSTA MESA,-117.88563537597656,33.689735412597656
92372412,2024,2024-04-23,9675,2024-04-11,1737,017998,NA,4,2,9,3000,0,3,5,NA,2,002,11652 NEWPORT AVE,DOE RUN,55,N,N,A,-,N,NA,NA,NA,NA,NA,NA,NA,NA,NA,N,2,0,1,2,A,-,03,22350,NA,N,B,E,A,A,H,-,A,D,0,NA,NA,NA,NA,Y,NA,M,94,1,0,0,0,0,0,0,0,0,-,-,33.76478958129883,-117.79685974121094,ORANGE,UNINCORPORATED,-117.79686737060548,33.764835357666016
92372773,2024,2024-04-23,9675,2024-04-13,1125,021633,NA,6,1,7,3001,0,1,3,NA,2,093,SR-91 EASTBOUND,TUSTIN AVENUE,1690,W,N,A,-,Y,ORA,NA,91,NA,NA,8.068,H,NA,R,Y,4,0,1,4,A,-,03,22350,NA,N,C,C,A,A,H,-,A,D,0,NA,NA,NA,NA,Y,NA,A,07,0,0,1,0,0,0,0,0,0,-,-,33.850799560546875,-117.84359741210938,ORANGE,ANAHEIM,-117.84360504150392,33.85081481933594
92377619,2024,2024-04-29,9675,2024-04-19,455,023510,NA,5,3,7,3001,0,1,3,NA,2,093,SR-91 EASTBOUND,STATE COLLEGE BLVD,220,E,N,A,-,Y,ORA,NA,91,NA,NA,5.33,H,NA,R,N,4,0,1,2,A,-,08,22107,NA,N,D,C,A,A,H,-,D,D,0,NA,NA,NA,NA,Y,NA,A,01,0,0,1,0,0,0,0,0,0,-,-,33.85411071777344,-117.88835144042967,ORANGE,ANAHEIM,-117.88835144042967,33.854103088378906
92377905,2024,2024-04-30,9675,2024-04-17,1820,022639,NA,3,2,6,3026,0,1,1,NA,2,503,I-5 NORTHBOUND,JAMBOREE ROAD,1000,S,N,A,-,Y,ORA,NA,5,NA,NA,27.335,H,NA,R,Y,3,0,1,2,A,-,07,21658,A,N,B,C,A,A,H,-,A,D,0,NA,NA,Y,NA,Y,NA,A,01,0,1,0,0,0,0,0,0,1,-,-,33.717201232910156,-117.79157257080078,ORANGE,IRVINE,-117.79151153564452,33.717262268066406
92378914,2024,2024-04-30,9675,2024-04-23,1740,021960,NA,2,2,6,3008,0,1,3,NA,2,571,SR-57 SOUTHBOUND,IMPERIAL HIGHWAY,3168,S,N,A,-,Y,ORA,NA,57,NA,NA,19.199,H,NA,L,N,4,0,1,2,A,-,03,22350,NA,N,C,C,A,A,H,-,A,D,0,NA,NA,NA,NA,Y,NA,A,07,0,0,1,0,0,0,0,0,0,-,-,33.90140151977539,-117.88124084472656,ORANGE,FULLERTON,-117.88131713867188,33.901405334472656
92379427,2024,2024-05-01,9675,2024-04-30,1510,021397,NA,2,2,7,3001,0,1,3,NA,2,572,SR-57 SOUTHBOUND,BALL RD.,1650,N,N,A,-,Y,ORA,NA,57,NA,NA,13.684,H,NA,L,Y,4,0,1,2,A,-,03,22350,NA,N,C,C,A,A,H,-,A,D,0,NA,NA,NA,NA,Y,NA,A,01,0,0,1,0,0,0,0,0,0,-,-,33.821990966796875,-117.87635040283205,ORANGE,ANAHEIM,-117.87628936767578,33.821990966796875
92379862,2024,2024-05-01,9675,2024-04-30,1630,021274,NA,2,2,9,3000,0,3,5,NA,2,001,FAIRLYNN BOULEVARD,OAKVALE DRIVE,410,N,N,A,-,Y,NA,NA,NA,NA,NA,NA,NA,NA,NA,N,4,0,1,2,A,-,08,22107,NA,N,C,E,A,A,H,-,A,D,0,NA,NA,NA,NA,Y,NA,A,01,0,0,1,0,0,0,0,0,0,-,-,33.867069244384766,-117.78752899169922,ORANGE,UNINCORPORATED,-117.78734588623048,33.86697006225586
92382848,2024,2024-05-06,9670,2024-04-27,330,022330,NA,6,3,4,3020,0,1,1,NA,2,045,I-405 S/B (SAN DIEGO FWY),SR-22 E/B O/C,2100,N,N,A,-,Y,ORA,NA,405,NA,NA,21.126,H,NA,L,Y,3,0,1,2,D,-,00,NA,NA,N,C,C,A,A,H,-,C,D,0,NA,NA,NA,Y,Y,NA,-,-,0,1,0,0,0,0,0,0,0,-,-,33.77408981323242,-118.04881286621094,ORANGE,SEAL BEACH,-118.04882049560548,33.77428436279297
92386258,2024,2024-05-09,9670,2024-05-08,748,018278,NA,3,1,7,3001,0,1,1,NA,2,502,I-5 N/B,HARBOR BLVD,1690,S,N,B,-,Y,ORA,NA,5,NA,NA,37.076,H,NA,R,N,4,0,1,3,A,-,03,22350,NA,N,C,C,A,A,H,-,A,D,0,NA,NA,NA,NA,Y,NA,A,07,0,0,1,0,0,0,0,0,0,-,-,33.81221008300781,-117.91156768798828,ORANGE,ANAHEIM,-117.9116668701172,33.81214141845703
92387091,2024,2024-05-10,9690,2024-05-05,1309,021894,NA,7,1,4,3045,0,1,3,NA,2,073,SR73 SB,LA PAZ RD.,528,N,N,A,-,Y,ORA,NA,73,NA,NA,13.551,H,NA,L,Y,3,0,1,1,A,-,08,22107,NA,N,E,I,A,A,H,-,A,D,0,NA,NA,NA,NA,Y,NA,A,01,0,1,0,0,0,0,0,0,0,-,-,33.57448959350586,-117.70844268798828,ORANGE,LAGUNA HILLS,-117.70850372314452,33.57438659667969
92390453,2024,2024-05-15,9690,2024-05-13,1525,016610,NA,1,2,4,3018,0,1,1,NA,2,057,I-5 S/B (SAN DIEGO FRWY),SR-74,2000,N,N,B,-,Y,ORA,NA,5,NA,NA,10.386,H,NA,L,Y,3,0,1,3,A,-,03,22350,NA,N,C,C,A,A,H,-,A,A,0,NA,NA,NA,NA,Y,NA,A,01,0,1,0,0,0,0,0,0,0,-,-,33.51314926147461,-117.66281127929688,ORANGE,SAN JUAN CAPISTRANO,-117.66273498535156,33.5131721496582
92390917,2024,2024-05-15,9675,2024-05-07,1700,022521,NA,2,2,7,3001,0,1,3,NA,2,095,SR-91 EASTBOUND,COAL CANYON ROAD,300,E,N,A,-,Y,ORA,NA,91,NA,R,18.023,H,NA,R,Y,4,0,2,2,A,-,03,22350,NA,N,C,C,A,A,H,-,A,D,0,NA,NA,NA,NA,Y,NA,A,01,0,0,2,0,0,0,0,0,0,-,-,33.871368408203125,-117.68611907958984,ORANGE,ANAHEIM,-117.68610382080078,33.871402740478516
92394773,2024,2024-08-13,9675,2024-05-05,2110,023136,NA,7,2,7,3001,0,1,3,NA,2,092,SR-91 EASTBOUND TO SR-57 NORTHBOUND,PLACENTIA AVENUE,10,W,N,A,-,Y,ORA,NA,91,NA,NA,5.507,H,NA,R,Y,3,0,1,2,A,-,01,23152,A,M,E,8,A,A,H,-,C,D,0,NA,NA,NA,NA,Y,Y,A,01,0,1,0,0,0,0,0,0,0,-,-,33.853660583496094,-117.88542938232422,ORANGE,ANAHEIM,-117.88544464111328,33.8536262512207
92396798,2024,2024-08-14,9690,2024-04-27,23,023571,NA,6,3,9,3000,0,2,4,NA,2,037,LIVE OAK CANYON RD,MONESTARY ROAD,350,N,N,A,-,N,NA,NA,NA,NA,NA,NA,NA,NA,NA,Y,3,0,2,2,A,-,03,22350,NA,N,C,2,A,A,H,-,D,D,0,NA,NA,NA,NA,Y,NA,A,01,0,2,0,0,0,0,0,0,0,-,-,33.67161178588867,-117.60195159912108,ORANGE,UNINCORPORATED,NA,NA
92396909,2024,2024-05-23,9675,2024-05-14,1813,021960,NA,2,2,7,3019,0,1,1,NA,2,520,I-5 NORTHBOUND,BROADWAY,550,N,N,A,-,Y,ORA,NA,5,NA,NA,33.465,H,NA,R,Y,4,0,2,3,A,-,03,22350,NA,N,C,C,A,A,H,-,A,D,0,NA,NA,NA,NA,Y,NA,A,07,0,0,2,0,0,0,0,0,0,-,-,33.77238082885742,-117.87069702148438,ORANGE,SANTA ANA,-117.87060546875,33.77243423461914
92401125,2024,2024-05-29,9670,2024-05-27,2350,020618,NA,1,3,6,3009,0,1,3,NA,2,025,SR-22 W/B TO HARBOR BLVD.,HARBOR BOULEVARD,266,E,N,A,-,Y,NA,NA,NA,NA,NA,NA,NA,NA,NA,Y,2,0,3,2,A,-,01,23152,A,N,A,C,A,A,H,-,C,D,0,NA,NA,NA,NA,Y,Y,A,01,1,0,2,0,0,0,0,0,0,-,-,33.76892852783203,-117.918701171875,ORANGE,GARDEN GROVE,-117.9196548461914,33.768165588378906
9240239,2020,2021-04-23,3008,2020-11-02,1349,1614,ZONE2,1,5,6,3008,0,0,0,NA,0,NA,WOODS AV,ORANGETHORPE AV,0,NA,Y,A,-,N,NA,NA,NA,NA,NA,NA,NA,NA,NA,Y,3,0,1,2,A,-,09,21804,A,N,B,C,A,A,H,-,A,A,0,NA,NA,NA,NA,Y,NA,A,01,0,1,0,0,0,0,0,0,0,-,-,NA,NA,ORANGE,FULLERTON,-117.9369888305664,33.85939025878906
9240291,2021,2021-04-16,3000,2021-03-01,1751,4246,972D7,1,5,5,3017,0,0,0,NA,0,776,CAMINO DE ESTRELLA,RT 5,6,W,N,A,-,Y,ORA,12,5,-,-,5.97,R,4,S,N,3,0,1,2,D,-,00,NA,NA,N,H,G,A,A,H,-,C,A,0,NA,Y,NA,NA,Y,NA,-,-,0,1,0,0,0,0,1,0,0,-,-,NA,NA,ORANGE,SAN CLEMENTE,-117.65862274169922,33.46003341674805
92404231,2024,2024-06-03,9675,2024-05-29,1300,021305,NA,3,1,6,3004,0,1,3,NA,2,073,SR-73 SOUTHBOUND,BRISTOL STREET,236,N,N,A,-,Y,ORA,NA,73,NA,R,26.841,H,NA,L,Y,4,0,1,2,A,-,03,22350,NA,N,C,C,A,A,H,-,A,D,0,NA,NA,NA,NA,Y,NA,A,07,0,0,1,0,0,0,0,0,0,-,-,33.67631912231445,-117.88909149169922,ORANGE,COSTA MESA,-117.88903045654295,33.676353454589844
92405234,2024,2024-08-14,9675,2024-05-31,1808,022951,NA,5,2,6,3026,0,1,1,NA,2,406,I-405 NORTHBOUND,JAMBOREE RD.,1056,N,N,A,-,Y,ORA,NA,405,NA,NA,7.135,H,NA,R,N,4,0,2,3,A,-,03,22350,NA,N,C,C,A,A,H,-,A,D,0,NA,NA,NA,Y,Y,NA,F,26,0,0,2,0,0,0,0,0,0,-,-,33.67837905883789,-117.84681701660156,ORANGE,IRVINE,-117.84681701660156,33.678382873535156
92407361,2024,2024-06-06,9675,2024-05-29,1615,022521,NA,3,2,6,3015,0,1,1,NA,2,502,I-5 NORTHBOUND,CHAPMAN AVE,528,S,N,A,-,Y,ORA,NA,5,NA,NA,34.837,H,NA,R,Y,3,0,4,4,A,-,03,22350,NA,N,C,C,A,A,H,-,A,D,0,NA,NA,NA,NA,Y,NA,A,07,0,1,3,0,0,0,0,0,0,-,-,33.7877082824707,-117.88559722900392,ORANGE,ORANGE,-117.88558959960938,33.787715911865234
92407448,2024,2024-06-06,9670,2024-05-28,2140,021821,NA,2,2,7,3001,0,1,1,NA,2,502,I-5 N/B,EUCLID ST,1056,S,N,A,-,Y,ORA,NA,5,NA,NA,39.267,H,NA,R,Y,4,0,1,3,A,-,01,23152,A,N,C,C,A,A,H,-,C,D,0,NA,NA,NA,NA,Y,Y,A,01,0,0,1,0,0,0,0,0,0,-,-,33.83470916748047,-117.93746948242188,ORANGE,ANAHEIM,-117.93746948242188,33.8347053527832
9240774,2021,2021-04-01,3009,2021-02-02,0632,4762,093,2,5,6,3009,0,0,0,NA,0,012,CHAPMAN AV,GILBERT ST,988,E,N,A,-,N,NA,NA,NA,NA,NA,NA,NA,NA,NA,N,4,0,1,2,A,-,08,22107,NA,M,G,B,F,A,H,-,B,D,0,Y,NA,NA,NA,Y,NA,-,99,0,0,1,0,1,0,0,0,0,-,-,NA,NA,ORANGE,GARDEN GROVE,-117.96416473388672,33.788490295410156
9241134,2021,2021-03-30,3008,2021-02-28,1256,1511,ZONE1,7,5,6,3008,0,0,0,NA,0,NA,ORANGETHORPE AV,BROOKHURST RD,0,NA,Y,A,-,NA,NA,NA,NA,NA,NA,NA,NA,NA,NA,Y,4,0,3,2,A,-,12,21453,A,N,D,C,A,A,H,-,A,A,0,NA,NA,NA,NA,Y,NA,A,07,0,0,3,0,0,0,0,0,0,-,-,NA,NA,ORANGE,FULLERTON,-117.95931243896484,33.859195709228516
92412664,2024,2024-06-12,9690,2024-05-31,1856,022694,NA,5,2,4,3018,0,1,1,NA,2,057,I-5 N/B,PACIFIC COAST HIGHWAY,7920,N,N,A,-,Y,ORA,NA,5,NA,NA,7.775,H,NA,R,Y,3,0,2,2,A,-,03,22350,NA,N,C,C,A,A,H,-,B,D,0,NA,NA,NA,NA,Y,NA,A,07,0,1,1,0,0,0,0,0,0,-,-,33.479251861572266,-117.67176818847656,ORANGE,SAN JUAN CAPISTRANO,-117.6717529296875,33.47924041748047
92413545,2024,2024-06-13,9675,2024-06-11,1927,021874,NA,2,2,5,3022,0,1,1,NA,2,503,I-5 SOUTHBOUND,TUSTIN RANCH RD,1200,N,N,A,-,Y,ORA,NA,5,NA,R,28.465,H,NA,L,N,4,0,1,2,A,-,07,21658,A,N,B,C,A,A,H,-,D,D,0,NA,NA,NA,NA,Y,NA,A,01,0,0,1,0,0,0,0,0,0,-,-,33.7274284362793,-117.80696868896484,ORANGE,TUSTIN,-117.8069305419922,33.72747039794922
92413549,2024,2024-06-13,9675,2024-06-10,1724,018985,NA,1,2,6,3026,0,1,1,NA,2,407,I-405 N/B FROM IRVINE CENTER DRIVE,IRVINE CENTER DRIVE,350,S,N,A,-,Y,ORA,NA,405,NA,NA,0.878,H,NA,R,N,4,0,1,2,D,-,00,NA,NA,N,C,C,A,A,H,-,A,B,0,NA,NA,NA,NA,Y,NA,-,-,0,0,1,0,0,0,0,0,0,-,-,33.64815902709961,-117.74594116210938,ORANGE,IRVINE,-117.74604034423828,33.647918701171875
92414086,2024,2024-06-13,9690,2024-06-01,2358,022694,NA,6,3,4,3029,0,1,1,NA,2,058,I-5 S/B,PACIFIC COAST HIGHWAY,5,S,N,C,-,Y,ORA,NA,5,NA,NA,6.786,H,NA,L,Y,2,0,2,2,A,-,03,22350,NA,N,A,C,A,B,H,-,C,D,0,NA,NA,NA,Y,Y,NA,A,07,1,1,0,0,0,0,0,0,0,-,-,33.4669303894043,-117.67011260986328,ORANGE,DANA POINT,-117.67005920410156,33.467010498046875
92419708,2024,2024-06-20,9670,2024-06-15,1620,023139,NA,6,2,7,3001,0,1,1,NA,2,502,I-5 N/B,BROADWAY,318,S,N,A,-,Y,ORA,NA,5,NA,NA,38.601,H,NA,R,N,4,0,1,2,A,-,03,22350,NA,N,C,C,A,A,H,-,A,D,0,NA,NA,NA,NA,Y,NA,A,01,0,0,1,0,0,0,0,0,0,-,-,33.828941345214844,-117.92826080322266,ORANGE,ANAHEIM,-117.92822265625,33.8289680480957
92422991,2024,2024-06-25,9670,2024-06-21,1438,022493,NA,5,2,7,3001,0,1,3,NA,2,094,SR-91 W/B (RIVERSIDE FREEWAY),RAYMOND AVE,1400,E,N,A,-,Y,ORA,NA,91,NA,NA,4.536,H,NA,L,N,3,0,1,3,A,-,03,22350,NA,N,D,C,A,A,H,-,A,D,0,NA,NA,NA,NA,Y,NA,D,22,0,1,0,0,0,0,0,0,0,-,-,33.85395812988281,-117.90202331542967,ORANGE,ANAHEIM,-117.90202331542967,33.85398864746094
92423074,2024,2024-06-25,9675,2024-06-17,1130,023634,NA,1,1,7,3019,0,1,1,NA,2,502,I-5 NORTHBOUND,GRAND AVE,1500,S,N,B,-,Y,ORA,NA,5,NA,NA,31.43,H,NA,R,N,4,0,1,2,A,-,03,22350,NA,M,C,C,A,A,H,-,A,D,0,NA,NA,NA,NA,Y,NA,A,01,0,0,1,0,0,0,0,0,0,-,-,33.752349853515625,-117.84636688232422,ORANGE,SANTA ANA,-117.84635925292967,33.752357482910156
92426308,2024,2024-06-28,9675,2024-06-20,1345,020851,NA,4,1,6,3004,0,1,1,NA,2,405,I-405 N/B FROM HARBOR BLVD. N/B,HARBOR BLVD.,280,S,N,A,-,Y,NA,NA,NA,NA,NA,NA,NA,NA,NA,N,3,0,1,2,A,-,09,21804,A,F,B,G,A,A,H,-,A,D,0,NA,Y,NA,NA,Y,NA,L,04,0,1,0,0,0,0,1,0,0,-,-,33.68836975097656,-117.91918182373048,ORANGE,COSTA MESA,-117.91855621337892,33.68901824951172
92427894,2024,2024-07-02,9675,2024-06-25,1625,022521,NA,2,2,7,3001,0,1,3,NA,2,194,SR-91 EASTBOUND,IMPERIAL HWY,400,W,N,A,-,Y,ORA,NA,91,NA,R,11.464,H,NA,R,Y,3,0,3,2,A,-,08,22107,NA,N,C,C,A,A,H,-,A,D,0,NA,NA,NA,NA,Y,NA,A,01,0,1,2,0,0,0,0,0,0,-,-,33.854129791259766,-117.79216766357422,ORANGE,ANAHEIM,-117.79216766357422,33.8541374206543
92427950,2024,2024-10-14,9675,2024-06-23,140,023293,NA,7,3,7,3001,0,1,3,NA,2,095,SR-91 EASTBOUND,COAL CANYON RD,3010,W,N,A,-,Y,ORA,NA,91,NA,R,17.356,H,NA,R,N,4,0,2,2,C,-,18,NA,NA,N,C,C,A,A,H,-,D,D,0,NA,NA,NA,NA,Y,NA,-,-,0,0,2,0,0,0,0,0,0,-,-,33.87316131591797,-117.69695281982422,ORANGE,ANAHEIM,-117.6969757080078,33.873226165771484
92435091,2024,2024-07-10,9675,2024-07-02,1330,020851,NA,2,1,7,3001,0,1,3,NA,2,093,SR-91 TO TUSTIN AVE.,TUSTIN AVE,450,W,N,A,-,Y,NA,NA,NA,NA,NA,NA,NA,NA,NA,N,3,0,1,2,A,-,06,21755,A,F,B,2,A,A,H,-,A,D,0,NA,NA,Y,NA,Y,NA,-,99,0,1,0,0,0,0,0,0,1,-,-,33.850799560546875,-117.83973693847656,ORANGE,ANAHEIM,-117.8394012451172,33.851524353027344
92435296,2024,2024-07-10,9670,2024-06-29,1002,018278,NA,6,1,6,3009,0,1,3,NA,2,023,SR-22 W/B,EUCLID ST,1320,W,N,A,-,Y,ORA,NA,22,NA,R,6.316,H,NA,L,Y,4,0,1,3,A,-,07,21658,A,M,B,C,A,A,H,-,A,D,0,NA,NA,NA,NA,Y,Y,-,99,0,0,1,0,0,0,0,0,0,-,-,33.766090393066406,-117.94654846191406,ORANGE,GARDEN GROVE,-117.94654846191406,33.76605987548828
92435372,2024,2024-07-10,9670,2024-07-02,1004,018278,NA,2,1,6,3015,0,1,3,NA,2,121,SR-22 W/B,SPRINGDALE ST.,1109,E,N,A,-,Y,ORA,NA,22,NA,R,2.14,H,NA,L,Y,4,0,1,2,A,-,08,22107,NA,N,B,F,A,A,D,-,A,D,0,NA,NA,NA,NA,Y,NA,A,01,0,0,1,0,0,0,0,0,0,-,-,33.77431869506836,-118.01660919189452,ORANGE,ORANGE,-118.01660919189452,33.77436828613281
92435986,2024,2024-07-11,9690,2024-06-24,2325,020472,NA,1,3,5,3028,0,1,1,NA,2,055,I-5 N/B (SAN DIEGO FRWY),LA PAZ ROAD,325,S,N,A,-,Y,NA,NA,NA,NA,NA,NA,NA,NA,NA,Y,3,0,1,1,A,-,08,22107,NA,N,E,I,A,A,D,-,C,D,0,NA,NA,NA,NA,Y,Y,A,01,0,1,0,0,0,0,0,0,0,-,-,33.59754943847656,-117.67514801025392,ORANGE,MISSION VIEJO,-117.67562103271484,33.5975341796875
92436630,2024,2024-07-12,9670,2024-07-04,2245,022330,NA,4,3,7,3001,0,1,1,NA,2,503,I-5 N/B FROM DISNEYLAND DR.,BALL RD.,1000,N,N,A,-,Y,NA,NA,NA,NA,NA,NA,NA,NA,NA,N,4,0,1,2,A,-,07,21658,A,M,B,C,A,A,H,-,C,D,0,NA,NA,NA,NA,Y,NA,A,01,0,0,1,0,0,0,0,0,0,-,-,33.8213005065918,-117.92286682128906,ORANGE,ANAHEIM,-117.91991424560548,33.82012176513672
92436631,2024,2024-07-12,9670,2024-07-05,155,022519,NA,5,3,6,3008,0,1,3,NA,2,093,SR-91 W/B,I-5 N/B,1000,E,N,A,-,Y,ORA,NA,91,NA,NA,0.687,H,NA,L,Y,3,0,1,2,A,-,01,23152,A,N,C,C,A,A,H,-,C,D,0,NA,NA,NA,NA,Y,Y,A,01,0,1,0,0,0,0,0,0,0,-,-,33.85506820678711,-117.9686279296875,ORANGE,FULLERTON,-117.96867370605467,33.854976654052734
92442308,2024,2024-07-18,9670,2024-07-13,630,020523,NA,6,1,7,3001,0,1,1,NA,2,502,I-5 N/B,BROOKHURST ST,528,S,N,B,-,Y,ORA,NA,5,NA,NA,40.497,H,NA,R,Y,4,0,1,1,A,-,08,22107,NA,N,F,I,A,A,H,-,A,D,0,NA,NA,NA,NA,Y,NA,A,01,0,0,1,0,0,0,0,0,0,-,-,33.843990325927734,-117.95574951171876,ORANGE,ANAHEIM,-117.95590209960938,33.843833923339844
92442602,2024,2024-07-18,9675,2024-07-15,1356,016748,NA,1,1,5,3016,0,1,3,NA,2,571,SR-57 SOUTHBOUND,ORANGETHORPE AVENUE,100,N,N,A,-,Y,ORA,NA,57,NA,NA,16.433,H,NA,L,N,4,0,1,2,A,-,03,22350,NA,N,C,C,A,A,H,-,A,D,0,NA,NA,NA,NA,Y,NA,A,01,0,0,1,0,0,0,0,0,0,-,-,33.86164855957031,-117.87744903564452,ORANGE,PLACENTIA,-117.8774871826172,33.86164093017578
92443838,2024,2024-07-19,9690,2024-07-12,1215,019394,NA,5,1,5,3028,0,1,1,NA,2,056,I-5 N/B (SAN DIEGO FRWY),OSO PKWY.,3390,S,N,A,-,Y,ORA,NA,5,NA,NA,14.567,H,NA,R,N,4,0,1,2,A,-,03,22350,NA,N,C,C,A,A,H,-,A,D,0,NA,NA,NA,NA,Y,NA,A,01,0,0,1,0,0,0,0,0,0,-,-,33.57065963745117,-117.67169189453124,ORANGE,MISSION VIEJO,-117.67177581787108,33.57065963745117
9244849,2021,2021-04-05,3008,2021-01-07,1727,1606,ZONE1,4,5,6,3008,0,0,0,NA,0,NA,ORANGETHORPE AV,PECKHAM ST,0,NA,Y,A,-,N,NA,NA,NA,NA,NA,NA,NA,NA,NA,Y,4,0,1,2,A,-,08,22107,NA,N,D,C,A,A,H,-,C,D,0,NA,NA,NA,NA,Y,NA,A,07,0,0,1,0,0,0,0,0,0,-,-,NA,NA,ORANGE,FULLERTON,-117.97073364257813,33.8591423034668
9244910,2021,2021-04-05,3000,2021-01-29,1310,9135,891E7,5,5,3,3051,0,0,0,NA,0,180,MOULTON PKWY,CALLE ARAGON,50,N,N,B,C,N,NA,NA,NA,NA,NA,NA,NA,NA,NA,Y,4,0,1,2,A,-,03,22350,NA,N,C,C,A,B,H,-,A,A,0,NA,NA,NA,NA,Y,NA,A,01,0,0,1,0,0,0,0,0,0,-,-,NA,NA,ORANGE,LAGUNA WOODS,-117.71644592285156,33.59972381591797
9244951,2021,2021-04-01,3008,2021-01-12,1700,1329,NA,2,5,6,3008,0,0,0,NA,0,NA,HARBOR BL,CHAPALA,30,S,N,A,-,N,NA,NA,NA,NA,NA,NA,NA,NA,NA,NA,4,0,1,2,A,-,08,22107,NA,N,B,C,A,A,H,-,B,A,0,NA,NA,NA,NA,Y,NA,A,01,0,0,1,0,0,0,0,0,0,-,-,NA,NA,ORANGE,FULLERTON,NA,NA
9244958,2021,2021-04-01,3009,2021-01-19,1757,3739,116,2,5,6,3009,0,0,0,NA,0,2-3,WESTMINSTER AV,LAKE ST,250,W,N,A,-,N,NA,NA,NA,NA,NA,NA,NA,NA,NA,N,4,0,1,2,A,-,07,21658,A,M,B,C,A,A,H,-,C,A,0,NA,NA,NA,NA,Y,NA,-,99,0,0,1,0,0,0,0,0,0,-,-,NA,NA,ORANGE,GARDEN GROVE,-117.94512176513672,33.759552001953125
9245617,2021,2021-04-02,3009,2021-03-05,1809,4626,076,5,5,6,3009,0,0,0,NA,0,013,MAGNOLIA ST,RT 22,0,NA,Y,A,-,Y,ORA,12,22,-,R,5.001,R,4,E,Y,3,0,1,2,A,-,12,21453,A,N,A,C,A,A,H,-,B,A,0,NA,NA,NA,NA,Y,NA,-,-,0,1,0,0,0,0,0,0,0,-,EO,NA,NA,ORANGE,GARDEN GROVE,-117.96955871582033,33.76577377319336
9246459,2021,2021-04-06,3002,2021-02-05,1950,3893,741B5,5,5,5,3025,0,0,0,NA,0,004,LA PLAMA AV,LOMAS DE YORBA W,1671,W,N,A,-,N,NA,NA,NA,NA,NA,NA,NA,NA,NA,Y,4,0,1,1,A,-,03,22350,NA,N,E,I,A,A,H,-,C,D,0,NA,NA,NA,NA,Y,NA,A,01,0,0,1,0,0,0,0,0,0,-,-,NA,NA,ORANGE,YORBA LINDA,-117.74070739746094,33.88235855102539