CASE_ID,ACCIDENT_YEAR,PROC_DATE,JURIS,COLLISION_DATE,COLLISION_TIME,OFFICER_ID,REPORTING_DISTRICT,DAY_OF_WEEK,CHP_SHIFT,POPULATION,CNTY_CITY_LOC,SPECIAL_COND,BEAT_TYPE,CHP_BEAT_TYPE,CITY_DIVISION_LAPD,CHP_BEAT_CLASS,BEAT_NUMBER,PRIMARY_RD,SECONDARY_RD,DISTANCE,DIRECTION,INTERSECTION,WEATHER_1,WEATHER_2,STATE_HWY_IND,CALTRANS_COUNTY,CALTRANS_DISTRICT,STATE_ROUTE,ROUTE_SUFFIX,POSTMILE_PREFIX,POSTMILE,LOCATION_TYPE,RAMP_INTERSECTION,SIDE_OF_HWY,TOW_AWAY,COLLISION_SEVERITY,NUMBER_KILLED,NUMBER_INJURED,PARTY_COUNT,PRIMARY_COLL_FACTOR,PCF_CODE_OF_VIOL,PCF_VIOL_CATEGORY,PCF_VIOLATION,PCF_VIOL_SUBSECTION,HIT_AND_RUN,TYPE_OF_COLLISION,MVIW,PED_ACTION,ROAD_SURFACE,ROAD_COND_1,ROAD_COND_2,LIGHTING,CONTROL_DEVICE,CHP_ROAD_TYPE,PEDESTRIAN_ACCIDENT,BICYCLE_ACCIDENT,MOTORCYCLE_ACCIDENT,TRUCK_ACCIDENT,NOT_PRIVATE_PROPERTY,ALCOHOL_INVOLVED,STWD_VEHTYPE_AT_FAULT,CHP_VEHTYPE_AT_FAULT,COUNT_SEVERE_INJ,COUNT_VISIBLE_INJ,COUNT_COMPLAINT_PAIN,COUNT_PED_KILLED,COUNT_PED_INJURED,COUNT_BICYCLIST_KILLED,COUNT_BICYCLIST_INJURED,COUNT_MC_KILLED,COUNT_MC_INJURED,PRIMARY_RAMP,SECONDARY_RAMP,LATITUDE,LONGITUDE,COUNTY,CITY,POINT_X,POINT_Y
94544956,2025,2025-01-21,9675,2025-01-21,1121,021691,NA,2,1,6,3015,0,1,3,NA,2,222,SR-22 EASTBOUND TO SR-55 NORTHBOUND,TUSTIN ST,100,E,N,A,-,Y,ORA,NA,22,NA,R,12.9,H,NA,R,Y,3,0,4,3,A,-,03,22350,NA,N,C,C,A,A,H,-,A,D,0,NA,NA,NA,NA,Y,NA,A,07,0,2,2,0,0,0,0,0,0,-,-,33.77627182006836,-117.83525848388672,ORANGE,ORANGE,-117.83526611328124,33.77623748779297
94552321,2025,2025-01-28,9675,2025-01-24,1720,023136,NA,5,2,6,3015,0,1,3,NA,2,222,SR-22 WESTBOUND,THE CITY DRIVE,475,E,N,A,-,Y,ORA,NA,22,NA,R,9.845,H,NA,L,N,4,0,1,2,A,-,03,22350,NA,F,C,C,A,A,H,-,A,D,0,NA,NA,NA,NA,Y,NA,-,99,0,0,1,0,0,0,0,0,0,-,-,33.779109954833984,-117.88719177246094,ORANGE,ORANGE,-117.88719177246094,33.77909469604492
94552374,2025,2025-01-28,9675,2025-01-26,740,022909,NA,7,1,7,3001,0,1,3,NA,2,093,SR-91 WESTBOUND,RIVERDALE AVE,900,E,N,B,C,Y,ORA,NA,91,NA,R,9.01,H,NA,L,Y,3,0,1,1,A,-,03,22350,NA,N,E,8,A,B,H,-,A,D,0,NA,NA,NA,NA,Y,NA,A,01,0,1,0,0,0,0,0,0,0,-,-,33.845611572265625,-117.82977294921876,ORANGE,ANAHEIM,-117.8298110961914,33.8455696105957
9455256,2022,2022-07-11,3012,2022-06-04,1700,702,14,6,5,5,3012,0,0,0,NA,0,001,WHITTIER BL,IDAHO ST,134,W,N,A,-,Y,ORA,12,39,-,-,21.18,H,-,N,Y,4,0,1,2,A,-,03,22350,NA,F,C,C,A,A,H,-,A,A,0,NA,NA,NA,NA,Y,NA,D,22,0,0,1,0,0,0,0,0,0,-,-,NA,NA,ORANGE,LA HABRA,-117.95977783203124,33.939109802246094
94554892,2025,2025-01-30,9670,2025-01-21,1315,016271,NA,2,1,4,3020,0,1,1,NA,2,045,I-405 S/B,SEAL BEACH BLVD,1637,S,N,A,-,Y,ORA,NA,405,NA,NA,22.323,H,NA,L,N,4,0,1,2,A,-,07,21658,A,N,C,C,A,A,H,-,A,A,0,NA,NA,NA,Y,Y,NA,F,27,0,0,1,0,0,0,0,0,0,-,-,33.77408981323242,-118.06958770751952,ORANGE,SEAL BEACH,-118.06958770751952,33.774234771728516
9455660,2022,2022-06-28,3005,2022-06-15,0256,8294,C23,3,5,4,3005,0,0,0,NA,0,002,BALL RD,HOLDER ST,0,NA,Y,A,-,N,NA,NA,NA,NA,NA,NA,NA,NA,NA,N,3,0,1,1,A,-,08,22107,NA,N,E,I,A,A,H,-,C,A,0,NA,NA,NA,NA,Y,NA,A,01,0,1,0,0,0,0,0,0,0,-,-,NA,NA,ORANGE,CYPRESS,-118.01950073242188,33.817176818847656
9456210,2022,2022-06-27,3009,2022-06-01,0529,4844,055,3,5,6,3009,0,0,0,NA,0,1-1,BEACH BL,GARDEN GROVE BL,0,NA,Y,A,-,Y,ORA,12,39,-,-,8.665,I,5,S,N,3,0,1,2,A,-,05,21650,1,M,D,G,A,A,H,-,C,A,0,NA,Y,NA,NA,Y,NA,L,04,0,1,0,0,0,0,1,0,0,-,-,NA,NA,ORANGE,GARDEN GROVE,-117.99292755126952,33.773807525634766
9456461,2022,2022-06-14,3010,2022-05-11,0011,3004,NA,3,5,6,3010,0,0,0,NA,0,NA,FRANKFORT,RT 39,33,E,-,A,-,N,NA,NA,NA,NA,NA,NA,NA,NA,NA,Y,3,0,1,1,A,-,01,23152,A,M,A,I,A,A,H,-,C,D,0,NA,NA,NA,NA,Y,Y,A,01,0,1,0,0,0,0,0,0,0,-,-,NA,NA,ORANGE,HUNTINGTON BEACH,-117.98860931396484,33.664710998535156
94565189,2025,2025-02-04,9690,2025-01-17,1705,022263,NA,5,2,5,3028,0,1,1,NA,2,055,I-5 S/B TO LA PAZ RD,LA PAZ RD,2000,N,N,A,-,Y,NA,NA,NA,NA,NA,NA,NA,NA,NA,Y,3,0,1,3,A,-,08,22107,NA,N,F,A,A,A,H,-,C,D,0,NA,NA,NA,NA,Y,NA,A,07,0,1,0,0,0,0,0,0,0,-,-,33.598331451416016,-117.67790222167967,ORANGE,MISSION VIEJO,-117.68221282958984,33.600650787353516
9456806,2022,2022-06-27,3009,2022-06-08,1134,4352,074,3,5,6,3009,0,0,0,NA,0,011,GARDEN GROVE BL,NEWLAND ST,0,NA,Y,A,-,N,NA,NA,NA,NA,NA,NA,NA,NA,NA,Y,4,0,3,2,A,-,09,21801,A,N,D,C,A,A,H,-,A,A,0,NA,NA,NA,NA,Y,NA,A,01,0,0,3,0,0,0,0,0,0,-,-,NA,NA,ORANGE,GARDEN GROVE,-117.981201171875,33.77394104003906
94569265,2025,2025-02-06,9675,2025-01-08,445,022081,NA,3,3,9,3000,0,1,3,NA,2,240,SR-241 SOUTHBOUND,SANTIAGO CANYON RD,300,N,N,G,-,Y,ORA,NA,241,NA,NA,30.214,H,NA,L,Y,3,0,1,1,C,-,18,NA,NA,N,E,I,A,A,H,-,D,B,0,NA,NA,NA,Y,Y,NA,-,-,0,1,0,0,0,0,0,0,0,-,-,33.7541389465332,-117.73210144042967,ORANGE,UNINCORPORATED,-117.73224639892578,33.75408935546875
94569815,2025,2025-02-07,9675,2025-02-03,2013,023208,NA,1,2,7,3001,0,1,3,NA,2,094,SR-91 EASTBOUND,IMPERIAL HIGHWAY,3800,W,N,A,-,Y,ORA,NA,91,NA,R,10.858,H,NA,R,N,4,0,1,1,A,-,08,22107,NA,N,E,J,A,A,H,-,C,C,0,NA,NA,NA,NA,Y,NA,A,01,0,0,1,0,0,0,0,0,0,-,-,33.85411071777344,-117.80287933349608,ORANGE,ANAHEIM,-117.80287933349608,33.85429382324219
94570067,2025,2025-02-07,9675,2025-01-28,1622,018887,NA,2,2,6,3015,0,1,3,NA,2,222,SR-22 WESTBOUND,THE CITY DRIVE,1056,W,N,A,-,Y,ORA,NA,22,NA,R,9.651,H,NA,L,N,4,0,1,3,A,-,03,22350,NA,N,C,C,A,A,H,-,A,D,0,NA,NA,NA,NA,Y,NA,A,01,0,0,1,0,0,0,0,0,0,-,-,33.779178619384766,-117.89237213134766,ORANGE,ORANGE,-117.89237213134766,33.77910232543945
94571679,2024,2025-02-10,9670,2024-12-29,658,020523,NA,7,1,5,3003,0,1,3,NA,2,191,STATE ROUTE 91 (ARTESIA FREEWAY) WESTBOUND,VALLEY VIEW STREET,34,E,N,E,-,Y,ORA,NA,91,NA,R,0.864,H,NA,L,Y,1,1,0,1,A,-,08,22107,NA,N,E,8,A,B,H,-,C,D,0,NA,NA,NA,NA,Y,NA,A,01,0,0,0,0,0,0,0,0,0,-,-,33.856651306152344,-118.02839660644533,ORANGE,BUENA PARK,-118.02835845947266,33.85675811767578
94573921,2025,2025-02-11,9670,2025-02-03,1350,016741,NA,1,1,9,3000,0,3,5,NA,2,005,NEWLAND ST,WASHINGTON AVE,0,NA,Y,A,-,N,NA,NA,NA,NA,NA,NA,NA,NA,NA,N,4,0,2,2,A,-,09,21802,A,N,D,C,A,A,H,-,A,A,0,NA,NA,NA,NA,Y,Y,D,22,0,0,2,0,0,0,0,0,0,-,-,33.746578216552734,-117.98098754882813,ORANGE,UNINCORPORATED,-117.98088073730467,33.74659729003906
94579045,2025,2025-02-13,9675,2025-02-10,850,021305,NA,1,1,6,3004,0,1,3,NA,2,553,SR-55 SOUTHBOUND,BAKER STREET,131,N,N,A,-,Y,ORA,NA,55,NA,R,5.37,H,NA,L,N,4,0,1,2,A,-,08,22107,NA,N,B,C,A,A,H,-,A,D,0,NA,NA,NA,NA,Y,NA,-,-,0,0,1,0,0,0,0,0,0,-,-,33.680328369140625,-117.87905883789063,ORANGE,COSTA MESA,-117.8791046142578,33.68035888671875
94580527,2025,2025-02-17,9675,2025-02-12,224,021960,NA,3,3,6,3015,0,2,S,NA,2,901,TRAILS END LANE,E WHITE OAK RIDGE,242,S,N,B,-,N,NA,NA,NA,NA,NA,NA,NA,NA,NA,Y,3,0,2,1,A,-,03,22350,NA,N,E,8,A,A,H,-,C,D,0,NA,NA,NA,NA,Y,NA,A,07,0,2,0,0,0,0,0,0,0,-,-,33.791648864746094,-117.76776123046876,ORANGE,ORANGE,-117.76750183105467,33.792301177978516
94582075,2025,2025-02-18,9670,2025-02-07,1830,022456,NA,5,2,5,3003,0,1,3,NA,2,093,SR-91 W/B,VALLEY VIEW,500,E,N,A,-,Y,ORA,NA,91,NA,R,1.294,H,NA,L,Y,3,0,1,2,A,-,08,22107,NA,N,C,C,A,A,H,-,C,D,0,NA,NA,NA,Y,Y,NA,A,01,0,1,0,0,0,0,0,0,0,-,-,33.85607147216797,-118.02094268798828,ORANGE,BUENA PARK,-118.02094268798828,33.856021881103516
94582790,2025,2025-02-18,9670,2025-02-12,518,016741,NA,3,3,5,3007,0,1,1,NA,2,041,I-405 S/B,BROOKHURST ST,300,N,N,C,-,Y,NA,NA,NA,NA,NA,NA,NA,NA,NA,N,4,0,1,1,A,-,03,22350,NA,N,F,A,A,B,H,-,C,D,0,NA,NA,NA,NA,Y,NA,A,01,0,0,1,0,0,0,0,0,0,-,-,33.70563888549805,-117.95546722412108,ORANGE,FOUNTAIN VALLEY,-117.95498657226563,33.705711364746094
94585625,2025,2025-02-20,9675,2025-01-12,253,023521,NA,7,3,5,3022,0,1,1,NA,2,503,I-5 NORTHBOUND,TUSTIN RANCH ROAD,400,S,N,A,-,Y,ORA,NA,5,NA,NA,28.165,H,NA,R,N,3,0,1,2,A,-,03,22350,NA,M,C,C,A,A,H,-,C,D,0,NA,NA,NA,NA,Y,NA,A,01,0,1,0,0,0,0,0,0,0,-,-,33.724998474121094,-117.80264282226563,ORANGE,TUSTIN,-117.80265808105467,33.72498321533203
94588512,2025,2025-02-25,9675,2025-02-13,1345,022234,NA,4,1,5,3022,0,2,4,NA,2,021,DODGE AVE. (18800 BLOCK),HEWES AVE.,485,E,N,B,C,Y,NA,NA,NA,NA,NA,NA,NA,NA,NA,N,4,0,1,2,A,-,08,22107,NA,N,C,E,A,B,H,-,A,D,0,NA,NA,NA,NA,Y,NA,A,07,0,0,1,0,0,0,0,0,0,-,-,33.765899658203125,-117.8041763305664,ORANGE,TUSTIN,-117.80430603027344,33.76593017578125
9458907,2022,2022-09-13,3000,2022-05-15,0900,3540,891G6,7,5,5,3050,0,0,0,NA,0,6M62,EL TORO RD,ARBOR WY,0,NA,Y,A,-,N,NA,NA,NA,NA,NA,NA,NA,NA,NA,Y,3,0,1,2,A,-,12,21453,A,N,D,C,A,A,H,-,A,A,0,NA,NA,NA,NA,Y,NA,D,22,0,1,0,0,0,0,0,0,0,-,-,33.61928939819336,-117.70124816894533,ORANGE,LAKE FOREST,-117.7027587890625,33.61861801147461
94589788,2025,2025-02-25,9675,2025-02-14,1835,023293,NA,5,2,7,3001,0,1,3,NA,2,093,SR-91 WESTBOUND,STATE COLLEGE BLVD,1690,E,N,A,-,Y,ORA,NA,91,NA,NA,5.62,H,NA,L,N,4,0,1,2,A,-,03,22350,NA,F,C,C,A,A,H,-,D,A,0,NA,NA,NA,NA,Y,NA,-,99,0,0,1,0,0,0,0,0,0,-,-,33.853309631347656,-117.88346099853516,ORANGE,ANAHEIM,-117.88345336914063,33.85332489013672
94591021,2025,2025-02-26,9675,2025-02-17,820,022993,NA,1,1,6,3015,0,1,3,NA,2,550,SR-55 SOUTHBOUND,KATELLA AVE,1056,S,N,A,-,Y,ORA,NA,55,NA,NA,14.67,H,NA,L,Y,3,0,1,5,A,-,03,22350,NA,N,B,2,A,A,H,-,A,D,0,NA,NA,Y,NA,Y,NA,C,02,0,1,0,0,0,0,0,0,1,-,-,33.80170822143555,-117.83161926269533,ORANGE,ORANGE,-117.83170318603516,33.80170440673828
94593183,2025,2025-02-28,9675,2025-02-18,2250,023004,NA,2,3,7,3001,0,1,3,NA,2,240,SR-241 N/B TO SR-91 W/B,SANTA ANA CANYON RD,1320,S,N,A,-,Y,NA,NA,NA,NA,NA,NA,NA,NA,NA,Y,4,0,1,1,A,-,08,22107,NA,N,F,I,A,A,H,-,D,D,0,NA,NA,NA,NA,Y,NA,A,01,0,0,1,0,0,0,0,0,0,-,-,33.86191940307617,-117.71591186523438,ORANGE,ANAHEIM,NA,NA
94594555,2025,2025-12-19,9675,2025-02-17,1855,022639,NA,1,2,6,3026,0,1,1,NA,2,530,I-5 NORTHBOUND,YALE AVENUE,1000,N,N,A,-,Y,ORA,NA,5,NA,R,25.988,H,NA,R,Y,4,0,1,2,A,-,03,22350,NA,N,C,C,A,A,H,-,C,D,0,NA,NA,NA,NA,Y,NA,A,01,0,0,1,0,0,0,0,0,0,-,-,33.702640533447266,-117.77662658691406,ORANGE,IRVINE,-117.77652740478516,33.70268630981445
94595074,2025,2025-03-03,9670,2025-03-01,1825,022519,NA,6,2,6,3009,0,1,3,NA,2,024,SR-22 E/B,HARBOR BLVD,500,E,N,A,-,Y,ORA,NA,22,NA,R,8.432,H,NA,R,N,3,0,2,2,A,-,03,22350,NA,N,C,C,A,A,H,-,C,D,0,NA,NA,Y,NA,Y,NA,C,06,0,2,0,0,0,0,0,0,0,-,-,33.77159118652344,-117.9101333618164,ORANGE,GARDEN GROVE,-117.91014862060548,33.77162170410156
9459911,2021,2022-06-23,3016,2021-06-12,0835,1296,30,6,5,5,3016,0,0,0,NA,0,002,CHAPMAN AV,CENTRAL AV,0,NA,Y,A,-,N,NA,NA,NA,NA,NA,NA,NA,NA,NA,Y,4,0,1,2,A,-,12,21453,A,N,D,C,A,A,H,-,A,A,0,NA,NA,NA,NA,Y,NA,A,01,0,0,1,0,0,0,0,0,0,-,-,33.871238708496094,-117.85507965087892,ORANGE,PLACENTIA,-117.85505676269533,33.871158599853516
94599953,2025,2025-03-18,9675,2025-02-26,1830,021960,NA,3,2,7,3019,0,1,1,NA,2,502,I-5 SOUTHBOUND,4TH STREET,150,S,N,A,-,Y,ORA,NA,5,NA,NA,31.045,H,NA,L,Y,4,0,1,2,A,-,03,22350,NA,N,C,C,A,A,H,-,C,D,0,NA,NA,NA,NA,Y,NA,A,01,0,0,1,0,0,0,0,0,0,-,-,33.7475700378418,-117.84332275390624,ORANGE,SANTA ANA,-117.84325408935548,33.747589111328125
94600159,2025,2025-03-18,9675,2025-02-28,1430,024260,NA,5,2,9,3000,0,3,5,NA,2,002,17TH STREET,LAMBETH WAY,0,NA,Y,A,-,N,NA,NA,NA,NA,NA,NA,NA,NA,NA,Y,3,0,1,2,A,-,09,21801,A,N,D,C,A,A,H,-,A,D,0,NA,NA,NA,NA,Y,NA,A,01,0,1,0,0,0,0,0,0,0,-,-,33.7598991394043,-117.8169174194336,ORANGE,UNINCORPORATED,-117.8169174194336,33.759952545166016
9460905,2021,2022-06-30,3016,2021-06-28,0743,1254,18,1,5,5,3016,0,0,0,NA,0,002,CHAPMAN AV,PLACENTIA AV,41,E,N,A,-,N,NA,NA,NA,NA,NA,NA,NA,NA,NA,N,4,0,1,2,A,-,03,22350,NA,F,C,C,A,A,H,-,A,A,0,NA,NA,NA,NA,Y,NA,D,22,0,0,1,0,0,0,0,0,0,-,-,33.8739013671875,-117.87899017333984,ORANGE,PLACENTIA,-117.87887573242188,33.873863220214844
94610359,2025,2025-03-19,9675,2025-03-08,1626,023136,NA,6,2,7,3001,0,1,3,NA,2,094,SR-91 EASTBOUND,IMPERIAL HIGHWAY,6252,E,N,A,-,Y,ORA,NA,91,NA,R,12.725,H,NA,R,Y,4,0,1,4,A,-,03,22350,NA,N,C,C,A,A,H,-,A,D,0,NA,NA,NA,NA,Y,NA,A,01,0,0,1,0,0,0,0,0,0,-,-,33.86265182495117,-117.77233123779295,ORANGE,ANAHEIM,-117.77232360839844,33.86263656616211
9461077,2021,2022-06-23,3016,2021-03-08,0603,2173,21,1,5,5,3016,0,0,0,NA,0,002,PLACENTIA AV,VIA BURTON ST,305,N,N,-,-,N,NA,NA,NA,NA,NA,NA,NA,NA,NA,N,4,0,1,2,A,-,07,21658,A,N,B,C,A,A,H,-,A,D,0,NA,NA,NA,NA,Y,NA,A,01,0,0,1,0,0,0,0,0,0,-,-,33.85628128051758,-117.88410949707033,ORANGE,PLACENTIA,-117.88394165039063,33.85694122314453
9461079,2021,2022-06-23,3016,2021-03-24,0850,1254,28,3,5,5,3016,0,0,0,NA,0,001,YORBA LINDA BL,PALM DR,0,NA,Y,A,-,N,NA,NA,NA,NA,NA,NA,NA,NA,NA,Y,4,0,1,2,A,-,09,21801,A,N,D,C,A,A,H,-,A,A,0,NA,NA,NA,NA,Y,NA,A,01,0,0,1,0,0,0,0,0,0,-,-,33.88821029663086,-117.86197662353516,ORANGE,PLACENTIA,-117.8616943359375,33.88835525512695
9461296,2021,2022-07-07,3016,2021-02-03,2058,1278,36,3,5,5,3016,0,0,0,NA,0,002,ORANGETHORPE AV,DEL CERRO,0,NA,Y,A,-,N,NA,NA,NA,NA,NA,NA,NA,NA,NA,Y,4,0,1,2,D,-,00,NA,NA,N,A,-,A,A,H,-,C,A,0,NA,NA,NA,NA,Y,NA,-,-,0,0,1,0,0,0,0,0,0,-,-,33.868099212646484,-117.83011627197266,ORANGE,PLACENTIA,-117.84188842773438,33.86825942993164
9461305,2021,2022-06-23,3016,2021-04-06,0822,1241,17,2,5,5,3016,0,0,0,NA,0,002,BRADFORD AV,RUBY DR,155,N,N,B,-,N,NA,NA,NA,NA,NA,NA,NA,NA,NA,Y,3,0,1,2,A,-,09,21801,A,N,D,C,A,A,H,-,A,D,0,NA,NA,NA,NA,Y,NA,A,01,0,1,0,0,0,0,0,0,0,-,-,33.87788009643555,-117.86875915527344,ORANGE,PLACENTIA,-117.86866760253906,33.8782844543457
9461308,2021,2022-06-23,3016,2021-04-23,1024,2145,10,5,5,5,3016,0,0,0,NA,0,001,YORBA LINDA BL,VALENCIA AV,0,NA,Y,B,-,N,NA,NA,NA,NA,NA,NA,NA,NA,NA,Y,4,0,1,2,A,-,09,21801,A,N,D,C,A,A,H,-,A,A,0,NA,NA,NA,NA,Y,NA,A,01,0,0,1,0,0,0,0,0,0,-,-,33.88890075683594,-117.85426330566406,ORANGE,PLACENTIA,-117.85485076904295,33.88922882080078
9461323,2021,2022-06-23,3016,2021-06-03,1644,2145,36,4,5,5,3016,0,0,0,NA,0,001,ROSE DR,CASTNER DR,413,S,N,A,-,N,NA,NA,NA,NA,NA,NA,NA,NA,NA,Y,3,0,1,3,A,-,03,22350,NA,N,C,C,A,-,H,-,A,A,0,NA,NA,NA,NA,Y,NA,A,01,0,1,0,0,0,0,0,0,0,-,-,33.8779411315918,-117.84349060058594,ORANGE,PLACENTIA,-117.84280395507813,33.87103271484375
9461341,2021,2022-06-24,3016,2021-08-06,1557,2169,18,5,5,5,3016,0,0,0,NA,0,002,PLACENTIA AV,SUNSET DR,50,S,N,-,-,N,NA,NA,NA,NA,NA,NA,NA,NA,NA,Y,4,0,1,2,A,-,09,21804,A,N,D,C,A,A,H,-,A,D,0,NA,NA,Y,NA,Y,NA,A,01,0,0,1,0,0,0,0,0,1,-,-,33.87464904785156,-117.87828826904295,ORANGE,PLACENTIA,-117.87884521484376,33.87448501586914
94613479,2025,2025-03-24,9670,2025-03-09,155,023099,NA,7,3,5,3003,0,1,1,NA,2,501,I-5 S/B,STANTON AVE,1442,S,N,A,-,Y,ORA,NA,5,NA,NA,42.815,H,NA,L,Y,3,0,2,2,A,-,03,22350,NA,N,C,C,A,A,H,-,C,D,0,NA,NA,NA,NA,Y,Y,A,01,0,1,1,0,0,0,0,0,0,-,-,33.86143112182617,-117.98986053466795,ORANGE,BUENA PARK,-117.98991394042967,33.86137008666992
9461363,2021,2022-06-23,3016,2021-10-03,1356,2169,5,7,5,5,3016,0,0,0,NA,0,001,KRAEMER BL,YORBA LINDA BL,0,NA,Y,A,-,N,NA,NA,NA,NA,NA,NA,NA,NA,NA,N,4,0,1,2,A,-,03,22350,NA,N,C,C,A,A,H,-,A,A,0,NA,NA,NA,NA,Y,NA,A,01,0,0,1,0,0,0,0,0,0,-,-,33.88779830932617,-117.86335754394533,ORANGE,PLACENTIA,-117.86354064941406,33.88785171508789
9461373,2021,2022-06-23,3016,2021-10-02,1738,1286,22,6,5,5,3016,0,0,0,NA,0,001,YORBA LINDA BL,KRAEMER BL,303,W,N,A,-,N,NA,NA,NA,NA,NA,NA,NA,NA,NA,Y,4,0,1,2,A,-,09,21801,A,N,D,C,A,A,H,-,A,D,0,NA,NA,NA,NA,Y,NA,A,01,0,0,1,0,0,0,0,0,0,-,-,33.88779830932617,-117.86335754394533,ORANGE,PLACENTIA,-117.86453247070313,33.88788986206055
94625643,2025,2025-03-25,9690,2025-03-13,2300,021875,NA,4,3,5,3050,0,1,1,NA,2,055,I-5 S/B (SAN DIEGO FRWY),EL TORO RD,1000,N,N,A,-,Y,ORA,NA,5,NA,NA,18.935,H,NA,L,Y,3,0,1,2,A,-,07,21658,A,N,C,C,A,A,H,-,D,D,0,NA,NA,NA,Y,Y,NA,D,22,0,1,0,0,0,0,0,0,0,-,-,33.61722183227539,-117.71057891845705,ORANGE,LAKE FOREST,-117.71058654785156,33.61721420288086
9462897,2022,2022-08-17,3004,2022-07-04,0021,P692,02,1,5,6,3004,0,0,0,NA,0,001,NEWPORT BL,EAST 17TH ST,0,NA,Y,A,-,Y,ORA,12,55,-,-,1.44,I,5,S,Y,3,0,3,2,A,-,01,23152,A,N,D,C,A,A,H,-,C,A,0,NA,NA,NA,NA,Y,Y,A,01,0,3,0,0,0,0,0,0,0,-,-,33.63623046875,-117.92225646972656,ORANGE,COSTA MESA,-117.92219543457033,33.636287689208984
9462905,2022,2022-08-17,3004,2022-07-09,1945,P676,28,6,5,6,3004,0,0,0,NA,0,010,E BAKER ST,NEWPORT BL,82,W,N,A,-,Y,ORA,12,55,-,-,5.069,R,4,N,Y,3,0,1,1,A,-,01,23152,A,N,E,I,A,A,H,-,A,A,0,NA,NA,Y,NA,Y,Y,C,02,0,1,0,0,0,0,0,0,1,-,-,33.68000030517578,-117.87899780273438,ORANGE,COSTA MESA,-117.88204956054688,33.67683410644531
9463423,2022,2022-07-21,3003,2022-06-17,1856,1279,NA,5,5,5,3003,0,0,0,NA,0,002,VALLEY VIEW ST,ARTESIA BL,50,N,N,A,-,N,NA,NA,NA,NA,NA,NA,NA,NA,NA,N,3,0,2,2,A,-,12,21453,A,N,D,C,A,A,H,-,B,A,0,NA,NA,NA,NA,Y,NA,A,01,0,1,1,0,0,0,0,0,0,-,-,33.87324142456055,-118.0287628173828,ORANGE,BUENA PARK,-118.02886199951172,33.87324905395508
94636806,2025,2025-04-03,9675,2025-03-27,1350,022234,NA,4,1,5,3025,0,1,3,NA,2,095,SR-91 EASTBOUND (RIVERSIDE FREEWAY),WEIR CANYON RD.,1921,W,N,A,-,Y,ORA,NA,91,NA,R,14.057,H,NA,R,N,4,0,1,2,A,-,03,22350,NA,N,C,C,A,A,H,-,A,D,0,NA,NA,NA,NA,Y,NA,A,01,0,0,1,0,0,0,0,0,0,-,-,33.869361877441406,-117.75108337402344,ORANGE,YORBA LINDA,-117.75106811523438,33.86930847167969
9463908,2022,2022-09-20,3000,2022-07-09,1452,1222,797J4,6,5,4,3021,0,0,0,NA,0,023,BEACH BL,CHAPMAN AV,381,N,N,A,-,Y,ORA,12,39,-,-,9.76,H,-,S,N,4,0,1,2,A,-,03,22350,NA,N,C,C,A,A,H,-,A,A,0,NA,NA,NA,NA,Y,NA,A,01,0,0,1,0,0,0,0,0,0,-,-,NA,NA,ORANGE,STANTON,-117.99308013916016,33.78968048095703
9464231,2022,2023-04-07,3009,2022-02-01,1919,4352,082,2,5,6,3009,0,0,0,NA,0,1 2,CHAPMAN AV,LORALEEN ST,143,E,N,A,-,N,NA,NA,NA,NA,NA,NA,NA,NA,NA,Y,1,1,0,2,A,-,03,22350,NA,N,F,C,A,A,H,-,C,A,0,NA,NA,Y,NA,Y,NA,C,02,0,0,0,0,0,0,0,1,0,-,-,NA,NA,ORANGE,GARDEN GROVE,-117.97080993652344,33.78850173950195
9464343,2022,2022-08-30,3004,2022-05-13,1549,P655,14,5,5,6,3004,0,0,0,NA,0,009,PLACENTIA AV,SWAN DR,2021,S,N,A,-,N,NA,NA,NA,NA,NA,NA,NA,NA,NA,Y,1,1,1,2,A,-,09,21801,A,N,A,C,A,A,H,-,A,A,0,NA,NA,NA,NA,Y,NA,A,01,0,1,0,0,0,0,0,0,0,-,-,33.663421630859375,-117.9380111694336,ORANGE,COSTA MESA,-117.9379425048828,33.66352462768555