CASE_ID,ACCIDENT_YEAR,PROC_DATE,JURIS,COLLISION_DATE,COLLISION_TIME,OFFICER_ID,REPORTING_DISTRICT,DAY_OF_WEEK,CHP_SHIFT,POPULATION,CNTY_CITY_LOC,SPECIAL_COND,BEAT_TYPE,CHP_BEAT_TYPE,CITY_DIVISION_LAPD,CHP_BEAT_CLASS,BEAT_NUMBER,PRIMARY_RD,SECONDARY_RD,DISTANCE,DIRECTION,INTERSECTION,WEATHER_1,WEATHER_2,STATE_HWY_IND,CALTRANS_COUNTY,CALTRANS_DISTRICT,STATE_ROUTE,ROUTE_SUFFIX,POSTMILE_PREFIX,POSTMILE,LOCATION_TYPE,RAMP_INTERSECTION,SIDE_OF_HWY,TOW_AWAY,COLLISION_SEVERITY,NUMBER_KILLED,NUMBER_INJURED,PARTY_COUNT,PRIMARY_COLL_FACTOR,PCF_CODE_OF_VIOL,PCF_VIOL_CATEGORY,PCF_VIOLATION,PCF_VIOL_SUBSECTION,HIT_AND_RUN,TYPE_OF_COLLISION,MVIW,PED_ACTION,ROAD_SURFACE,ROAD_COND_1,ROAD_COND_2,LIGHTING,CONTROL_DEVICE,CHP_ROAD_TYPE,PEDESTRIAN_ACCIDENT,BICYCLE_ACCIDENT,MOTORCYCLE_ACCIDENT,TRUCK_ACCIDENT,NOT_PRIVATE_PROPERTY,ALCOHOL_INVOLVED,STWD_VEHTYPE_AT_FAULT,CHP_VEHTYPE_AT_FAULT,COUNT_SEVERE_INJ,COUNT_VISIBLE_INJ,COUNT_COMPLAINT_PAIN,COUNT_PED_KILLED,COUNT_PED_INJURED,COUNT_BICYCLIST_KILLED,COUNT_BICYCLIST_INJURED,COUNT_MC_KILLED,COUNT_MC_INJURED,PRIMARY_RAMP,SECONDARY_RAMP,LATITUDE,LONGITUDE,COUNTY,CITY,POINT_X,POINT_Y
9774251,2024,2025-01-28,3000,2024-11-16,1725,12043,951H2,6,5,5,3040,0,0,0,NA,0,743,MOULTON PKWY,NUEVA VISTA DR,0,NA,Y,A,-,N,NA,NA,NA,NA,NA,NA,NA,NA,NA,N,4,0,1,2,A,-,12,21453,A,N,H,G,A,A,H,-,C,A,0,NA,Y,NA,NA,Y,NA,M,91,0,0,1,0,0,0,1,0,0,-,-,NA,NA,ORANGE,LAGUNA NIGUEL,-117.69618225097656,33.54650115966797
9774329,2024,2025-01-27,3004,2024-12-15,1551,P698,RD13,7,5,6,3004,0,0,0,NA,0,015,FAIR DR,CARNEGIE AV,360,E,N,A,-,N,NA,NA,NA,NA,NA,NA,NA,NA,NA,N,3,0,1,2,A,-,03,22350,NA,N,H,G,A,A,H,-,A,A,0,NA,Y,NA,NA,Y,NA,L,04,0,1,0,0,0,0,1,0,0,-,-,33.66339111328125,-117.9176025390625,ORANGE,COSTA MESA,-117.91648864746094,33.66326141357422
9774391,2024,2025-02-12,3002,2024-12-11,1758,10165,739H3,3,5,5,3025,0,0,0,NA,0,001,ROSE DR,HUGGINS AV,58,S,N,A,-,N,NA,NA,NA,NA,NA,NA,NA,NA,NA,Y,4,0,1,2,A,-,03,22350,NA,N,B,E,A,A,H,-,C,D,0,NA,NA,NA,NA,Y,NA,A,01,0,0,1,0,0,0,0,0,0,-,-,NA,NA,ORANGE,YORBA LINDA,-117.84187316894533,33.893890380859375
9775534,2025,2025-02-03,3009,2025-01-16,1824,3976,004,4,5,6,3009,0,0,0,NA,0,WEST,LAMPSON AV,VALLEY VIEW ST,19,E,N,A,-,N,NA,NA,NA,NA,NA,NA,NA,NA,NA,Y,4,0,1,2,A,-,09,21801,A,N,D,C,A,A,H,-,C,A,0,NA,NA,NA,NA,Y,NA,A,01,0,0,1,0,0,0,0,0,0,-,-,NA,NA,ORANGE,GARDEN GROVE,-118.02952575683594,33.78190612792969
9776129,2025,2025-02-04,3004,2025-01-10,1418,P549,RD13,5,5,6,3004,0,0,0,NA,0,013,FAIR DR,CARNEGIE AV,359,E,N,A,-,N,NA,NA,NA,NA,NA,NA,NA,NA,NA,Y,3,0,2,2,A,-,09,21801,A,N,D,C,A,A,H,-,A,D,0,NA,NA,NA,NA,Y,NA,A,01,0,2,0,0,0,0,0,0,0,-,-,33.66339111328125,-117.9176025390625,ORANGE,COSTA MESA,-117.91649627685548,33.66326141357422
9778640,2024,2025-02-04,3003,2024-10-14,2130,1248,NA,1,5,5,3003,0,0,0,NA,0,NA,BEACH BL,MELROSE AV,200,S,N,A,-,N,NA,NA,NA,NA,NA,NA,NA,NA,NA,N,4,0,1,2,A,-,08,22107,NA,N,G,G,A,A,H,-,C,A,0,NA,Y,NA,NA,Y,NA,A,01,0,0,1,0,0,0,1,0,0,-,-,NA,NA,ORANGE,BUENA PARK,-117.99803924560548,33.86071014404297
9780769,2024,2025-03-20,3000,2024-11-21,1810,6532,971J5,4,5,4,3029,0,0,0,NA,0,734,SELVA RD,CALLE LA PRIMAVERA,29,E,N,A,-,N,NA,NA,NA,NA,NA,NA,NA,NA,NA,Y,4,0,1,1,A,-,01,23152,A,N,E,I,A,A,H,-,B,A,0,NA,NA,NA,NA,Y,Y,A,01,0,0,1,0,0,0,0,0,0,-,-,NA,NA,ORANGE,DANA POINT,-117.69298553466795,33.47303771972656
9782207,2025,2025-02-07,3003,2025-01-10,1853,1289,NA,5,5,5,3003,0,0,0,NA,0,NA,LINCOLN AV,HOLDER ST,0,NA,Y,A,-,N,NA,NA,NA,NA,NA,NA,NA,NA,NA,Y,4,0,2,2,A,-,12,21453,A,N,D,C,A,A,H,-,A,D,0,NA,NA,NA,NA,Y,NA,A,01,0,0,2,0,0,0,0,0,0,-,-,NA,NA,ORANGE,BUENA PARK,-118.01969146728516,33.831756591796875
9782215,2025,2025-02-06,3000,2025-01-15,2245,11256,891J7,3,5,5,3028,0,0,0,NA,0,755,MUIRLANDS BL,ALICIA PKWY,261,N,N,A,-,N,NA,NA,NA,NA,NA,NA,NA,NA,NA,Y,3,0,1,1,A,-,01,23152,A,N,E,I,A,A,H,-,C,D,0,NA,NA,NA,NA,Y,Y,A,01,0,1,0,0,0,0,0,0,0,-,-,NA,NA,ORANGE,MISSION VIEJO,-117.68724822998048,33.61042785644531
9783988,2025,2025-02-14,3009,2025-01-16,1928,4729,086,4,5,6,3009,0,0,0,NA,0,013,DEODORA DR,WESTMINSTER AV,1394,N,N,A,-,N,NA,NA,NA,NA,NA,NA,NA,NA,NA,N,3,0,1,2,A,-,03,22350,NA,N,G,B,C,A,H,-,C,A,0,Y,NA,NA,NA,Y,NA,A,01,0,1,0,0,1,0,0,0,0,-,-,NA,NA,ORANGE,GARDEN GROVE,-117.96583557128906,33.763282775878906
9784183,2025,2025-02-26,3009,2025-02-04,1536,3422,21,2,5,6,3009,0,0,0,NA,0,143,GARDEN GROVE BL,SAFFORD ST,0,NA,Y,A,-,N,NA,NA,NA,NA,NA,NA,NA,NA,NA,Y,4,0,1,3,A,-,17,22109,NA,N,C,C,A,A,H,-,A,D,0,NA,NA,Y,NA,Y,NA,C,03,0,0,1,0,0,0,0,0,1,-,-,NA,NA,ORANGE,GARDEN GROVE,-117.93074035644533,33.77435302734375
9784579,2025,2025-02-26,3004,2025-02-11,1456,P691,RD02,2,5,6,3004,0,0,0,NA,0,015,SUPERIOR AV,17TH ST,20,S,N,A,-,N,NA,NA,NA,NA,NA,NA,NA,NA,NA,N,3,0,1,2,A,-,03,22350,NA,M,C,C,A,A,H,-,A,A,0,NA,NA,NA,NA,Y,NA,A,07,0,1,0,0,0,0,0,0,0,-,-,33.63581848144531,-117.92395782470705,ORANGE,COSTA MESA,-117.9236297607422,33.63615798950195
9786119,2024,2025-04-29,3020,2024-06-22,50,447,S10,6,5,4,3020,0,0,0,NA,0,NA,SEAL BEACH BL,APOLLO DR,0,NA,Y,A,-,N,NA,NA,NA,NA,NA,NA,NA,NA,NA,Y,1,1,5,2,A,-,08,22107,NA,N,D,C,A,A,H,-,C,A,0,NA,NA,NA,NA,Y,Y,A,01,1,4,0,0,0,0,0,0,0,-,-,NA,NA,ORANGE,SEAL BEACH,-118.08616638183594,33.75426483154297
9786233,2024,2025-05-21,3007,2024-12-02,2211,304,NA,1,5,5,3007,0,0,0,NA,0,062,MAGNOLIA,ELLIS,0,NA,Y,A,-,N,NA,NA,NA,NA,NA,NA,NA,NA,NA,Y,1,1,3,2,A,-,-,NA,NA,N,D,C,A,A,H,-,C,A,0,NA,NA,NA,NA,Y,NA,D,22,3,0,0,0,0,0,0,0,0,-,-,NA,NA,ORANGE,FOUNTAIN VALLEY,-117.97161865234376,33.69401931762695
9786305,2024,2026-01-23,3026,2024-12-20,1426,602,PORTO,5,5,6,3026,0,0,0,NA,0,009,BARRANCA PKWY,TECHNOLOGY WEST,0,NA,Y,A,-,N,NA,NA,NA,NA,NA,NA,NA,NA,NA,Y,1,1,1,2,A,-,09,21453,C,N,A,C,A,A,H,-,A,A,0,NA,NA,NA,NA,Y,NA,A,01,0,0,1,0,0,0,0,0,0,-,-,33.66041946411133,-117.7436065673828,ORANGE,IRVINE,-117.74369049072266,33.66170120239258
9787230,2025,2025-04-14,3005,2025-03-27,42,8352,C15,4,5,4,3005,0,0,0,NA,0,001,ORANGE AV,WALKER ST,0,NA,Y,A,-,N,NA,NA,NA,NA,NA,NA,NA,NA,NA,N,3,0,2,2,A,-,01,23152,A,N,D,C,A,A,H,-,C,A,0,NA,NA,NA,NA,Y,Y,A,01,0,2,0,0,0,0,0,0,0,-,-,NA,NA,ORANGE,CYPRESS,-118.0369110107422,33.82434844970703
9790576,2025,2025-03-27,3003,2025-03-03,2133,1314,NA,1,5,5,3003,0,0,0,NA,0,001,COMMONWEALTH AV,BEACH BL,5,E,N,A,-,Y,ORA,12,39,-,-,15.331,I,6,N,N,4,0,1,2,A,-,12,21453,A,N,H,G,A,A,H,-,C,A,0,NA,Y,NA,NA,Y,NA,L,04,0,0,1,0,0,0,1,0,0,-,-,33.540000915527344,-117.58999633789063,ORANGE,BUENA PARK,-117.99812316894533,33.86988830566406
9796232,2025,2025-03-28,3000,2025-02-27,1654,12971,972A5,4,5,4,3029,0,0,0,NA,0,734,DEL OBISPO ST,STONEHILL DR,3,N,N,A,-,N,NA,NA,NA,NA,NA,NA,NA,NA,NA,N,2,0,1,1,A,-,12,21453,A,N,E,I,A,A,H,-,A,A,0,NA,NA,NA,NA,Y,NA,M,94,1,0,0,0,0,0,0,0,0,-,-,NA,NA,ORANGE,DANA POINT,-117.68498229980467,33.47556686401367
9797570,2025,2025-04-18,3004,2025-03-20,1155,P633,RD07,4,5,6,3004,0,0,0,NA,0,002,NEWPORT BL,BAY ST,0,NA,Y,A,-,N,NA,NA,NA,NA,NA,NA,NA,NA,NA,Y,4,0,1,2,A,-,12,21453,A,N,D,C,A,A,H,-,A,A,0,NA,NA,NA,NA,Y,NA,A,07,0,0,1,0,0,0,0,0,0,-,-,33.647491455078125,-117.91240692138672,ORANGE,COSTA MESA,-117.9127960205078,33.648101806640625
9797835,2025,2025-05-29,3002,2025-02-13,1247,11567,01,4,5,5,3025,0,0,0,NA,0,YL01,BASTANCHURY RD,PROSPECT AV,740,E,N,A,-,N,NA,NA,NA,NA,NA,NA,NA,NA,NA,Y,4,0,2,2,A,-,09,21804,A,N,D,C,A,A,H,-,A,D,0,NA,NA,NA,NA,Y,NA,-,-,0,0,2,0,0,0,0,0,0,-,-,33.899391174316406,-117.83515167236328,ORANGE,YORBA LINDA,-117.83523559570313,33.89929962158203
9799636,2025,2025-04-17,3004,2025-03-15,1205,P707,RD11,6,5,6,3004,0,0,0,NA,0,012,22ND ST,NEWPORT BL,72,W,N,A,-,N,NA,NA,NA,NA,NA,NA,NA,NA,NA,Y,4,0,1,2,A,-,01,23152,A,N,C,C,A,A,H,-,A,A,0,NA,NA,NA,NA,Y,Y,A,01,0,0,1,0,0,0,0,0,0,-,-,33.651580810546875,-117.90821838378906,ORANGE,COSTA MESA,-117.90821075439452,33.65161895751953
9799756,2025,2025-04-04,3004,2025-03-22,1516,P691,RD06,6,5,6,3004,0,0,0,NA,0,015,TUSTIN AV,MAGNOLIA ST,100,S,N,A,-,N,NA,NA,NA,NA,NA,NA,NA,NA,NA,N,3,0,1,2,A,-,03,22350,NA,N,C,E,A,A,H,-,A,D,0,NA,NA,NA,NA,Y,NA,A,01,0,1,0,0,0,0,0,0,0,-,-,33.63418960571289,-117.90838623046876,ORANGE,COSTA MESA,-117.90879821777344,33.63399887084961
9799773,2025,2025-04-04,3009,2025-03-22,923,4845,071,6,5,6,3009,0,0,0,NA,0,012,KATELLA AV,MAGNOLIA ST,0,NA,Y,A,-,N,NA,NA,NA,NA,NA,NA,NA,NA,NA,N,4,0,1,2,A,-,05,21650,NA,N,A,G,A,A,H,-,A,A,0,NA,Y,NA,NA,Y,NA,L,04,0,0,1,0,0,0,1,0,0,-,-,NA,NA,ORANGE,GARDEN GROVE,-117.97564697265624,33.803009033203125
9801320,2024,2025-05-22,3000,2024-10-06,314,11351,993B7,7,5,5,3017,0,0,0,NA,0,472,EL CAMINO REAL,CALLE DEL COMERCIO,112,S,N,A,-,N,NA,NA,NA,NA,NA,NA,NA,NA,NA,Y,4,0,1,3,A,-,08,22107,NA,N,B,E,A,A,H,-,C,D,0,NA,NA,NA,NA,Y,NA,A,01,0,0,1,0,0,0,0,0,0,-,-,NA,NA,ORANGE,SAN CLEMENTE,-117.59938049316406,33.40851593017578
9802121,2025,2025-04-29,3004,2025-04-03,2059,P692,RD21,4,5,6,3004,0,0,0,NA,0,008,FAIRVIEW RD,BELFAST AV,42,S,N,A,-,N,NA,NA,NA,NA,NA,NA,NA,NA,NA,N,3,0,3,2,A,-,03,22350,NA,F,C,C,A,A,H,-,C,D,0,NA,NA,NA,NA,Y,NA,A,07,0,3,0,0,0,0,0,0,0,-,-,33.68415069580078,-117.90814971923828,ORANGE,COSTA MESA,-117.90785980224608,33.6840934753418
9802512,2024,2025-05-02,3009,2024-06-04,521,4661,111,2,5,6,3009,0,0,0,NA,0,021,EUCLID ST,WESTMINSTER AV,385,N,N,A,-,N,NA,NA,NA,NA,NA,NA,NA,NA,NA,Y,4,0,1,1,A,-,21,22106,NA,N,E,I,A,A,H,-,C,A,0,NA,NA,NA,NA,Y,NA,A,01,0,0,1,0,0,0,0,0,0,-,-,NA,NA,ORANGE,GARDEN GROVE,-117.93757629394533,33.7606315612793
9802812,2024,2025-06-18,3000,2024-11-19,1047,10124,797H2,2,5,4,3021,0,0,0,NA,0,221,KATELLA AV,WESTERN AV,0,NA,Y,A,-,N,NA,NA,NA,NA,NA,NA,NA,NA,NA,N,4,0,2,2,A,-,12,21453,A,N,D,C,A,A,H,-,A,A,0,NA,NA,NA,NA,Y,NA,A,07,0,0,2,0,0,0,0,0,0,-,-,NA,NA,ORANGE,STANTON,-118.001953125,33.80288314819336
9803374,2025,2025-04-24,3003,2025-04-02,2003,1184,NA,3,5,5,3003,0,0,0,NA,0,NA,COMMONWEALTH AV,HOMEWOOD AV,0,NA,Y,A,-,N,NA,NA,NA,NA,NA,NA,NA,NA,NA,Y,4,0,1,1,C,-,18,NA,NA,N,E,I,A,A,H,-,C,D,0,NA,NA,NA,NA,Y,NA,-,-,0,0,1,0,0,0,0,0,0,-,-,NA,NA,ORANGE,BUENA PARK,-117.99706268310548,33.869869232177734
9804362,2025,2025-05-05,3009,2025-04-17,752,4857,063,4,5,6,3009,0,0,0,NA,0,012,DALE ST,LAMPSON AV,510,N,N,A,-,N,NA,NA,NA,NA,NA,NA,NA,NA,NA,N,4,0,1,2,A,-,21,22106,NA,N,D,C,A,A,H,-,A,D,0,NA,NA,NA,NA,Y,NA,A,07,0,0,1,0,0,0,0,0,0,-,-,NA,NA,ORANGE,GARDEN GROVE,-117.98407745361328,33.78255844116211
9805369,2025,2025-04-29,3003,2025-04-14,2206,1300,3003,1,5,5,3003,0,0,0,NA,0,005,CRESCENT AV,WESTERN AV,0,NA,Y,A,-,N,NA,NA,NA,NA,NA,NA,NA,NA,NA,Y,4,0,2,2,A,-,09,21801,NA,N,D,C,A,A,H,-,C,A,0,NA,NA,NA,NA,Y,Y,-,NA,0,0,2,0,0,0,0,0,0,-,-,33.50215148925781,-118.00079345703124,ORANGE,BUENA PARK,-118.0023193359375,33.839317321777344
9805662,2025,2025-05-12,3004,2025-04-18,1448,P691,RD13,5,5,6,3004,0,0,0,NA,0,008,FAIRVIEW RD,WILSON ST,15,N,N,A,-,N,NA,NA,NA,NA,NA,NA,NA,NA,NA,N,3,0,1,2,A,-,09,21453,C,N,D,C,A,A,H,-,A,A,0,NA,NA,NA,NA,Y,NA,A,07,0,1,0,0,0,0,0,0,0,-,-,33.65576171875,-117.90772247314452,ORANGE,COSTA MESA,-117.90768432617188,33.65633010864258
9805856,2025,2025-05-09,3004,2025-04-16,1615,P639,RD10,3,5,6,3004,0,0,0,NA,0,009,PLACENTIA AV,WILSON ST,0,NA,Y,-,-,N,NA,NA,NA,NA,NA,NA,NA,NA,NA,N,3,0,1,2,A,-,08,22107,NA,N,B,G,A,A,H,-,A,A,0,NA,Y,NA,NA,Y,NA,A,01,0,1,0,0,0,0,1,0,0,-,-,33.65591049194336,-117.93215942382813,ORANGE,COSTA MESA,-117.93215942382813,33.65604782104492
9806160,2025,2025-05-15,3000,2025-04-03,825,9936,3000,4,5,4,3048,0,0,0,NA,0,893C2,ALAS DE PAZ,PLANO TRABUCO RD,0,NA,Y,A,-,N,NA,NA,NA,NA,NA,NA,NA,NA,NA,N,4,0,1,2,A,-,09,21453,B,N,G,B,B,A,H,-,A,A,0,Y,NA,NA,NA,Y,NA,A,07,0,0,1,0,1,0,0,0,0,-,-,NA,NA,ORANGE,RANCHO SANTA MARGARITA,-117.57798767089844,33.64442825317383
9807846,2025,2025-05-28,3000,2025-05-05,242,12043,951J3,1,5,5,3040,0,0,0,NA,0,743,PASEO DE COLINAS,GOLDEN LANTERN,91,E,N,C,-,N,NA,NA,NA,NA,NA,NA,NA,NA,NA,N,4,0,1,2,A,-,04,21703,NA,N,C,C,A,B,H,-,C,A,0,NA,NA,NA,NA,Y,NA,J,48,0,0,1,0,0,0,0,0,0,-,-,NA,NA,ORANGE,LAGUNA NIGUEL,-117.68563079833984,33.53795623779297
9809303,2025,2026-01-12,3012,2025-09-30,829,750,38,2,5,5,3012,0,0,0,NA,0,003,IDAHO ST,IMPERIAL HWY,354,N,N,A,-,N,NA,NA,NA,NA,NA,NA,NA,NA,NA,N,4,0,1,2,A,-,09,21804,A,N,D,C,A,A,-,-,A,D,0,NA,NA,NA,NA,Y,NA,A,01,0,0,1,0,0,0,0,0,0,-,-,NA,NA,ORANGE,LA HABRA,-117.95919036865234,33.91831970214844
9809926,2025,2025-05-21,3000,2025-04-18,1205,10380,922A3,5,5,4,3045,0,0,0,NA,0,6M47,CABOT RD,PASEO DE VALENCIA,0,NA,Y,A,-,N,NA,NA,NA,NA,NA,NA,NA,NA,NA,Y,2,0,1,2,A,-,12,21453,A,N,A,C,A,A,H,-,A,A,0,NA,NA,NA,NA,Y,NA,-,-,1,0,0,0,0,0,0,0,0,-,-,NA,NA,ORANGE,LAGUNA HILLS,-117.67436981201172,33.59033203125
9809948,2025,2025-05-22,3000,2025-03-26,1018,10077,862C4,3,5,5,3050,0,0,0,NA,0,065,RUE DE FORTUNA,ESTERNAY DR,275,N,N,C,-,N,NA,NA,NA,NA,NA,NA,NA,NA,NA,Y,3,0,1,1,A,-,03,22350,NA,N,E,I,A,B,H,-,A,A,0,NA,NA,NA,NA,Y,NA,A,01,0,1,0,0,0,0,0,0,0,-,-,NA,NA,ORANGE,LAKE FOREST,-117.6559829711914,33.684261322021484
9809958,2024,2025-05-21,3000,2024-10-23,833,5163,951J5,3,5,5,3040,0,0,0,NA,0,741,GOLDEN LANTERN,CRYSTAL CAY,304,N,N,A,-,N,NA,NA,NA,NA,NA,NA,NA,NA,NA,N,4,0,1,2,A,-,05,21650,NA,N,D,G,A,A,H,-,A,D,0,NA,Y,NA,NA,Y,NA,M,91,0,0,1,0,0,0,1,0,0,-,-,NA,NA,ORANGE,LAGUNA NIGUEL,-117.68513488769533,33.527286529541016
9810820,2025,2025-06-20,3005,2025-05-28,2052,8306,C26,3,5,4,3005,0,0,0,NA,0,003,BALL RD,MOODY ST,0,NA,Y,A,-,N,NA,NA,NA,NA,NA,NA,NA,NA,NA,Y,4,0,1,2,A,-,09,21801,A,N,F,-,A,A,H,-,C,A,0,NA,NA,NA,NA,Y,NA,A,07,0,0,1,0,0,0,0,0,0,-,-,NA,NA,ORANGE,CYPRESS,-118.04563903808594,33.81686019897461
9813138,2025,2025-12-10,3000,2025-11-03,1320,1056,922B7,1,5,5,3028,0,0,0,NA,0,050,CROWN VALLEY PKWY,RT 50,50,E,N,A,-,Y,ORA,12,5,-,-,13.609,R,4,S,Y,3,0,1,2,A,-,03,22350,NA,N,F,A,A,A,C,-,A,D,0,NA,NA,Y,NA,Y,NA,C,02,0,1,0,0,0,0,0,0,1,-,SO,33.55889129638672,-117.67346954345705,ORANGE,MISSION VIEJO,-117.6731185913086,33.55674743652344
9814640,2025,2025-06-26,3013,2025-04-30,2006,245,L04,3,5,3,3013,0,0,0,NA,0,004,KATELLA AV,RT 605,0,NA,Y,A,-,Y,ORA,12,605,-,R,1.553,R,4,N,Y,2,0,3,2,A,-,00,23153,F,N,A,C,A,A,H,-,C,A,0,NA,NA,NA,NA,Y,NA,A,01,3,0,0,0,0,0,0,0,0,-,NO,NA,NA,ORANGE,LOS ALAMITOS,-118.08129119873048,33.80500030517578
9816225,2024,2025-06-06,3000,2024-12-01,1630,8875,992J2,7,5,5,3017,0,0,0,NA,0,378,CALLE DEL CERRO,AVENIDA VISTA MONTANA,59,E,N,A,-,N,NA,NA,NA,NA,NA,NA,NA,NA,NA,N,3,0,1,1,A,-,03,22350,NA,N,F,A,A,A,H,-,B,A,0,NA,Y,NA,NA,Y,NA,M,91,0,1,0,0,0,0,1,0,0,-,-,NA,NA,ORANGE,SAN CLEMENTE,-117.60657501220705,33.44331741333008
9817057,2024,2025-01-06,3005,2024-12-17,811,8041,C36,2,5,4,3005,0,0,0,NA,0,003,CERRITOS AV,ALMOND ST,38,W,N,A,-,N,NA,NA,NA,NA,NA,NA,NA,NA,NA,N,3,0,1,2,A,-,03,22350,NA,N,C,C,A,A,H,-,A,D,0,NA,NA,NA,NA,Y,NA,A,01,0,1,0,0,0,0,0,0,0,-,-,NA,NA,ORANGE,CYPRESS,-118.01680755615234,33.809940338134766
9817342,2025,2025-06-18,3000,2025-05-18,1313,10313,921D5,7,5,4,3049,0,0,0,NA,0,183,ALISO CREEK RD,AUTUMN GLEN,352,S,N,A,-,N,NA,NA,NA,NA,NA,NA,NA,NA,NA,Y,3,0,2,3,A,-,09,21801,A,N,D,C,A,A,H,-,B,D,0,NA,NA,NA,NA,Y,NA,A,07,0,2,0,0,0,0,0,0,0,-,-,NA,NA,ORANGE,ALISO VIEJO,-117.72332763671876,33.572776794433594
9817903,2025,2025-06-16,3013,2025-05-23,1425,235,L10,5,5,3,3013,0,0,0,NA,0,005,KATELLA AV,LEXINGTON DR,540,S,N,A,-,N,NA,NA,NA,NA,NA,NA,NA,NA,NA,Y,3,0,1,2,A,-,08,22107,NA,N,B,C,A,A,H,-,A,D,0,NA,NA,NA,NA,Y,NA,A,07,0,1,0,0,0,0,0,0,0,-,-,NA,NA,ORANGE,LOS ALAMITOS,-118.0544204711914,33.803009033203125
9819535,2025,2025-08-04,3000,2025-07-13,1515,10576,922C7,7,5,5,3028,0,0,0,NA,0,750,MARGUERITE PKWY,CENTER DR,0,NA,Y,A,-,N,NA,NA,NA,NA,NA,NA,NA,NA,NA,Y,4,0,3,2,A,-,12,21453,A,N,D,C,A,A,H,-,A,A,0,NA,NA,NA,NA,Y,NA,A,07,0,0,3,0,0,0,0,0,0,-,-,NA,NA,ORANGE,MISSION VIEJO,-117.65863037109376,33.56108093261719
9819889,2025,2025-09-26,3000,2025-08-10,1305,9680,951F1,7,5,5,3040,0,0,0,NA,0,741,ALICIA PKWY,ALISO CREEK RD,0,NA,Y,A,-,N,NA,NA,NA,NA,NA,NA,NA,NA,NA,Y,2,0,4,2,A,-,09,21453,C,N,D,C,A,A,H,-,A,A,0,NA,NA,NA,NA,Y,NA,A,01,1,3,0,0,0,0,0,0,0,-,-,NA,NA,ORANGE,LAGUNA NIGUEL,-117.71804809570313,33.55544662475586
9819892,2025,2025-09-26,3000,2025-08-18,1715,4246,993B7,1,5,5,3017,0,0,0,NA,0,777,AVENIDA DEL PRESIDENTE,AVENIDA MENDOCINO,129,S,N,A,-,N,NA,NA,NA,NA,NA,NA,NA,NA,NA,N,3,0,2,2,A,-,08,22107,NA,N,B,G,A,A,H,-,A,A,0,NA,Y,NA,NA,Y,NA,L,04,0,2,0,0,0,0,2,0,0,-,-,NA,NA,ORANGE,SAN CLEMENTE,-117.60173034667967,33.41105270385742
9823366,2024,2025-10-21,3009,2024-11-24,1656,4021,084,7,5,6,3009,0,0,0,NA,0,1-3,GARDEN GROVE BL,CASA LINDA ST,0,NA,Y,A,-,N,NA,NA,NA,NA,NA,NA,NA,NA,NA,Y,2,0,1,2,A,-,12,21453,A,M,G,B,B,A,H,-,B,A,0,Y,NA,NA,NA,Y,NA,A,01,1,0,0,0,1,0,0,0,0,-,-,NA,NA,ORANGE,GARDEN GROVE,-117.96962738037108,33.773887634277344
9823483,2025,2025-09-16,3005,2025-08-27,748,8272,C36,3,5,4,3005,0,0,0,NA,0,003,YAMAHA WY,KATELLA AV,15,N,N,A,-,N,NA,NA,NA,NA,NA,NA,NA,NA,NA,N,4,0,1,2,A,-,12,21453,A,N,D,G,A,A,H,-,A,A,0,NA,Y,NA,Y,Y,NA,F,25,0,0,1,0,0,0,1,0,0,-,-,NA,NA,ORANGE,CYPRESS,-118.01651000976563,33.80301284790039
9824768,2025,2025-09-22,3005,2025-08-27,1721,8388,C42,3,5,4,3005,0,0,0,NA,0,003,MATINICUS CT,SOUTHHAMPTON DR,0,NA,Y,A,-,N,NA,NA,NA,NA,NA,NA,NA,NA,NA,N,3,0,1,2,A,-,09,21804,A,N,D,G,A,A,H,-,A,D,0,NA,Y,NA,NA,Y,NA,L,04,0,1,0,0,0,0,1,0,0,-,-,NA,NA,ORANGE,CYPRESS,-118.01554107666016,33.79646682739258
9825513,2025,2025-09-05,3009,2025-08-21,805,4654,105,4,5,6,3009,0,0,0,NA,0,013,GARDEN GROVE BL,NUTWOOD ST,0,NA,Y,A,-,N,NA,NA,NA,NA,NA,NA,NA,NA,NA,Y,3,0,1,2,A,-,09,21801,A,N,D,C,A,A,H,-,A,A,0,NA,NA,NA,NA,Y,NA,A,01,0,1,0,0,0,0,0,0,0,-,-,NA,NA,ORANGE,GARDEN GROVE,-117.9497299194336,33.77402877807617
9825564,2025,2025-09-09,3009,2025-07-27,1330,4552,117,7,5,6,3009,0,0,0,NA,0,023,LAKE ST,WESTMINSTER AV,96,S,N,A,-,N,NA,NA,NA,NA,NA,NA,NA,NA,NA,N,3,0,1,2,A,-,09,21804,A,M,C,G,A,A,H,-,A,A,0,NA,Y,NA,NA,Y,NA,L,04,0,1,0,0,0,0,1,0,0,-,-,NA,NA,ORANGE,GARDEN GROVE,-117.94429779052734,33.75929641723633
9826648,2025,2025-06-27,3000,2025-05-31,1240,11752,921C1,6,5,4,3045,0,0,0,NA,0,746,MOULTON PKWY,LA PAZ RD,269,S,N,A,-,N,NA,NA,NA,NA,NA,NA,NA,NA,NA,N,4,0,2,2,A,-,03,22350,NA,N,C,C,A,A,H,-,A,D,0,NA,NA,NA,NA,Y,NA,A,07,0,0,2,0,0,0,0,0,0,-,-,NA,NA,ORANGE,LAGUNA HILLS,-117.70215606689452,33.575416564941406