CASE_ID,ACCIDENT_YEAR,PROC_DATE,JURIS,COLLISION_DATE,COLLISION_TIME,OFFICER_ID,REPORTING_DISTRICT,DAY_OF_WEEK,CHP_SHIFT,POPULATION,CNTY_CITY_LOC,SPECIAL_COND,BEAT_TYPE,CHP_BEAT_TYPE,CITY_DIVISION_LAPD,CHP_BEAT_CLASS,BEAT_NUMBER,PRIMARY_RD,SECONDARY_RD,DISTANCE,DIRECTION,INTERSECTION,WEATHER_1,WEATHER_2,STATE_HWY_IND,CALTRANS_COUNTY,CALTRANS_DISTRICT,STATE_ROUTE,ROUTE_SUFFIX,POSTMILE_PREFIX,POSTMILE,LOCATION_TYPE,RAMP_INTERSECTION,SIDE_OF_HWY,TOW_AWAY,COLLISION_SEVERITY,NUMBER_KILLED,NUMBER_INJURED,PARTY_COUNT,PRIMARY_COLL_FACTOR,PCF_CODE_OF_VIOL,PCF_VIOL_CATEGORY,PCF_VIOLATION,PCF_VIOL_SUBSECTION,HIT_AND_RUN,TYPE_OF_COLLISION,MVIW,PED_ACTION,ROAD_SURFACE,ROAD_COND_1,ROAD_COND_2,LIGHTING,CONTROL_DEVICE,CHP_ROAD_TYPE,PEDESTRIAN_ACCIDENT,BICYCLE_ACCIDENT,MOTORCYCLE_ACCIDENT,TRUCK_ACCIDENT,NOT_PRIVATE_PROPERTY,ALCOHOL_INVOLVED,STWD_VEHTYPE_AT_FAULT,CHP_VEHTYPE_AT_FAULT,COUNT_SEVERE_INJ,COUNT_VISIBLE_INJ,COUNT_COMPLAINT_PAIN,COUNT_PED_KILLED,COUNT_PED_INJURED,COUNT_BICYCLIST_KILLED,COUNT_BICYCLIST_INJURED,COUNT_MC_KILLED,COUNT_MC_INJURED,PRIMARY_RAMP,SECONDARY_RAMP,LATITUDE,LONGITUDE,COUNTY,CITY,POINT_X,POINT_Y
6772579,2014,2016-03-01,3014,2014-12-18,0716,1146,RD45,4,5,5,3014,0,0,0,NA,0,NA,RT 1,MORNING CANYON RD,108,E,N,A,-,N,NA,NA,NA,NA,NA,NA,NA,NA,NA,Y,4,0,2,2,A,-,03,22350,NA,N,C,C,A,A,H,-,A,A,0,NA,NA,NA,Y,Y,NA,F,26,0,0,2,0,0,0,0,0,0,-,-,33.5912,-117.8621,ORANGE,NEWPORT BEACH,-117.862195,33.591222
6773818,2014,2015-02-06,3001,2014-12-31,1008,1622,NA,3,5,7,3001,0,0,0,NA,0,0D1,ORANGE AV,DANBROOK DR,587,E,N,A,-,N,NA,NA,NA,NA,NA,NA,NA,NA,NA,Y,3,0,3,3,A,-,05,21650,NA,N,D,C,A,A,H,-,A,D,0,NA,NA,NA,NA,Y,NA,A,01,0,1,2,0,0,0,0,0,0,-,-,NA,NA,ORANGE,ANAHEIM,-118.00633162,33.82459
6777981,2015,2015-02-19,3019,2015-01-18,1824,2595,SOUTH,7,5,7,3019,0,0,0,NA,0,002,CUBBON ST,GRAHAM ST,100,W,N,A,-,N,NA,NA,NA,NA,NA,NA,NA,NA,NA,N,3,0,1,2,A,-,15,21201,A,N,E,G,A,A,H,-,D,D,0,NA,Y,NA,NA,Y,NA,L,04,0,1,0,0,0,0,1,0,0,-,-,NA,NA,ORANGE,SANTA ANA,-117.88724812,33.73533838
6780232,2014,2015-02-12,3019,2014-12-28,1520,3132,NE,7,5,7,3019,0,0,0,NA,0,002,17TH ST,MABURY ST,0,NA,Y,A,-,N,NA,NA,NA,NA,NA,NA,NA,NA,NA,Y,4,0,2,2,A,-,09,21804,A,N,D,C,A,A,H,-,A,A,0,NA,NA,NA,NA,Y,NA,A,01,0,0,2,0,0,0,0,0,0,-,-,NA,NA,ORANGE,SANTA ANA,-117.84382007,33.75992006
6780486,2014,2015-02-10,3015,2014-11-21,1515,954,17E,5,5,6,3015,0,0,0,NA,0,0DO,N TUSTIN,TAFT,0,NA,Y,A,-,N,NA,NA,NA,NA,NA,NA,NA,NA,NA,N,4,0,1,2,-,-,-,NA,NA,N,G,B,B,A,H,-,A,A,0,Y,NA,NA,NA,Y,NA,-,-,0,0,1,0,1,0,0,0,0,-,-,NA,NA,ORANGE,ORANGE,-117.83592009,33.81746003
6780704,2015,2017-06-24,9675,2015-01-24,1244,18834,NA,6,1,9,3000,0,1,1,NA,2,405,RT 405,RED HILL AV,100,S,N,A,-,Y,ORA,12,405,-,-,8.341,R,2,N,N,4,0,1,2,A,-,07,21658,A,N,B,C,A,A,H,-,A,D,6,NA,NA,NA,NA,Y,NA,A,07,0,0,1,0,0,0,0,0,0,TO,-,33.68688,-117.86648,ORANGE,UNINCORPORATED,-117.8654166,33.68655108
6782374,2015,2015-02-19,3001,2015-01-02,2100,415,D1,5,5,7,3001,0,0,0,NA,0,NA,NORTH MAGNOLIA AV,LINCOLN AV,46,N,N,A,-,N,NA,NA,NA,NA,NA,NA,NA,NA,NA,N,4,0,1,2,A,-,03,22350,NA,M,C,C,A,A,H,-,C,A,0,NA,NA,NA,NA,Y,NA,A,01,0,0,1,0,0,0,0,0,0,-,-,NA,NA,ORANGE,ANAHEIM,-117.97599394,33.83239608
6784155,2015,2015-02-18,3022,2015-01-08,1933,1236,NORTH,4,5,5,3022,0,0,0,NA,0,NA,TUSTIN RANCH RD,EL CAMINO REAL,240,N,N,B,-,N,NA,NA,NA,NA,NA,NA,NA,NA,NA,N,3,0,1,1,A,-,03,22350,NA,N,F,A,A,A,H,-,C,D,0,NA,NA,Y,NA,Y,NA,C,02,0,1,0,0,0,0,0,0,1,-,-,33.73082,-117.79863,ORANGE,TUSTIN,-117.79967529,33.73002496
6786743,2014,2015-02-12,3010,2014-12-31,1123,1145,165,3,5,6,3010,0,0,0,NA,0,008,HEIL,WATERWAY,0,NA,Y,A,-,N,NA,NA,NA,NA,NA,NA,NA,NA,NA,Y,4,0,3,2,A,-,09,21802,A,N,D,C,A,A,H,-,A,A,0,NA,NA,NA,NA,Y,NA,A,07,0,0,3,0,0,0,0,0,0,-,-,NA,NA,ORANGE,HUNTINGTON BEACH,-118.04454004,33.72258002
6788170,2015,2015-02-25,3019,2015-01-15,1701,3346,WE,4,5,7,3019,0,0,0,NA,0,001,EUCLID ST,WISTERIA PL,0,NA,Y,A,-,N,NA,NA,NA,NA,NA,NA,NA,NA,NA,Y,4,0,1,3,A,-,01,23152,A,N,D,C,A,A,H,-,C,D,0,NA,NA,NA,NA,Y,NA,A,07,0,0,1,0,0,0,0,0,0,-,-,NA,NA,ORANGE,SANTA ANA,-117.93735002,33.73595011
6788850,2014,2015-02-13,3004,2014-12-30,1242,P462,09,2,5,6,3004,0,0,0,NA,0,003,HARBOR BL,BERNARD ST,0,NA,Y,B,-,N,NA,NA,NA,NA,NA,NA,NA,NA,NA,Y,4,0,1,2,A,-,09,21801,A,N,D,C,A,A,H,-,A,D,0,NA,NA,NA,NA,Y,NA,D,22,0,0,1,0,0,0,0,0,0,-,-,NA,NA,ORANGE,COSTA MESA,-117.91901005,33.64551004
6788986,2015,2016-04-28,3019,2015-01-31,1654,3266,S E,6,5,7,3019,0,0,0,NA,0,003,EDINGER,MAIN ST,80,E,N,A,-,N,NA,NA,NA,NA,NA,NA,NA,NA,NA,N,4,0,1,2,A,-,03,22350,NA,M,C,C,A,A,H,-,A,A,0,NA,NA,NA,NA,Y,NA,A,07,0,0,1,0,0,0,0,0,0,-,-,NA,NA,ORANGE,SANTA ANA,-117.86779,33.72727
6792457,2015,2015-02-25,3001,2015-01-07,1832,2167,NA,3,5,7,3001,0,0,0,NA,0,0D2,SOUTH STATE COLLEGE BL,E CLIFFPARK WY,17,S,N,A,-,N,NA,NA,NA,NA,NA,NA,NA,NA,NA,N,4,0,3,2,A,-,07,21658,A,N,B,C,A,A,H,-,C,D,0,NA,NA,NA,NA,Y,NA,A,01,0,0,3,0,0,0,0,0,0,-,-,NA,NA,ORANGE,ANAHEIM,-117.88936222,33.82024343
6792650,2015,2015-02-24,3001,2015-01-20,1515,1373,NA,2,5,7,3001,0,0,0,NA,0,0D3,EUCLID,WCHRIS AV,10,S,N,B,-,N,NA,NA,NA,NA,NA,NA,NA,NA,NA,Y,4,0,1,2,A,-,12,22450,A,M,A,C,A,A,H,-,A,A,0,NA,NA,NA,NA,Y,NA,A,01,0,0,1,0,0,0,0,0,0,-,-,NA,NA,ORANGE,ANAHEIM,-117.941594,33.839746
6793170,2015,2016-10-24,9675,2015-01-16,1540,19809,NA,5,2,6,3026,0,1,1,NA,2,406,RT 405,JAMBOREE RD,400,N,N,A,-,Y,ORA,12,405,-,-,7,H,-,S,N,4,0,1,2,A,-,03,22350,NA,N,C,C,A,A,H,-,A,D,6,NA,NA,NA,NA,Y,NA,A,01,0,0,1,0,0,0,0,0,0,-,-,33.67324,-117.08409,ORANGE,IRVINE,-117.84494704,33.67723984
6794184,2015,2016-09-19,3000,2015-01-25,1610,05271,972D7,7,5,5,3017,0,0,0,NA,0,776,CAMINO DE ESTRELLA,RT 5,0,NA,Y,A,-,Y,ORA,12,5,-,-,5.629,R,4,N,N,4,0,1,2,A,-,11,21954,A,N,G,B,D,A,H,-,A,A,0,Y,NA,NA,NA,Y,Y,N,60,0,0,1,0,1,0,0,0,0,-,NF,NA,NA,ORANGE,SAN CLEMENTE,-117.65354853,33.45745508
6794457,2015,2016-10-10,9670,2015-01-15,1503,16793,NA,4,2,6,3009,0,1,3,NA,2,022,RT 22,TRASK AV,33,E,N,A,-,Y,ORA,12,22,-,R,7.77,H,-,E,N,4,0,1,2,A,-,03,22350,NA,N,C,C,A,A,H,-,A,D,1,NA,NA,NA,NA,Y,NA,A,01,0,0,1,0,0,0,0,0,0,-,-,33.76606,-117.93316,ORANGE,GARDEN GROVE,-117.92160582,33.76734342
6794469,2015,2016-10-03,9675,2015-01-04,1040,20780,NA,7,1,7,3019,0,1,1,NA,2,502,RT 5,GRAND AV,40,N,N,A,-,Y,ORA,12,5,-,-,31.78,H,-,N,Y,4,0,2,4,A,-,08,22107,NA,F,C,C,A,A,H,-,A,D,1,NA,NA,NA,NA,Y,NA,A,01,0,0,2,0,0,0,0,0,0,FR,-,33.75531,-117.85208,ORANGE,SANTA ANA,-117.85170699,33.75507165
6795749,2014,2015-02-05,3008,2014-08-24,1422,1477,NA,7,5,6,3008,0,0,0,NA,0,002,HARBOR BL,ORANGETHORPE AV,0,NA,Y,A,-,N,NA,NA,NA,NA,NA,NA,NA,NA,NA,N,4,0,2,2,A,-,08,22107,NA,M,B,C,A,A,H,-,A,A,0,NA,NA,NA,NA,Y,NA,-,NA,0,0,2,0,0,0,0,0,0,-,-,33.51341,-117.55276,ORANGE,FULLERTON,-117.92437009,33.85950007
6796940,2015,2015-02-24,3019,2015-01-12,0730,2528,SE,1,5,7,3019,0,0,0,NA,0,003,WARNER AV,ORANGE AV,0,NA,Y,A,-,N,NA,NA,NA,NA,NA,NA,NA,NA,NA,N,4,0,1,2,D,-,00,NA,NA,N,D,G,A,A,H,-,A,A,0,NA,Y,NA,NA,Y,NA,-,-,0,0,1,0,0,0,1,0,0,-,-,NA,NA,ORANGE,SANTA ANA,-117.8653501,33.71603009
6799328,2015,2015-02-24,3026,2015-01-09,1731,416,NA,5,5,6,3026,0,0,0,NA,0,00C,ALTON,JEFFREY,69,E,N,A,-,N,NA,NA,NA,NA,NA,NA,NA,NA,NA,Y,4,0,1,3,A,-,03,22350,NA,N,C,C,A,A,H,-,A,A,0,NA,NA,NA,NA,Y,NA,A,01,0,0,1,0,0,0,0,0,0,-,-,NA,NA,ORANGE,IRVINE,-117.78847913,33.66957609
6806949,2015,2015-03-02,3009,2015-01-15,2036,6184,76,4,5,6,3009,0,0,0,NA,0,013,MAGNOLIA ST,WESTMINSTER AV,0,NA,Y,A,-,N,NA,NA,NA,NA,NA,NA,NA,NA,NA,Y,4,0,1,2,A,-,03,22350,NA,N,C,C,A,A,H,-,C,A,0,NA,NA,NA,NA,Y,NA,A,01,0,0,1,0,0,0,0,0,0,-,-,NA,NA,ORANGE,GARDEN GROVE,-117.97242008,33.75941003
6806968,2015,2015-03-04,3009,2015-01-16,1320,3527,92,5,5,6,3009,0,0,0,NA,0,012,CHAPMAN AV,BROOKHURST ST,251,W,N,A,-,N,NA,NA,NA,NA,NA,NA,NA,NA,NA,N,3,0,2,2,A,-,03,22350,NA,N,C,C,A,A,H,-,A,D,0,NA,NA,NA,NA,Y,NA,A,01,0,1,1,0,0,0,0,0,0,-,-,NA,NA,ORANGE,GARDEN GROVE,-117.95965407,33.78865
6806971,2015,2015-03-04,3007,2015-01-24,1849,283,55,6,5,5,3007,0,0,0,NA,0,003,BROOKHURST,SLATER,467,S,N,A,-,N,NA,NA,NA,NA,NA,NA,NA,NA,NA,Y,2,0,1,2,A,-,09,21803,NA,N,B,G,A,A,H,-,D,A,0,NA,Y,NA,NA,Y,NA,A,01,1,0,0,0,0,0,1,0,0,-,-,NA,NA,ORANGE,FOUNTAIN VALLEY,-117.95446648,33.70773016
6807501,2015,2016-09-26,3010,2015-01-29,1104,1059,242,4,5,6,3010,0,0,0,NA,0,009,RT 39,CENTER AV,161,S,N,B,-,Y,ORA,12,39,-,-,5.75,H,-,S,N,4,0,1,2,A,-,07,21658,A,N,C,C,A,A,H,-,A,A,0,NA,NA,NA,NA,Y,NA,A,01,0,0,1,0,0,0,0,0,0,-,-,NA,NA,ORANGE,HUNTINGTON BEACH,-117.98945704,33.73182061
6810175,2015,2015-02-18,3001,2015-02-03,1751,2171,NA,2,5,7,3001,0,0,0,NA,0,003,ORANGEWOOD AV,S RAMPART ST,570,E,N,A,-,N,NA,NA,NA,NA,NA,NA,NA,NA,NA,N,4,0,1,2,A,-,03,22350,NA,M,C,C,A,A,H,-,C,A,0,NA,NA,NA,NA,Y,NA,D,22,0,0,1,0,0,0,0,0,0,-,-,NA,NA,ORANGE,ANAHEIM,-117.88012541,33.79574827
6813547,2015,2016-09-12,9670,2015-02-08,1205,019502,NA,7,1,7,3001,0,1,1,NA,2,502,RT 5,EUCLID ST,5,S,N,A,-,Y,ORA,12,5,-,-,39.307,R,1,N,N,4,0,1,2,A,-,10,21950,A,N,G,B,B,A,H,-,A,A,6,Y,NA,NA,NA,Y,NA,A,01,0,0,1,0,1,0,0,0,0,TO,-,33.8366,-117.94135,ORANGE,ANAHEIM,-117.9381992,33.83487261
6813587,2015,2016-10-12,9675,2015-02-07,1935,19407,NA,6,2,6,3026,0,1,1,NA,2,407,RT 405,MACARTHUR BL,120,N,N,A,-,Y,ORA,12,405,-,-,7.82,H,-,N,Y,4,0,1,1,A,-,03,22350,NA,N,E,I,A,A,H,-,C,D,6,NA,NA,NA,NA,Y,NA,A,01,0,0,1,0,0,0,0,0,0,-,-,33.68426,-117.86006,ORANGE,IRVINE,-117.85719066,33.68298147
6817681,2015,2015-03-09,9670,2015-02-11,0500,16793,NA,3,3,9,3000,0,3,5,NA,2,005,NEWLAND ST,WASHINGTON AV,156,S,N,B,-,N,NA,NA,NA,NA,NA,NA,NA,NA,NA,N,3,0,1,1,A,-,03,22350,NA,N,H,J,A,A,H,-,-,D,0,NA,Y,NA,NA,Y,NA,L,04,0,1,0,0,0,0,1,0,0,-,-,33.74618,-117.98104,ORANGE,UNINCORPORATED,-117.98088483,33.7461723
6817737,2015,2015-03-09,3000,2015-02-01,0850,6743,892J3,7,5,4,3048,0,0,0,NA,0,166,AVENIDA EMPRESA,SANTA MARGARITA PKWY,44,S,N,A,-,N,NA,NA,NA,NA,NA,NA,NA,NA,NA,N,4,0,1,2,A,-,21,22106,NA,M,C,C,A,A,H,-,A,A,0,NA,NA,NA,NA,Y,NA,A,01,0,0,1,0,0,0,0,0,0,-,-,33.63793,-117.60932,ORANGE,RANCHO SANTA MARGARITA,-117.60888393,33.63924326
6817838,2015,2015-03-09,3004,2015-02-06,1053,P541,18,5,5,6,3004,0,0,0,NA,0,004,HARBOR BL,PETERSON PL,0,NA,Y,A,-,N,NA,NA,NA,NA,NA,NA,NA,NA,NA,N,3,0,1,2,A,-,11,21456,B,N,G,B,D,A,H,-,A,A,0,Y,NA,NA,NA,Y,NA,N,60,0,1,0,0,1,0,0,0,0,-,-,33.67048,-117.91851,ORANGE,COSTA MESA,-117.91913011,33.67045008
6821499,2015,2015-03-06,3024,2015-02-08,1800,382,P17,7,5,5,3024,0,0,0,NA,0,WEST,LOCUST ST,MAIN ST,12,N,N,A,-,N,NA,NA,NA,NA,NA,NA,NA,NA,NA,N,3,0,1,2,A,-,10,21950,A,F,G,B,B,A,H,-,B,A,0,Y,NA,NA,NA,Y,NA,A,01,0,1,0,0,1,0,0,0,0,-,-,NA,NA,ORANGE,WESTMINSTER,-118.00494051,33.7555329
6822846,2015,2016-09-22,9675,2015-02-12,1227,14895,NA,4,1,7,3001,0,1,3,NA,2,094,RT 91,LAKEVIEW AV,2500,E,N,A,-,Y,ORA,12,91,-,R,10.56,H,-,W,Y,4,0,1,2,A,-,03,22350,NA,N,C,C,A,A,H,-,A,D,1,NA,NA,NA,NA,Y,NA,D,22,0,0,1,0,0,0,0,0,0,-,-,33.85271,-117.81322,ORANGE,ANAHEIM,-117.80742784,33.85457788
6830448,2015,2015-03-06,3015,2015-01-26,1812,1326,365,1,5,6,3015,0,0,0,NA,0,333,NORTH TUSTIN ST,E WILSON AV,122,N,N,C,-,N,NA,NA,NA,NA,NA,NA,NA,NA,NA,N,4,0,1,2,A,-,03,22350,NA,N,C,C,A,B,H,-,C,D,0,NA,NA,NA,NA,Y,NA,-,NA,0,0,1,0,0,0,0,0,0,-,-,NA,NA,ORANGE,ORANGE,-117.83571,33.80779444
6833340,2015,2016-09-07,9675,2015-02-10,0855,17833,NA,2,1,6,3026,0,1,1,NA,2,504,RT 5,RT 133,557,S,N,A,-,Y,ORA,12,5,-,-,23.07,H,-,N,Y,4,0,1,2,A,-,08,22107,NA,N,B,C,A,A,H,-,A,D,1,NA,NA,NA,NA,Y,NA,A,01,0,0,1,0,0,0,0,0,0,-,-,33.66683,-117.75243,ORANGE,IRVINE,-117.75214084,33.66630926
6833634,2015,2015-03-13,3019,2015-02-07,1231,3197,NE,6,5,7,3019,0,0,0,NA,0,001,MAIN ST,MCFADDEN AV,0,NA,Y,A,-,N,NA,NA,NA,NA,NA,NA,NA,NA,NA,Y,3,0,2,3,A,-,09,21801,A,N,D,C,A,A,H,-,A,A,0,NA,NA,NA,NA,Y,NA,A,07,0,1,1,0,0,0,0,0,0,-,-,NA,NA,ORANGE,SANTA ANA,-117.86768011,33.73343012
6833753,2015,2015-03-13,3026,2015-02-08,1507,541,NA,7,5,6,3026,0,0,0,NA,0,00C,IRVINE CENTER DR,PACIFICA,0,NA,Y,A,-,N,NA,NA,NA,NA,NA,NA,NA,NA,NA,N,4,0,1,2,A,-,03,22350,NA,N,C,C,A,A,H,-,A,A,0,NA,NA,Y,NA,Y,NA,A,01,0,0,1,0,0,0,0,0,1,-,-,NA,NA,ORANGE,IRVINE,-117.74870013,33.65118003
6837418,2015,2015-03-19,3007,2015-02-26,0939,1126,38,4,5,5,3007,0,0,0,NA,0,NA,HEIL,NEWHOPE,0,NA,Y,A,-,N,NA,NA,NA,NA,NA,NA,NA,NA,NA,Y,4,0,2,2,A,-,09,21801,A,N,D,C,A,A,H,-,A,A,0,NA,NA,NA,NA,Y,NA,A,01,0,0,2,0,0,0,0,0,0,-,-,NA,NA,ORANGE,FOUNTAIN VALLEY,-117.92855012,33.72371002
6837556,2015,2015-03-16,3008,2015-02-02,1615,1284,Z2,1,5,6,3008,0,0,0,NA,0,NA,BREA BL,LONG VIEW DR,367,N,N,A,-,N,NA,NA,NA,NA,NA,NA,NA,NA,NA,Y,3,0,1,2,A,-,08,22107,NA,N,C,E,A,A,H,-,A,D,0,NA,NA,NA,NA,Y,NA,A,01,0,1,0,0,0,0,0,0,0,-,-,NA,NA,ORANGE,FULLERTON,-117.91851014,33.88956773
6837941,2015,2015-03-12,3008,2015-01-15,1546,1471,NA,4,5,6,3008,0,0,0,NA,0,003,STATE COLLEGE BL,COMMONWEALTH AV,0,NA,Y,A,-,N,NA,NA,NA,NA,NA,NA,NA,NA,NA,Y,4,0,2,2,A,-,09,21801,A,N,A,C,A,A,H,-,A,A,0,NA,NA,NA,NA,Y,NA,A,01,0,0,2,0,0,0,0,0,0,-,-,NA,NA,ORANGE,FULLERTON,-117.88957011,33.87057006
6839939,2015,2015-03-21,3010,2015-03-02,0938,2154,464,1,5,6,3010,0,0,0,NA,0,004,ADAMS,BUSHARD,0,NA,Y,B,C,N,NA,NA,NA,NA,NA,NA,NA,NA,NA,Y,4,0,2,2,A,-,09,21801,A,N,D,C,A,B,H,-,B,A,0,NA,NA,NA,NA,Y,NA,A,01,0,0,2,0,0,0,0,0,0,-,-,NA,NA,ORANGE,HUNTINGTON BEACH,-117.96292006,33.67251009
6840241,2015,2016-10-21,3012,2015-02-19,1600,288,12,4,5,5,3012,0,0,0,NA,0,0NW,WHITTIER BL,IDAHO ST,154,E,N,A,-,Y,ORA,12,39,-,-,21.25,H,-,S,Y,3,0,5,3,A,-,08,22107,NA,N,E,I,A,A,H,-,A,A,0,NA,NA,NA,Y,Y,NA,A,08,0,2,3,0,0,0,0,0,0,-,-,NA,NA,ORANGE,LA HABRA,-117.95862681,33.93915695
6843257,2015,2015-03-25,3022,2015-02-14,1205,1249,NORTH,6,5,5,3022,0,0,0,NA,0,NA,JAMBOREE RD,PORTOLA PKWY,0,NA,Y,A,-,N,NA,NA,NA,NA,NA,NA,NA,NA,NA,Y,4,0,1,2,A,-,17,21451,A,N,D,C,A,A,H,-,A,A,0,NA,NA,NA,Y,Y,NA,A,01,0,0,1,0,0,0,0,0,0,-,-,33.4437,-117.4616,ORANGE,TUSTIN,-117.77141004,33.74390006
6845814,2015,2016-09-19,9690,2015-02-22,2011,20637,NA,7,2,4,3045,0,1,1,NA,2,055,RT 5,ALICIA PKWY,1000,N,N,C,-,Y,ORA,12,5,-,-,17.66,H,-,S,Y,3,0,1,1,A,-,03,22350,NA,N,E,I,A,B,H,-,D,D,1,NA,NA,NA,NA,Y,NA,A,01,0,1,0,0,0,0,0,0,0,TO,-,33.60593,-117.69353,ORANGE,LAGUNA HILLS,-117.69320058,33.60606082
6846357,2015,2016-10-28,9690,2015-02-01,2020,018840,NA,7,2,5,3017,0,1,1,NA,2,059,RT 5,AVENIDA PICO,80,N,N,A,-,Y,ORA,12,5,-,-,3.44,H,-,N,Y,3,0,3,3,A,-,03,22350,NA,N,C,C,A,A,H,-,D,D,1,NA,NA,NA,NA,Y,NA,A,01,0,1,2,0,0,0,0,0,0,-,-,33.43894,-117.62246,ORANGE,SAN CLEMENTE,-117.6227403,33.43920893
6847051,2015,2016-10-06,9670,2015-02-24,0925,18180,NA,2,1,3,3006,0,1,3,NA,2,091,RT 91,COYOTE CREEK,150,E,N,A,-,Y,ORA,12,91,-,R,0.19,H,-,E,N,4,0,1,3,A,-,03,22350,NA,N,C,C,A,A,H,-,A,D,1,NA,NA,NA,NA,Y,NA,A,01,0,0,1,0,0,0,0,0,0,-,-,33.86123,-118.03894,ORANGE,LA PALMA,-118.03897406,33.86074966
6848401,2015,2016-10-27,9690,2015-01-04,0100,19361,NA,7,3,5,3017,0,1,1,NA,2,059,RT 5,CAMINO DE ESTRELLA,1056,S,N,A,-,Y,ORA,12,5,-,-,5.52,H,-,S,Y,4,0,2,3,A,-,03,22350,NA,F,C,C,A,A,D,-,D,D,1,NA,NA,NA,NA,Y,NA,-,99,0,0,2,0,0,0,0,0,0,-,-,33.45369,-117.64578,ORANGE,SAN CLEMENTE,-117.65210972,33.45644056
6851319,2015,2015-08-26,3000,2015-02-06,0125,5455,892H3,5,5,4,3048,0,0,0,NA,0,767,SANTA MARGARITA PKWY,ALICIA PKWY,0,NA,Y,A,-,N,NA,NA,NA,NA,NA,NA,NA,NA,NA,Y,4,0,1,1,C,-,18,NA,NA,N,E,I,A,A,H,-,C,A,0,NA,NA,NA,NA,Y,NA,-,-,0,0,1,0,0,0,0,0,0,-,-,NA,NA,ORANGE,RANCHO SANTA MARGARITA,-117.61899007,33.63861003
6852659,2015,2015-03-18,9690,2015-01-06,1352,15335,NA,2,1,9,3000,0,2,4,NA,2,034,ANTONIO PKWY,OSO PKWY,95,N,N,A,-,N,NA,NA,NA,NA,NA,NA,NA,NA,NA,Y,4,0,1,2,C,-,18,NA,NA,N,C,C,A,A,H,-,A,B,0,NA,NA,NA,NA,Y,NA,-,-,0,0,1,0,0,0,0,0,0,-,-,33.58423,-117.63075,ORANGE,UNINCORPORATED,-117.63075003,33.58379541
6853991,2015,2015-03-25,3026,2015-03-09,1936,544,2,1,5,6,3026,0,0,0,NA,0,00U,JAMBOREE,MICHELSON,480,S,N,A,-,N,NA,NA,NA,NA,NA,NA,NA,NA,NA,Y,3,0,3,4,A,-,03,22350,NA,N,C,C,A,A,H,-,C,A,0,NA,NA,NA,NA,Y,NA,A,01,0,1,2,0,0,0,0,0,0,-,-,NA,NA,ORANGE,IRVINE,-117.84875864,33.6716665
6854610,2015,2015-06-08,9675,2015-02-02,2105,18985,NA,1,2,6,3026,0,1,3,NA,2,130,RT 133,TRABUCO RD,3360,S,N,A,-,Y,ORA,12,5,-,R,24.227,R,2,S,Y,1,2,0,1,A,-,01,23152,A,N,E,I,A,A,H,-,C,D,1,NA,NA,NA,NA,Y,Y,A,08,0,0,0,0,0,0,0,0,0,TO,-,33.40391,-117.45106,ORANGE,IRVINE,-117.76140595,33.68036709
6858677,2015,2016-09-14,3015,2015-03-01,1102,1440,46,7,5,6,3015,0,0,0,NA,0,213,EAST CHAPMAN AV,RT 55,0,NA,Y,A,-,Y,ORA,12,55,-,-,13.898,R,4,N,N,3,0,1,2,A,-,09,21804,A,N,D,G,A,A,H,-,A,A,0,NA,Y,NA,NA,Y,NA,L,04,0,1,0,0,0,0,1,0,0,-,NO,NA,NA,ORANGE,ORANGE,-117.83085518,33.79048456
6858681,2015,2015-04-16,3015,2015-03-09,1813,1305,46,1,5,6,3015,0,0,0,NA,0,323,HANDY ST N,COLLINS AV E,0,NA,Y,A,-,N,NA,NA,NA,NA,NA,NA,NA,NA,NA,Y,4,0,1,2,A,-,00,22459,A,N,D,C,A,A,G,-,A,A,0,NA,NA,NA,NA,Y,NA,-,-,0,0,1,0,0,0,0,0,0,-,-,NA,NA,ORANGE,ORANGE,-117.82694008,33.80231009
6862384,2015,2016-10-18,9670,2015-03-07,0520,20860,NA,6,3,5,3007,0,1,1,NA,2,040,RT 405,BROOKHURST ST,5,N,N,A,-,Y,ORA,12,405,-,-,13.78,H,-,N,Y,3,0,2,2,A,-,07,21658,A,N,C,C,A,A,H,-,C,D,1,NA,NA,NA,NA,Y,NA,A,01,0,1,1,0,0,0,0,0,0,-,-,33.70531,-117.95418,ORANGE,FOUNTAIN VALLEY,-117.95436418,33.70544896
6863021,2015,2016-10-11,9675,2015-03-18,1605,17773,NA,3,2,6,3026,0,1,1,NA,2,407,RT 405,RT 133,1056,S,N,A,-,Y,ORA,12,405,-,-,1.6,H,-,N,N,4,0,1,2,A,-,03,22350,NA,N,C,C,A,A,H,-,A,D,6,NA,NA,NA,NA,Y,NA,A,01,0,0,1,0,0,0,0,0,0,-,-,33.65135,-117.75721,ORANGE,IRVINE,-117.75768619,33.65130354
6867427,2015,2016-09-22,9675,2015-03-25,1630,020582,NA,3,2,7,3001,0,1,3,NA,2,092,RT 91,TUSTIN AV,1500,W,N,A,-,Y,ORA,12,91,-,-,8.12,H,-,E,Y,4,0,1,2,A,-,07,21658,A,N,C,C,A,A,H,-,A,D,6,NA,NA,Y,NA,Y,NA,A,01,0,0,1,0,0,0,0,0,1,-,-,33.84909,-117.85025,ORANGE,ANAHEIM,-117.84275,33.8510325
6867438,2015,2016-09-14,9675,2015-03-05,1812,16944,NA,4,2,6,3015,0,1,3,NA,2,551,RT 55,LA VETA AV,4,N,N,A,-,Y,ORA,12,55,-,-,13.22,H,-,N,Y,3,0,1,1,A,-,03,22350,NA,N,F,A,A,A,H,-,A,D,6,NA,NA,Y,NA,Y,NA,C,02,0,1,0,0,0,0,0,0,1,-,-,33.78087,-117.83101,ORANGE,ORANGE,-117.8309591,33.78061785
6868136,2015,2016-10-25,3012,2015-03-11,1000,568,35,3,5,5,3012,0,0,0,NA,0,003,IMPERIAL HWY,TOWN AND COUNTRY,0,NA,Y,B,-,Y,ORA,12,90,-,-,0.86,H,-,W,N,3,0,1,2,A,-,10,21950,A,N,G,B,D,A,H,-,A,A,0,Y,NA,NA,NA,Y,NA,D,22,0,1,0,0,1,0,0,0,0,-,-,NA,NA,ORANGE,LA HABRA,-117.96183886,33.91737356
6870044,2015,2015-04-21,3010,2015-04-01,1226,1096,167,3,5,6,3010,0,0,0,NA,0,008,SPRINGDALE,WARNER,190,N,N,A,-,N,NA,NA,NA,NA,NA,NA,NA,NA,NA,N,3,0,1,2,A,-,06,21755,A,N,B,C,A,A,H,-,A,D,0,NA,NA,NA,NA,Y,NA,D,22,0,1,0,0,0,0,0,0,0,-,-,NA,NA,ORANGE,HUNTINGTON BEACH,-118.02398,33.71604081