CASE_ID,ACCIDENT_YEAR,PROC_DATE,JURIS,COLLISION_DATE,COLLISION_TIME,OFFICER_ID,REPORTING_DISTRICT,DAY_OF_WEEK,CHP_SHIFT,POPULATION,CNTY_CITY_LOC,SPECIAL_COND,BEAT_TYPE,CHP_BEAT_TYPE,CITY_DIVISION_LAPD,CHP_BEAT_CLASS,BEAT_NUMBER,PRIMARY_RD,SECONDARY_RD,DISTANCE,DIRECTION,INTERSECTION,WEATHER_1,WEATHER_2,STATE_HWY_IND,CALTRANS_COUNTY,CALTRANS_DISTRICT,STATE_ROUTE,ROUTE_SUFFIX,POSTMILE_PREFIX,POSTMILE,LOCATION_TYPE,RAMP_INTERSECTION,SIDE_OF_HWY,TOW_AWAY,COLLISION_SEVERITY,NUMBER_KILLED,NUMBER_INJURED,PARTY_COUNT,PRIMARY_COLL_FACTOR,PCF_CODE_OF_VIOL,PCF_VIOL_CATEGORY,PCF_VIOLATION,PCF_VIOL_SUBSECTION,HIT_AND_RUN,TYPE_OF_COLLISION,MVIW,PED_ACTION,ROAD_SURFACE,ROAD_COND_1,ROAD_COND_2,LIGHTING,CONTROL_DEVICE,CHP_ROAD_TYPE,PEDESTRIAN_ACCIDENT,BICYCLE_ACCIDENT,MOTORCYCLE_ACCIDENT,TRUCK_ACCIDENT,NOT_PRIVATE_PROPERTY,ALCOHOL_INVOLVED,STWD_VEHTYPE_AT_FAULT,CHP_VEHTYPE_AT_FAULT,COUNT_SEVERE_INJ,COUNT_VISIBLE_INJ,COUNT_COMPLAINT_PAIN,COUNT_PED_KILLED,COUNT_PED_INJURED,COUNT_BICYCLIST_KILLED,COUNT_BICYCLIST_INJURED,COUNT_MC_KILLED,COUNT_MC_INJURED,PRIMARY_RAMP,SECONDARY_RAMP,LATITUDE,LONGITUDE,COUNTY,CITY,POINT_X,POINT_Y
82020605,2023,2023-03-17,3019,2023-03-13,1358,3382,SE,1,5,7,3019,0,0,0,NA,0,003,RUSSELL AVENUE,SYCAMORE STREET,79,E,N,A,-,N,NA,NA,NA,NA,NA,NA,NA,NA,NA,Y,4,0,1,2,A,-,08,22107,NA,N,A,C,A,A,H,-,A,D,0,NA,NA,NA,NA,Y,NA,D,22,0,0,1,0,0,0,0,0,0,-,-,33.73257827758789,-117.86879730224608,ORANGE,SANTA ANA,-117.8685302734375,33.732662200927734
82027604,2022,2023-03-27,3008,2022-09-08,2028,1586,ZONE,4,5,6,3008,0,0,0,NA,0,NA,LANGSDORF DR,NUTWOOD AVE,0,NA,Y,A,-,N,NA,NA,NA,NA,NA,NA,NA,NA,NA,N,4,0,1,2,A,-,10,21950,A,N,G,B,B,A,H,-,C,A,0,Y,NA,NA,NA,Y,NA,A,01,0,0,1,0,1,0,0,0,0,-,-,NA,NA,ORANGE,FULLERTON,-117.88249206542967,33.87805938720703
8203011,2016,2017-03-06,3001,2016-12-21,2117,415,NA,3,5,7,3001,0,0,0,NA,0,0D1,RT 39,WEST ANACAPA WY,245,N,N,B,C,Y,ORA,12,39,-,-,12.89,H,-,N,Y,3,0,1,1,A,-,05,21651,A,N,E,I,A,B,H,-,C,D,0,NA,NA,NA,NA,Y,NA,A,01,0,1,0,0,0,0,0,0,0,-,-,NA,NA,ORANGE,ANAHEIM,-117.9935752,33.83513718
8203015,2016,2017-03-06,3001,2016-12-21,1913,415,NA,3,5,7,3001,0,0,0,NA,0,0D1,NORTH BROOKHURST ST,RT 5,51,S,N,B,-,Y,ORA,12,5,-,-,40.48,R,4,S,N,4,0,1,2,A,-,03,22350,NA,N,C,C,A,B,H,-,C,A,0,NA,NA,NA,NA,Y,NA,A,01,0,0,1,0,0,0,0,0,0,-,SO,NA,NA,ORANGE,ANAHEIM,-117.95569452,33.84326954
82035223,2022,2023-04-04,3008,2022-12-07,2012,1233,ZONE,3,5,6,3008,0,0,0,NA,0,NA,IMPERIAL HWY,HARBOR BLVD,330,E,N,A,-,Y,NA,NA,NA,NA,NA,NA,NA,NA,NA,Y,4,0,1,2,A,-,09,21804,A,N,C,C,A,A,H,-,C,D,0,NA,NA,NA,NA,Y,NA,A,01,0,0,1,0,0,0,0,0,0,-,-,NA,NA,ORANGE,FULLERTON,-117.93196105957033,33.917449951171875
82037130,2023,2023-04-06,3001,2023-03-27,1837,A2467,NA,1,5,7,3001,0,0,0,NA,0,D-3,BALL ROAD,WALNUT STREET,0,NA,Y,A,-,N,NA,NA,NA,NA,NA,NA,NA,NA,NA,Y,4,0,1,3,A,-,12,21453,A,N,D,C,A,A,H,-,A,A,0,NA,NA,NA,NA,Y,NA,D,22,0,0,1,0,0,0,0,0,0,-,-,33.8179817199707,-117.92816162109376,ORANGE,ANAHEIM,-117.92849731445313,33.81797790527344
82037265,2023,2023-04-05,3002,2023-03-09,1324,1671,NA,4,5,4,3002,0,0,0,NA,0,014,IMPERIAL HY,VALENCIA AV,0,NA,Y,A,-,Y,ORA,NA,90,NA,NA,7.271,H,NA,L,Y,4,0,2,3,A,-,12,21453,A,N,D,C,A,A,H,-,A,A,0,NA,NA,NA,NA,Y,NA,A,07,0,0,2,0,0,0,0,0,0,-,-,33.909759521484375,-117.85231018066406,ORANGE,BREA,-117.85227966308594,33.9097900390625
82040337,2023,2023-04-11,3024,2023-02-04,1450,432,P-18,6,5,5,3024,0,0,0,NA,0,WEST,PACIFIC AVENUE,14TH STREET,0,NA,Y,A,-,N,NA,NA,NA,NA,NA,NA,NA,NA,NA,Y,4,0,1,2,A,-,09,21802,A,N,D,C,A,A,H,-,A,D,0,NA,NA,NA,NA,Y,NA,A,01,0,0,1,0,0,0,0,0,0,-,-,33.75651931762695,-117.99163055419922,ORANGE,WESTMINSTER,-117.9919204711914,33.75649642944336
82042659,2023,2023-04-12,3019,2023-03-26,719,3834,SE,7,5,7,3019,0,0,0,NA,0,003,EDINGER AVENUE,MAIN STREET,49,S,N,A,-,N,NA,NA,NA,NA,NA,NA,NA,NA,NA,N,4,0,1,2,A,-,03,22350,NA,M,C,C,A,A,H,-,A,A,0,NA,NA,NA,NA,Y,NA,-,99,0,0,1,0,0,0,0,0,0,-,-,33.72639846801758,-117.86830139160156,ORANGE,SANTA ANA,-117.86779022216795,33.727149963378906
82042684,2023,2023-04-12,3019,2023-03-28,1831,3530,WE,2,5,7,3019,0,0,0,NA,0,001,5TH STREET,BEWLEY STREET (W),0,NA,Y,A,-,N,NA,NA,NA,NA,NA,NA,NA,NA,NA,Y,4,0,1,2,A,-,09,21802,A,N,D,C,A,A,H,-,B,D,0,NA,NA,NA,NA,Y,NA,A,01,0,0,1,0,0,0,0,0,0,-,-,33.74871063232422,-117.91805267333984,ORANGE,SANTA ANA,-117.91799926757813,33.74884796142578
82043158,2023,2023-04-12,3014,2023-04-09,932,1508,RD36,7,5,5,3014,0,0,0,NA,0,A3,JAMBOREE RD,BIRSTOL ST S,0,NA,Y,A,-,N,NA,NA,NA,NA,NA,NA,NA,NA,NA,Y,4,0,2,2,A,-,08,22107,NA,N,B,C,A,A,H,-,A,A,0,NA,NA,NA,NA,Y,NA,A,01,0,0,2,0,0,0,0,0,0,-,-,33.65488815307617,-117.86530303955078,ORANGE,NEWPORT BEACH,-117.86540985107422,33.65494918823242
82045630,2023,2023-04-17,3001,2023-04-11,1142,A2831,NA,2,5,7,3001,0,0,0,NA,0,NA,LINCOLN AVENUE,STATE COLLEGE BOULEVARD,150,W,N,A,-,N,NA,NA,NA,NA,NA,NA,NA,NA,NA,N,4,0,1,2,A,-,03,22350,NA,N,C,C,A,A,H,-,A,D,0,NA,NA,NA,NA,Y,NA,A,01,0,0,1,0,0,0,0,0,0,-,-,33.83842849731445,-117.88893127441406,ORANGE,ANAHEIM,-117.88981628417967,33.840084075927734
82048223,2023,2023-04-19,3019,2023-04-15,139,3325,WE,6,5,7,3019,0,0,0,NA,0,001,NEWHOPE STREET,HAZARD AVENUE,0,NA,Y,A,-,N,NA,NA,NA,NA,NA,NA,NA,NA,NA,Y,4,0,3,2,D,-,00,NA,NA,N,D,C,A,A,H,-,C,A,0,NA,NA,NA,NA,Y,NA,-,-,0,0,3,0,0,0,0,0,0,-,-,33.75246047973633,-117.92887115478516,ORANGE,SANTA ANA,-117.9288330078125,33.75244903564453
8205675,2016,2017-01-11,3019,2016-12-13,0804,3456,NA,2,5,7,3019,0,0,0,NA,0,NA,EDINGER AV,SULLIVAN ST,183,W,N,A,-,N,NA,NA,NA,NA,NA,NA,NA,NA,NA,Y,4,0,2,3,A,-,03,22350,NA,N,C,C,A,A,H,-,A,A,0,NA,NA,NA,NA,Y,NA,A,01,0,0,2,0,0,0,0,0,0,-,-,33.72722,-117.90253,ORANGE,SANTA ANA,-117.90315043,33.7273
82071165,2023,2023-05-17,3007,2023-05-09,1000,304,34,2,5,5,3007,0,0,0,NA,0,001,WARNER,BUSHARD,17,E,N,B,-,N,NA,NA,NA,NA,NA,NA,NA,NA,NA,N,2,0,1,2,A,-,10,21950,A,N,B,B,B,A,H,-,A,A,0,Y,NA,NA,NA,Y,NA,A,01,1,0,0,0,1,0,0,0,0,-,-,NA,NA,ORANGE,FOUNTAIN VALLEY,-117.96312713623048,33.715972900390625
8207350,2016,2017-01-10,3000,2016-12-22,1450,2849,862D7,4,5,5,3050,0,0,0,NA,0,762,EL TORO RD,PORTOLA PKWY,27,W,N,B,-,N,NA,NA,NA,NA,NA,NA,NA,NA,NA,Y,4,0,1,2,A,-,03,22350,NA,N,B,C,A,B,H,-,A,A,0,NA,NA,NA,NA,Y,NA,A,01,0,0,1,0,0,0,0,0,0,-,-,NA,NA,ORANGE,LAKE FOREST,-117.65272348,33.65983545
82073587,2023,2023-05-22,3022,2023-05-04,337,1341,NA,4,5,5,3022,0,0,0,NA,0,NA,1ST ST,MYRTLE AV,115,E,N,B,C,N,NA,NA,NA,NA,NA,NA,NA,NA,NA,Y,4,0,1,3,A,-,01,23152,A,N,B,E,A,B,H,-,C,D,0,NA,NA,NA,NA,Y,Y,A,01,0,0,1,0,0,0,0,0,0,-,-,33.74559020996094,-117.831298828125,ORANGE,TUSTIN,-117.83116149902344,33.74562072753906
82073815,2023,2023-05-22,3010,2023-05-07,234,1253,465,7,5,6,3010,0,0,0,NA,0,002,MAGNOLIA ST,ATLANTA AVE,327,S,N,A,-,N,NA,NA,NA,NA,NA,NA,NA,NA,NA,Y,2,0,2,1,A,-,01,23152,A,F,E,I,A,A,H,-,C,D,0,NA,NA,NA,NA,Y,Y,A,01,1,1,0,0,0,0,0,0,0,-,-,33.657588958740234,-117.97104644775392,ORANGE,HUNTINGTON BEACH,-117.97103118896484,33.65683364868164
8207590,2016,2017-01-12,3001,2016-12-29,1822,1655,1717,4,5,7,3001,0,0,0,NA,0,013,SOUTH DALE AV,WEST ORANGE AV,0,NA,Y,A,-,N,NA,NA,NA,NA,NA,NA,NA,NA,NA,Y,4,0,4,2,A,-,12,21453,A,N,D,C,A,A,H,-,C,A,0,NA,NA,NA,NA,Y,NA,D,22,0,0,4,0,0,0,0,0,0,-,-,NA,NA,ORANGE,ANAHEIM,-117.98465011,33.82483001
82076866,2023,2023-05-25,3015,2023-05-19,922,1495,RD27W,5,5,6,3015,0,0,0,NA,0,712M,TAFT AVE,BATAVIA ST (W),0,NA,N,A,-,N,NA,NA,NA,NA,NA,NA,NA,NA,NA,N,4,0,2,2,A,-,03,22350,NA,F,C,C,A,A,H,-,A,D,0,NA,NA,NA,NA,Y,NA,A,01,0,0,2,0,0,0,0,0,0,-,-,33.81562042236328,-117.86225128173828,ORANGE,ORANGE,-117.86220550537108,33.81568145751953
8207760,2016,2017-01-13,3001,2016-12-28,2141,A1252,NA,3,5,7,3001,0,0,0,NA,0,0D1,SOUTH MAGNOLIA AV,LINCOLN AV,528,S,N,B,-,N,NA,NA,NA,NA,NA,NA,NA,NA,NA,Y,4,0,1,2,A,-,09,21804,A,M,D,C,A,A,H,-,C,D,0,NA,NA,NA,NA,Y,NA,A,01,0,0,1,0,0,0,0,0,0,-,-,NA,NA,ORANGE,ANAHEIM,-117.97598,33.83072251
8207950,2017,2017-01-20,3001,2017-01-01,1821,A1252,NA,7,5,7,3001,0,0,0,NA,0,D-2,HARBOR BL,LA PALMA AV,0,NA,Y,A,-,N,NA,NA,NA,NA,NA,NA,NA,NA,NA,Y,4,0,1,3,A,-,09,21801,A,M,D,C,A,A,H,-,A,A,0,NA,NA,NA,NA,Y,Y,A,01,0,0,1,0,0,0,0,0,0,-,-,NA,NA,ORANGE,ANAHEIM,-117.92385012,33.84721007
8207961,2017,2017-03-29,3026,2017-01-03,1417,4779,PORTO,2,5,6,3026,0,0,0,NA,0,008,CULVER DR,FARWELL AV,0,NA,Y,A,-,N,NA,NA,NA,NA,NA,NA,NA,NA,NA,Y,4,0,2,2,A,-,12,21453,A,N,D,C,A,A,H,-,A,A,0,NA,NA,NA,NA,Y,NA,A,01,0,0,2,0,0,0,0,0,0,-,-,33.71426,-117.7784,ORANGE,IRVINE,-117.77834009,33.71421004
82081977,2022,2023-06-01,3008,2022-12-30,2251,1435,ZONE,5,5,6,3008,0,0,0,NA,0,NA,HARBOR BLVD,ORANGETHORPE AVE,300,S,N,A,C,N,NA,NA,NA,NA,NA,NA,NA,NA,NA,N,3,0,2,1,A,-,08,22107,NA,N,E,I,A,B,H,-,C,D,0,NA,NA,NA,NA,Y,Y,A,01,0,2,0,0,0,0,0,0,0,-,-,NA,NA,ORANGE,FULLERTON,-117.92437744140624,33.85867691040039
82085514,2023,2023-06-05,3016,2023-05-15,1544,2182,11,1,5,5,3016,0,0,0,NA,0,001,BASTANCHURY ROAD,LONGFELLOW WAY,0,NA,Y,A,-,N,NA,NA,NA,NA,NA,NA,NA,NA,NA,N,3,0,1,2,A,-,09,21802,A,N,D,C,A,A,H,-,A,A,0,NA,NA,NA,NA,Y,NA,A,07,0,1,0,0,0,0,0,0,0,-,-,33.897491455078125,-117.85137176513672,ORANGE,PLACENTIA,-117.85215759277344,33.89811325073242
82087749,2023,2023-06-07,3019,2023-05-13,2059,3727,NE,6,5,7,3019,0,0,0,NA,0,002,17TH STREET,GRAND AVENUE,120,E,N,A,-,N,NA,NA,NA,NA,NA,NA,NA,NA,NA,N,3,0,1,2,A,-,11,21954,A,N,G,B,E,A,H,-,C,D,0,Y,NA,NA,NA,Y,NA,N,60,0,1,0,0,1,0,0,0,0,-,-,33.75992965698242,-117.85192108154295,ORANGE,SANTA ANA,-117.85152435302734,33.759918212890625
82087833,2023,2023-06-07,3019,2023-05-20,1317,3811,NE,6,5,7,3019,0,0,0,NA,0,002,SANTA CLARA AVENUE,BROADWAY,0,NA,Y,A,-,N,NA,NA,NA,NA,NA,NA,NA,NA,NA,N,4,0,1,3,A,-,12,21457,A,N,D,C,A,A,H,-,A,B,0,NA,NA,NA,NA,Y,NA,A,07,0,0,1,0,0,0,0,0,0,-,-,33.766658782958984,-117.86949920654295,ORANGE,SANTA ANA,-117.86952972412108,33.766849517822266
82089763,2023,2023-06-09,3001,2023-06-08,48,A2783,D-3,4,5,7,3001,0,0,0,NA,0,031,MANCHESTER AVENUE,BALL RD,765,N,N,A,-,N,NA,NA,NA,NA,NA,NA,NA,NA,NA,Y,4,0,1,3,A,-,03,22350,NA,M,C,C,A,A,H,-,C,D,0,NA,NA,NA,NA,Y,NA,A,01,0,0,1,0,0,0,0,0,0,-,-,NA,NA,ORANGE,ANAHEIM,NA,NA
82094233,2023,2023-06-15,3001,2023-06-13,1605,A1397,D-2,2,5,7,3001,0,0,0,NA,0,NA,EUCLID STREET,MEDICAL CENTER DRIVE,353,N,N,B,-,N,NA,NA,NA,NA,NA,NA,NA,NA,NA,N,4,0,1,2,A,-,03,22350,NA,N,C,C,A,A,H,-,A,D,0,NA,NA,NA,NA,Y,NA,A,01,0,0,1,0,0,0,0,0,0,-,-,NA,NA,ORANGE,ANAHEIM,-117.94180297851563,33.85274887084961
82095317,2023,2023-06-16,3019,2023-05-29,2219,3789,WE,1,5,7,3019,0,0,0,NA,0,001,HARBOR BOULEVARD,KENT AVENUE,200,S,N,A,-,N,NA,NA,NA,NA,NA,NA,NA,NA,NA,N,4,0,2,2,A,-,03,22350,NA,N,C,C,A,A,H,-,C,D,0,NA,NA,NA,NA,Y,NA,A,01,0,0,2,0,0,0,0,0,0,-,-,33.73461151123047,-117.9202880859375,ORANGE,SANTA ANA,-117.92002868652344,33.734092712402344
82096450,2023,2023-06-19,3024,2023-04-30,1026,498,P-17,7,5,5,3024,0,0,0,NA,0,WEST,WESTMINSTER BOULEVARD,OLIVE STREET,0,NA,Y,B,-,N,NA,NA,NA,NA,NA,NA,NA,NA,NA,N,3,0,1,1,A,-,03,22350,NA,N,F,A,A,A,H,-,A,D,0,NA,NA,Y,NA,Y,NA,C,02,0,1,0,0,0,0,0,0,1,-,-,33.75905990600586,-118.00064086914063,ORANGE,WESTMINSTER,-118.0006103515625,33.75916290283203
82097429,2023,2023-06-23,3001,2023-06-14,2042,A1906,D-4,3,5,7,3001,0,0,0,NA,0,D-4,LA PALMA AVENUE,KRAEMER BOULEVARD,0,NA,Y,B,-,N,NA,NA,NA,NA,NA,NA,NA,NA,NA,Y,4,0,1,3,A,-,09,21453,C,N,D,C,A,A,H,-,C,A,0,NA,NA,NA,NA,Y,NA,A,07,0,0,1,0,0,0,0,0,0,-,-,33.85124969482422,-117.85749816894533,ORANGE,ANAHEIM,-117.85730743408205,33.85115051269531
82099385,2023,2023-06-22,3015,2023-06-01,1801,1449,RD 45,4,5,6,3015,0,0,0,NA,0,321,GLASSELL ST,KATELLA AVE,40,N,N,A,-,N,NA,NA,NA,NA,NA,NA,NA,NA,NA,Y,4,0,3,4,A,-,08,22107,NA,N,C,C,A,A,H,-,A,A,0,NA,NA,NA,NA,Y,NA,A,01,0,0,3,0,0,0,0,0,0,-,-,33.80849838256836,-117.85260772705078,ORANGE,ORANGE,-117.85301971435548,33.809200286865234
82101370,2023,2023-06-26,3001,2023-06-23,1356,A2332,D-2,5,5,7,3001,0,0,0,NA,0,D-2,HARBOR BOULEVARD,RT 91 WBON/R,0,NA,Y,A,-,Y,NA,NA,NA,NA,NA,NA,NA,NA,NA,Y,3,0,1,2,A,-,12,21453,A,N,D,C,A,A,H,-,A,A,0,NA,NA,NA,NA,Y,NA,A,01,0,1,0,0,0,0,0,0,0,-,-,NA,NA,ORANGE,ANAHEIM,-117.92414093017578,33.8537712097168
82101512,2023,2023-06-26,3024,2023-05-24,918,329,P-19,3,5,5,3024,0,0,0,NA,0,EAST,BEACH BOULEVARD (SR 39),13TH STREET,0,NA,Y,B,-,Y,NA,NA,NA,NA,NA,NA,NA,NA,NA,Y,3,0,1,2,A,-,12,21453,A,N,A,C,A,A,H,-,A,A,0,NA,NA,NA,NA,Y,NA,A,01,0,1,0,0,0,0,0,0,0,-,-,NA,NA,ORANGE,WESTMINSTER,-117.98951721191406,33.755615234375
82106702,2023,2023-06-30,3001,2023-06-25,1806,A2540,D-1,7,5,7,3001,0,0,0,NA,0,D-1,ORANGE AVENUE,PRIMROSE STREET,310,W,N,A,-,N,NA,NA,NA,NA,NA,NA,NA,NA,NA,N,4,0,1,1,C,-,18,NA,NA,N,E,I,A,A,H,-,A,D,0,NA,NA,NA,NA,Y,NA,-,-,0,0,1,0,0,0,0,0,0,-,-,33.82489013671875,-117.95266723632813,ORANGE,ANAHEIM,-117.9538345336914,33.825077056884766
82107620,2023,2023-07-03,3001,2023-06-27,2000,A1278,NA,2,5,7,3001,0,0,0,NA,0,D-3,9TH STREET,CERRITOS AVENUE,155,S,N,A,-,N,NA,NA,NA,NA,NA,NA,NA,NA,NA,Y,4,0,1,2,A,-,05,21651,A,M,D,C,A,A,H,-,A,D,0,NA,NA,NA,NA,Y,NA,A,07,0,0,1,0,0,0,0,0,0,-,-,NA,NA,ORANGE,ANAHEIM,-117.9324188232422,33.81013870239258
82114199,2023,2023-07-11,3026,2023-07-02,1051,12434,NA,7,5,6,3026,0,0,0,NA,0,006,SAND CANYON AVE,ALTON PKWY,110,N,N,A,-,N,NA,NA,NA,NA,NA,NA,NA,NA,NA,N,4,0,4,4,A,-,03,22350,NA,N,C,C,A,A,H,-,A,A,0,NA,NA,NA,NA,Y,NA,A,07,0,0,4,0,0,0,0,0,0,-,-,NA,NA,ORANGE,IRVINE,-117.77523803710938,33.66048812866211
82114658,2023,2023-07-12,3008,2023-03-07,2117,1484,NA,2,5,6,3008,0,0,0,NA,0,NA,ASSOCIATED RD,YORBA LINDA BLVD,0,NA,Y,A,-,N,NA,NA,NA,NA,NA,NA,NA,NA,NA,N,4,0,1,1,A,-,03,22350,NA,N,H,I,A,A,H,-,C,A,0,NA,NA,Y,NA,Y,NA,C,02,0,0,1,0,0,0,0,0,1,-,-,NA,NA,ORANGE,FULLERTON,-117.88556671142578,33.88896179199219
82116537,2023,2023-07-14,3010,2023-07-08,1325,1107,432,6,5,6,3010,0,0,0,NA,0,005,BEACH BL - SR39,CLAY AVE,6,S,N,A,-,Y,ORA,NA,39,NA,NA,2.379,H,NA,R,Y,3,0,2,2,A,-,09,21801,A,N,D,C,A,A,H,-,A,D,0,NA,NA,NA,NA,Y,NA,A,01,0,2,0,0,0,0,0,0,0,-,-,33.682899475097656,-117.98870849609376,ORANGE,HUNTINGTON BEACH,-117.98863220214844,33.682899475097656
82116546,2023,2023-07-14,3010,2023-07-10,1326,4094,171,1,5,6,3010,0,0,0,NA,0,008,PACIFIC COAST HWY - SR1,24TH ST,16,N,N,A,-,Y,NA,NA,NA,NA,NA,NA,NA,NA,NA,N,4,0,1,2,A,-,09,21804,A,N,D,C,A,A,H,-,A,D,0,NA,NA,NA,NA,Y,NA,A,01,0,0,1,0,0,0,0,0,0,-,-,NA,NA,ORANGE,HUNTINGTON BEACH,-118.07615661621094,33.72331237792969
82121434,2023,2023-07-24,3001,2023-07-18,1100,A2858,D-3,2,5,7,3001,0,0,0,NA,0,D-3,HARBOR BOULEVARD,MANCHESTER AVENUE,908,S,N,A,-,N,NA,NA,NA,NA,NA,NA,NA,NA,NA,Y,3,0,1,3,A,-,08,22107,NA,M,B,C,A,A,H,-,A,D,0,NA,NA,NA,Y,Y,NA,A,01,0,1,0,0,0,0,0,0,0,-,-,NA,NA,ORANGE,ANAHEIM,-117.91542816162108,33.81009292602539
82122633,2023,2023-07-21,3010,2023-07-12,1652,4094,422,3,5,6,3010,0,0,0,NA,0,005,YORKTOWN AVE,GOLDENWEST ST,370,E,N,A,-,N,NA,NA,NA,NA,NA,NA,NA,NA,NA,N,3,0,2,2,A,-,09,21804,A,N,D,C,A,A,H,-,A,A,0,NA,NA,NA,NA,Y,NA,A,01,0,1,1,0,0,0,0,0,0,-,-,NA,NA,ORANGE,HUNTINGTON BEACH,-118.00518035888672,33.679290771484375
82123412,2023,2023-07-26,3026,2023-07-02,916,724,NA,7,5,6,3026,0,0,0,NA,0,008,JEFFREY RD,ROOSEVELT,0,NA,Y,A,-,N,NA,NA,NA,NA,NA,NA,NA,NA,NA,Y,4,0,2,2,A,-,12,21453,A,N,D,C,A,A,H,-,A,A,0,NA,NA,NA,NA,Y,NA,A,01,0,0,2,0,0,0,0,0,0,-,-,NA,NA,ORANGE,IRVINE,-117.7649154663086,33.69355010986328
82124346,2023,2023-07-24,3014,2023-07-04,2240,1471,RD15,2,5,5,3014,0,0,0,NA,0,A1,NEWPORT BLVD,22ND ST,61,N,N,A,-,N,NA,NA,NA,NA,NA,NA,NA,NA,NA,N,4,0,1,3,A,-,03,22350,NA,M,G,B,E,A,H,-,C,D,0,Y,NA,NA,NA,Y,Y,D,22,0,0,1,0,1,0,0,0,0,-,-,33.60908889770508,-117.92839050292967,ORANGE,NEWPORT BEACH,-117.92845916748048,33.6094856262207
82131110,2023,2023-07-31,3001,2023-07-28,1031,A2461,D-2,5,5,7,3001,0,0,0,NA,0,D-2,EUCLID STREET,CRESCENT AVENUE,65,S,N,A,-,N,NA,NA,NA,NA,NA,NA,NA,NA,NA,Y,3,0,2,2,A,-,03,22350,NA,N,C,C,A,A,H,-,A,D,0,NA,NA,NA,NA,Y,NA,A,01,0,1,1,0,0,0,0,0,0,-,-,33.83892822265625,-117.94130706787108,ORANGE,ANAHEIM,-117.94159698486328,33.839622497558594
82131143,2023,2023-07-31,3010,2023-07-25,2054,2211,137,2,5,6,3010,0,0,0,NA,0,009,BOLSA AVE,GRAHAM ST,0,NA,Y,A,-,N,NA,NA,NA,NA,NA,NA,NA,NA,NA,N,3,0,1,2,A,-,12,21453,A,N,D,G,A,A,H,-,A,A,0,NA,Y,NA,NA,Y,NA,M,91,0,1,0,0,0,0,1,0,0,-,-,33.74454116821289,-118.03289794921876,ORANGE,HUNTINGTON BEACH,-118.03297424316406,33.744346618652344
82132677,2023,2023-08-02,3008,2023-06-07,2053,1523,ZONE,3,5,6,3008,0,0,0,NA,0,NA,PIONEER AVE,STARBUCK ST,0,NA,Y,A,-,N,NA,NA,NA,NA,NA,NA,NA,NA,NA,Y,3,0,4,2,A,-,09,21801,A,N,D,C,A,A,H,-,C,A,0,NA,NA,Y,NA,Y,NA,A,01,0,2,2,0,0,0,0,0,2,-,-,NA,NA,ORANGE,FULLERTON,-117.9622802734375,33.88814163208008
82135967,2023,2023-08-07,3008,2023-06-23,1350,1387,ZONE,5,5,6,3008,0,0,0,NA,0,NA,COMMONWEALTH AVE,ACACIA AVE,0,NA,Y,A,-,N,NA,NA,NA,NA,NA,NA,NA,NA,NA,Y,3,0,2,2,D,-,00,NA,NA,N,D,C,A,A,H,-,A,A,0,NA,NA,NA,NA,Y,NA,-,-,0,1,1,0,0,0,0,0,0,-,-,NA,NA,ORANGE,FULLERTON,-117.89826202392578,33.87052917480469
82139245,2023,2023-08-09,3010,2023-07-31,1540,2216,292,1,5,6,3010,0,0,0,NA,0,005,TALBERT AVE,BEACH BL - SR39,133,W,N,A,-,N,NA,NA,NA,NA,NA,NA,NA,NA,NA,Y,2,0,1,2,A,-,08,22107,NA,N,B,C,A,A,H,-,A,A,0,NA,NA,Y,NA,Y,NA,A,01,1,0,0,0,0,0,0,0,1,-,-,33.70122146606445,-117.98912048339844,ORANGE,HUNTINGTON BEACH,-117.98902130126952,33.70125198364258
82140233,2023,2023-08-11,3001,2023-08-03,1749,A2461,D-1,4,5,7,3001,0,0,0,NA,0,D-1,BALL ROAD,WESTERN AVENUE,0,NA,Y,A,-,N,NA,NA,NA,NA,NA,NA,NA,NA,NA,Y,3,0,5,3,A,-,09,21801,A,N,A,C,A,A,H,-,A,A,0,NA,NA,Y,NA,Y,NA,C,06,0,2,3,0,0,0,0,0,2,-,-,NA,NA,ORANGE,ANAHEIM,-118.00205993652344,33.81733703613281
82142627,2023,2023-08-14,3026,2023-07-22,1508,605,NA,6,5,6,3026,0,0,0,NA,0,007,CENTRAL PARK AVE,IRVINE BLVD,675,N,N,A,-,N,NA,NA,NA,NA,NA,NA,NA,NA,NA,N,3,0,1,2,D,-,00,NA,NA,N,D,G,A,A,H,-,A,A,0,NA,Y,NA,NA,Y,NA,-,-,0,1,0,0,0,0,1,0,0,-,-,33.72343826293945,-117.77387237548828,ORANGE,IRVINE,-117.7729263305664,33.72490692138672
82144772,2023,2023-08-16,3001,2023-08-05,1408,A2785,D-2,6,5,7,3001,0,0,0,NA,0,D-2,PAULINE STREET,NORTH STREET,190,S,N,A,-,N,NA,NA,NA,NA,NA,NA,NA,NA,NA,Y,4,0,1,3,C,-,18,NA,NA,N,B,E,A,A,H,-,A,D,0,NA,NA,NA,NA,Y,NA,-,-,0,0,1,0,0,0,0,0,0,-,-,33.845619201660156,-117.91011810302734,ORANGE,ANAHEIM,-117.90998840332033,33.845298767089844