CASE_ID,ACCIDENT_YEAR,PROC_DATE,JURIS,COLLISION_DATE,COLLISION_TIME,OFFICER_ID,REPORTING_DISTRICT,DAY_OF_WEEK,CHP_SHIFT,POPULATION,CNTY_CITY_LOC,SPECIAL_COND,BEAT_TYPE,CHP_BEAT_TYPE,CITY_DIVISION_LAPD,CHP_BEAT_CLASS,BEAT_NUMBER,PRIMARY_RD,SECONDARY_RD,DISTANCE,DIRECTION,INTERSECTION,WEATHER_1,WEATHER_2,STATE_HWY_IND,CALTRANS_COUNTY,CALTRANS_DISTRICT,STATE_ROUTE,ROUTE_SUFFIX,POSTMILE_PREFIX,POSTMILE,LOCATION_TYPE,RAMP_INTERSECTION,SIDE_OF_HWY,TOW_AWAY,COLLISION_SEVERITY,NUMBER_KILLED,NUMBER_INJURED,PARTY_COUNT,PRIMARY_COLL_FACTOR,PCF_CODE_OF_VIOL,PCF_VIOL_CATEGORY,PCF_VIOLATION,PCF_VIOL_SUBSECTION,HIT_AND_RUN,TYPE_OF_COLLISION,MVIW,PED_ACTION,ROAD_SURFACE,ROAD_COND_1,ROAD_COND_2,LIGHTING,CONTROL_DEVICE,CHP_ROAD_TYPE,PEDESTRIAN_ACCIDENT,BICYCLE_ACCIDENT,MOTORCYCLE_ACCIDENT,TRUCK_ACCIDENT,NOT_PRIVATE_PROPERTY,ALCOHOL_INVOLVED,STWD_VEHTYPE_AT_FAULT,CHP_VEHTYPE_AT_FAULT,COUNT_SEVERE_INJ,COUNT_VISIBLE_INJ,COUNT_COMPLAINT_PAIN,COUNT_PED_KILLED,COUNT_PED_INJURED,COUNT_BICYCLIST_KILLED,COUNT_BICYCLIST_INJURED,COUNT_MC_KILLED,COUNT_MC_INJURED,PRIMARY_RAMP,SECONDARY_RAMP,LATITUDE,LONGITUDE,COUNTY,CITY,POINT_X,POINT_Y
84863658,2025,2025-09-29,3010,2025-09-25,1524,1022,NA,4,5,6,3010,0,0,0,NA,0,003,LEXINGTON LN,SHALOM DR,44,N,N,A,-,N,NA,NA,NA,NA,NA,NA,NA,NA,NA,N,4,0,1,2,A,-,08,22107,NA,N,B,C,A,A,H,-,A,A,0,NA,NA,NA,NA,Y,NA,A,07,0,0,1,0,0,0,0,0,0,-,-,33.675960540771484,-117.94817352294922,ORANGE,HUNTINGTON BEACH,-117.94821166992188,33.6761589050293
84873031,2025,2025-10-13,3008,2025-08-09,542,1696,NA,6,5,6,3008,0,0,0,NA,0,NA,ROSECRANS AVE,EUCLID ST,0,NA,Y,A,-,N,NA,NA,NA,NA,NA,NA,NA,NA,NA,N,3,0,1,1,A,-,01,23152,A,N,E,I,A,A,D,-,B,A,0,NA,NA,NA,NA,Y,Y,A,01,0,1,0,0,0,0,0,0,0,-,-,33.89344024658203,-117.94422912597656,ORANGE,FULLERTON,-117.94441223144533,33.893524169921875
8487383,2017,2017-11-13,3015,2017-10-05,1927,1515,65E,4,5,6,3015,0,0,0,NA,0,002,EAST KATELLA AV,N CALIFORNIA ST,192,E,N,A,-,N,NA,NA,NA,NA,NA,NA,NA,NA,NA,Y,2,0,2,2,A,-,09,21804,A,F,D,C,A,A,H,-,C,D,0,NA,NA,NA,NA,Y,Y,A,07,1,0,1,0,0,0,0,0,0,-,-,NA,NA,ORANGE,ORANGE,-117.83984955,33.80916448
84875363,2025,2025-10-07,3019,2025-08-25,1934,3439,NA,1,5,7,3019,0,0,0,NA,0,002,17TH STREET,TUSTIN AVENUE,575,W,N,A,-,N,NA,NA,NA,NA,NA,NA,NA,NA,NA,N,1,1,1,2,A,-,11,21954,A,N,G,B,D,A,H,-,B,D,0,Y,NA,NA,NA,Y,NA,N,60,0,1,0,1,0,0,0,0,0,-,-,33.75965881347656,-117.83425903320313,ORANGE,SANTA ANA,-117.83625030517578,33.75981903076172
84876957,2025,2025-10-07,3014,2025-09-30,1826,1578,NA,2,5,5,3014,0,0,0,NA,0,A4,SAN JOAQUIN HILLS RD,NEWPORT COAST DR,0,NA,Y,A,-,N,NA,NA,NA,NA,NA,NA,NA,NA,NA,N,4,0,1,2,A,-,03,22350,NA,N,C,C,A,A,H,-,A,D,0,NA,NA,NA,NA,Y,NA,A,01,0,0,1,0,0,0,0,0,0,-,-,33.608551025390625,-117.82634735107422,ORANGE,NEWPORT BEACH,-117.82601928710938,33.60846710205078
84877015,2025,2025-10-07,3014,2025-09-28,1430,1532,NA,7,5,5,3014,0,0,0,NA,0,A4,MACARTHUR BLVD,HARBOR VIEW DR,0,NA,Y,A,-,N,NA,NA,NA,NA,NA,NA,NA,NA,NA,Y,2,0,3,2,A,-,09,21801,NA,N,D,C,A,A,H,-,A,D,0,NA,NA,NA,NA,Y,NA,A,01,3,0,0,0,0,0,0,0,0,-,-,NA,NA,ORANGE,NEWPORT BEACH,-117.8727798461914,33.606388092041016
84877213,2025,2025-10-08,3019,2025-09-15,1327,3931,NA,1,5,7,3019,0,0,0,NA,0,003,BROADWAY,MCFADDEN AVENUE,200,S,N,A,-,N,NA,NA,NA,NA,NA,NA,NA,NA,NA,N,4,0,1,4,A,-,06,21755,A,N,B,C,A,A,H,-,A,D,0,NA,NA,NA,NA,Y,NA,A,01,0,0,1,0,0,0,0,0,0,-,-,33.73440933227539,-117.86978149414063,ORANGE,SANTA ANA,-117.86983489990234,33.73396301269531
8487997,2017,2017-11-17,3019,2017-10-08,0938,3456,NE,7,5,7,3019,0,0,0,NA,0,002,GRAND AV,22ND ST,50,S,N,A,-,N,NA,NA,NA,NA,NA,NA,NA,NA,NA,N,4,0,1,2,A,-,11,21955,NA,N,G,B,D,A,H,-,A,A,0,Y,NA,NA,NA,Y,NA,N,60,0,0,1,0,1,0,0,0,0,-,-,NA,NA,ORANGE,SANTA ANA,-117.85324,33.77565293
8488922,2017,2017-11-21,3022,2017-09-18,1853,1193,SOUTH,1,5,5,3022,0,0,0,NA,0,NA,NEWPORT AV,SYCAMORE AV,0,NA,Y,A,-,N,NA,NA,NA,NA,NA,NA,NA,NA,NA,Y,2,0,2,2,A,-,09,21801,A,N,D,C,A,A,H,-,B,A,0,NA,NA,Y,NA,Y,NA,I,11,1,0,1,0,0,0,0,0,1,-,-,33.72994,-117.83039,ORANGE,TUSTIN,-117.83040014,33.72982001
84892027,2025,2025-10-20,3010,2025-10-15,1444,1107,NA,3,5,6,3010,0,0,0,NA,0,NA,BROOKHURST ST,HERCULES DR,6,N,N,A,-,N,NA,NA,NA,NA,NA,NA,NA,NA,NA,N,4,0,1,2,A,-,09,21804,A,N,D,C,A,A,H,-,A,D,0,NA,NA,NA,NA,Y,NA,A,07,0,0,1,0,0,0,0,0,0,-,-,33.664039611816406,-117.95391845703124,ORANGE,HUNTINGTON BEACH,-117.95382690429688,33.66404724121094
84892652,2025,2025-10-20,3008,2025-08-30,2129,1612,NA,6,5,6,3008,0,0,0,NA,0,NA,COMMONWEALTH AVE,LILLIE AVE (E),26,W,N,A,-,N,NA,NA,NA,NA,NA,NA,NA,NA,NA,N,4,0,1,2,A,-,01,23152,A,N,B,C,A,A,H,-,C,D,0,NA,NA,NA,NA,Y,Y,A,01,0,0,1,0,0,0,0,0,0,-,-,33.87036895751953,-117.89098358154295,ORANGE,FULLERTON,-117.89199829101563,33.870540618896484
84893073,2025,2025-10-20,3016,2025-09-13,623,1295,NA,6,5,5,3016,0,0,0,NA,0,001,VALENCIA AVENUE,YORBA LINDA BOULEVARD,0,NA,Y,B,-,N,NA,NA,NA,NA,NA,NA,NA,NA,NA,Y,3,0,1,2,A,-,09,21801,A,N,D,C,A,A,H,-,A,A,0,NA,NA,NA,NA,Y,NA,A,01,0,1,0,0,0,0,0,0,0,-,-,33.889320373535156,-117.8549575805664,ORANGE,PLACENTIA,-117.85485076904295,33.88922882080078
8489449,2017,2018-07-10,3014,2017-10-24,1750,1279,RD26,2,5,5,3014,0,0,0,NA,0,0A2,RT 1,TUSTIN AV,520,E,N,A,-,Y,ORA,12,1,-,-,19.31,H,-,N,Y,2,0,2,2,A,-,09,21801,A,N,D,C,A,A,H,-,A,D,0,NA,NA,NA,NA,Y,NA,A,01,1,0,1,0,0,0,0,0,0,-,-,33.61191,-117.9213,ORANGE,NEWPORT BEACH,-117.92130693,33.61902645
8489738,2017,2017-11-20,3019,2017-10-20,1933,3325,SC,5,5,7,3019,0,0,0,NA,0,003,MCFADDEN AV,GRAHAM LN,17,E,N,A,-,N,NA,NA,NA,NA,NA,NA,NA,NA,NA,Y,4,0,1,2,A,-,01,23152,A,N,D,C,A,A,H,-,C,D,0,NA,NA,NA,NA,Y,NA,D,22,0,0,1,0,0,0,0,0,0,-,-,33.734610000000004,-117.88691,ORANGE,SANTA ANA,-117.88689426,33.73446186
8489788,2017,2017-12-01,3009,2017-10-07,1457,3073,126,6,5,6,3009,0,0,0,NA,0,021,EUCLID ST,BLAKE ST,0,NA,Y,A,-,N,NA,NA,NA,NA,NA,NA,NA,NA,NA,Y,2,0,2,3,A,-,09,21802,NA,N,D,C,A,A,H,-,A,A,0,NA,NA,Y,NA,Y,NA,A,01,1,0,1,0,0,0,0,0,1,-,-,NA,NA,ORANGE,GARDEN GROVE,-117.93778011,33.76289012
8489901,2017,2017-12-01,3014,2017-10-27,1130,1462,RD51,5,5,5,3014,0,0,0,NA,0,0A4,SAN JOAQUIN HILLS RD,SAN MIGUEL DR,15,E,N,A,-,N,NA,NA,NA,NA,NA,NA,NA,NA,NA,N,4,0,1,2,A,-,03,22350,NA,N,C,C,A,A,H,-,A,A,0,NA,NA,NA,NA,Y,NA,A,01,0,0,1,0,0,0,0,0,0,-,-,NA,NA,ORANGE,NEWPORT BEACH,-117.86542263,33.61194153
84900252,2025,2025-10-24,3001,2025-09-28,1821,A2540,NA,7,5,7,3001,0,0,0,NA,0,D-2,GLENOAKS AVENUE,FAIRHAVEN ST,150,W,N,A,-,N,NA,NA,NA,NA,NA,NA,NA,NA,NA,N,3,0,1,2,A,-,09,21804,A,N,D,G,A,A,H,-,A,D,0,NA,Y,NA,NA,Y,NA,L,04,0,1,0,0,0,0,1,0,0,-,-,NA,NA,ORANGE,ANAHEIM,-117.94378662109376,33.843040466308594
84900258,2025,2025-10-24,3001,2025-09-30,2112,A1278,NA,2,5,7,3001,0,0,0,NA,0,D-3,LINCOLN AVE,MANCHESTER AVE,0,NA,Y,A,-,N,NA,NA,NA,NA,NA,NA,NA,NA,NA,Y,4,0,2,2,D,-,00,NA,NA,N,D,C,A,A,H,-,C,A,0,NA,NA,NA,NA,Y,NA,-,-,0,0,2,0,0,0,0,0,0,-,-,33.83232879638672,-117.93299865722656,ORANGE,ANAHEIM,-117.9357681274414,33.83268356323242
8490322,2017,2017-11-29,3024,2017-10-25,0932,329,P21,3,5,5,3024,0,0,0,NA,0,EAST,MAGNOLIA ST,WESTMINSTER BL,475,S,N,A,-,N,NA,NA,NA,NA,NA,NA,NA,NA,NA,Y,4,0,2,2,A,-,09,21804,A,N,D,C,A,A,H,-,A,D,0,NA,NA,NA,NA,Y,NA,A,01,0,0,2,0,0,0,0,0,0,-,-,33.75939,-117.97209,ORANGE,WESTMINSTER,-117.9724,33.75810794
84905002,2025,2026-02-23,3008,2025-09-10,1840,1612,NA,3,5,6,3008,0,0,0,NA,0,NA,CHAPMAN AVE,HIGHLAND AVE,0,NA,Y,A,-,N,NA,NA,NA,NA,NA,NA,NA,NA,NA,Y,4,0,1,2,A,-,09,21801,A,N,B,C,A,A,H,-,A,A,0,NA,NA,NA,NA,Y,NA,A,01,0,0,1,0,0,0,0,0,0,-,-,33.8739013671875,-117.9287109375,ORANGE,FULLERTON,-117.92872619628906,33.87384033203125
84922008,2025,2025-12-15,3008,2025-09-27,1047,1574,NA,6,5,6,3008,0,0,0,NA,0,NA,HARBOR BLVD,GLENWOOD AVE,0,NA,Y,B,-,N,NA,NA,NA,NA,NA,NA,NA,NA,NA,Y,3,0,2,3,A,-,01,23153,A,N,A,C,A,A,H,-,A,D,0,NA,NA,NA,Y,Y,NA,A,01,0,2,0,0,0,0,0,0,0,-,-,33.87841033935547,-117.92423248291016,ORANGE,FULLERTON,-117.92433166503906,33.87840270996094
84924376,2025,2025-11-20,3010,2025-11-04,1303,2083,NA,2,5,6,3010,0,0,0,NA,0,007,EDWARDS ST,BRAD DR,0,NA,Y,A,-,N,NA,NA,NA,NA,NA,NA,NA,NA,NA,N,3,0,1,2,A,-,03,22350,NA,N,C,C,A,A,H,-,A,A,0,NA,NA,NA,Y,Y,NA,A,01,0,1,0,0,0,0,0,0,0,-,-,33.719608306884766,-118.015380859375,ORANGE,HUNTINGTON BEACH,-118.01544189453124,33.71949005126953
84924411,2025,2025-11-12,3010,2025-11-06,911,2083,NA,4,5,6,3010,0,0,0,NA,0,002,HAMILTON AVE,BUSHARD ST,0,NA,Y,A,-,N,NA,NA,NA,NA,NA,NA,NA,NA,NA,Y,3,0,1,2,A,-,12,21453,A,N,D,C,A,A,H,-,A,A,0,NA,NA,NA,NA,Y,NA,A,07,0,1,0,0,0,0,0,0,0,-,-,33.65031814575195,-117.96205902099608,ORANGE,HUNTINGTON BEACH,-117.96226501464844,33.65053939819336
84925140,2025,2025-11-12,3001,2025-10-08,1617,A2687,NA,3,5,7,3001,0,0,0,NA,0,NA,ORANGEWOOD AVENUE,MANCHESTER AVENUE,96,W,N,A,-,N,NA,NA,NA,NA,NA,NA,NA,NA,NA,Y,4,0,2,3,A,-,03,22350,NA,N,C,C,A,A,H,-,A,A,0,NA,NA,NA,NA,Y,NA,A,07,0,0,2,0,0,0,0,0,0,-,-,NA,NA,ORANGE,ANAHEIM,-117.89658355712892,33.79607009887695
84927021,2025,2025-11-13,3001,2025-10-09,722,A1555,NA,4,5,7,3001,0,0,0,NA,0,D-1,BROOKHURST STREET,HUNTINGTON AVENUE,218,N,N,B,-,N,NA,NA,NA,NA,NA,NA,NA,NA,NA,Y,4,0,1,2,A,-,03,22350,NA,N,C,C,A,A,H,-,A,D,0,NA,NA,NA,NA,Y,NA,D,22,0,0,1,0,0,0,0,0,0,-,-,NA,NA,ORANGE,ANAHEIM,-117.95921325683594,33.85187911987305
84927208,2025,2025-11-13,3019,2025-10-26,1349,3968,NA,7,5,7,3019,0,0,0,NA,0,002,CIVIC CENTER DRIVE,FRENCH STREET,117,E,N,A,-,N,NA,NA,NA,NA,NA,NA,NA,NA,NA,N,2,0,1,4,A,-,08,22107,NA,N,B,E,A,A,H,-,A,D,0,NA,NA,Y,NA,Y,NA,C,02,1,0,0,0,0,0,0,0,1,-,-,33.75127029418945,-117.8647003173828,ORANGE,SANTA ANA,-117.86418151855467,33.75123977661133
84929004,2025,2025-11-14,3001,2025-11-01,1321,A2889,NA,6,5,7,3001,0,0,0,NA,0,D-3,MANCHESTER AVE,SANTA ANA ST,0,NA,Y,A,-,N,NA,NA,NA,NA,NA,NA,NA,NA,NA,Y,3,0,2,2,A,-,09,21801,A,N,D,C,A,A,H,-,A,A,0,NA,NA,NA,NA,Y,NA,A,01,0,1,1,0,0,0,0,0,0,-,-,33.826499938964844,-117.92797088623048,ORANGE,ANAHEIM,-117.92803192138672,33.82750701904297
84936617,2025,2025-11-19,3001,2025-11-10,718,A2303,NA,1,5,7,3001,0,0,0,NA,0,D-3,HARBOR BOULEVARD,ORANGEWOOD AVENUE,43,N,N,B,-,N,NA,NA,NA,NA,NA,NA,NA,NA,NA,N,4,0,1,3,A,-,03,22350,NA,N,C,C,A,A,H,-,A,A,0,NA,NA,NA,NA,Y,NA,A,07,0,0,1,0,0,0,0,0,0,-,-,NA,NA,ORANGE,ANAHEIM,-117.91519165039063,33.79618835449219
84940599,2025,2025-11-24,3001,2025-11-05,2240,A2540,NA,3,5,7,3001,0,0,0,NA,0,D-3,STATE COLLEGE BOULEVARD,CERRITOS AVENUE,0,NA,Y,A,-,N,NA,NA,NA,NA,NA,NA,NA,NA,NA,N,3,0,2,2,A,-,12,21453,A,N,D,C,A,A,H,-,C,A,0,NA,NA,NA,NA,Y,NA,A,08,0,2,0,0,0,0,0,0,0,-,-,NA,NA,ORANGE,ANAHEIM,-117.88925170898438,33.81063461303711
84940791,2025,2025-11-21,3019,2025-11-04,1528,3737,NA,2,5,7,3019,0,0,0,NA,0,004,SEGERSTROM AVENUE,SUSAN STREET,0,NA,Y,A,-,N,NA,NA,NA,NA,NA,NA,NA,NA,NA,Y,3,0,2,2,A,-,12,21453,A,N,D,C,A,A,H,-,A,A,0,NA,NA,NA,NA,Y,NA,-,-,0,1,1,0,0,0,0,0,0,-,-,33.708831787109375,-117.9130630493164,ORANGE,SANTA ANA,-117.91274261474608,33.708770751953125
84940793,2025,2025-11-21,3019,2025-11-06,1049,3449,NA,4,5,7,3019,0,0,0,NA,0,001,BRISTOL STREET,HESPERIAN STREET,0,NA,Y,A,-,Y,NA,NA,NA,NA,NA,NA,NA,NA,NA,N,4,0,1,2,D,-,00,NA,NA,N,D,C,A,A,H,-,A,A,0,NA,NA,NA,NA,Y,NA,-,-,0,0,1,0,0,0,0,0,0,-,-,33.77796173095703,-117.88417053222656,ORANGE,SANTA ANA,-117.88512420654295,33.77125549316406
8494282,2017,2017-12-19,3026,2017-10-26,1600,6352,NA,4,5,6,3026,0,0,0,NA,0,NA,HAYES,TAFT,165,W,N,A,-,N,NA,NA,NA,NA,NA,NA,NA,NA,NA,N,4,0,1,2,D,-,00,NA,NA,N,G,B,D,A,H,-,A,A,0,Y,NA,NA,NA,Y,NA,-,-,0,0,1,0,1,0,0,0,0,-,-,33.69548,-117.77854,ORANGE,IRVINE,-117.76990175,33.6955387
8495259,2017,2018-01-12,3015,2017-10-22,1934,1574,16E,7,5,6,3015,0,0,0,NA,0,123,NORTH TUSTIN ST,EAST WALNUT AV,0,NA,Y,A,-,N,NA,NA,NA,NA,NA,NA,NA,NA,NA,Y,4,0,5,2,A,-,08,22107,NA,N,D,C,A,A,H,-,C,A,0,NA,NA,NA,NA,Y,NA,D,22,0,0,5,0,0,0,0,0,0,-,-,NA,NA,ORANGE,ORANGE,-117.83569008,33.7950401
84953646,2025,2025-12-02,3008,2025-10-15,1814,1582,NA,3,5,6,3008,0,0,0,NA,0,NA,STATE COLLEGE BLVD,KIMBERLY AVE,0,NA,Y,A,-,N,NA,NA,NA,NA,NA,NA,NA,NA,NA,Y,3,0,3,2,A,-,09,21802,A,N,D,C,A,A,H,-,B,A,0,NA,NA,NA,NA,Y,NA,D,22,0,2,1,0,0,0,0,0,0,-,-,33.86299133300781,-117.8893814086914,ORANGE,FULLERTON,-117.8894500732422,33.86322784423828
84955297,2025,2025-12-03,3019,2025-11-25,1245,3201,NA,2,5,7,3019,0,0,0,NA,0,003,1ST STREET,OAK STREET,60,E,N,A,-,N,NA,NA,NA,NA,NA,NA,NA,NA,NA,N,4,0,1,2,A,-,05,21650,1,N,D,G,A,A,H,-,A,D,0,NA,Y,NA,NA,Y,NA,M,91,0,0,1,0,0,0,1,0,0,-,-,33.74530029296875,-117.86199188232422,ORANGE,SANTA ANA,-117.86205291748048,33.74544143676758
84961177,2025,2025-12-08,3010,2025-12-01,1046,1107,NA,1,5,6,3010,0,0,0,NA,0,003,NEWLAND ST,GARFIELD AVE,0,NA,Y,A,-,N,NA,NA,NA,NA,NA,NA,NA,NA,NA,Y,4,0,1,2,A,-,09,21801,A,N,D,C,A,A,H,-,A,A,0,NA,NA,NA,NA,Y,NA,A,01,0,0,1,0,0,0,0,0,0,-,-,33.685428619384766,-117.98078918457033,ORANGE,HUNTINGTON BEACH,-117.98011016845705,33.686729431152344
8496269,2017,2017-12-04,3008,2017-10-29,1937,1542,NA,7,5,6,3008,0,0,0,NA,0,022,EUCLID ST,VALENCIA DR,0,NA,Y,A,-,N,NA,NA,NA,NA,NA,NA,NA,NA,NA,N,4,0,1,2,D,-,00,NA,NA,N,G,B,B,A,H,-,C,A,0,Y,NA,NA,NA,Y,NA,-,-,0,0,1,0,1,0,0,0,0,-,-,NA,NA,ORANGE,FULLERTON,-117.94194,33.86659012
8497749,2017,2018-01-09,3009,2017-11-06,2117,4498,81,1,5,6,3009,0,0,0,NA,0,012,GILBERT,DEWEY DR,530,N,N,A,-,N,NA,NA,NA,NA,NA,NA,NA,NA,NA,N,4,0,1,3,A,-,03,22350,NA,N,B,C,A,A,H,-,C,-,0,NA,NA,NA,NA,Y,NA,A,01,0,0,1,0,0,0,0,0,0,-,-,NA,NA,ORANGE,GARDEN GROVE,-117.96753632,33.8011731
84980526,2025,2025-12-22,3001,2025-11-15,2138,A2960,NA,6,5,7,3001,0,0,0,NA,0,D-3,HASTER STREET,KATELLA AVENUE,50,S,N,B,-,N,NA,NA,NA,NA,NA,NA,NA,NA,NA,N,4,0,2,2,A,-,03,22350,NA,N,C,C,A,B,H,-,C,A,0,NA,NA,NA,NA,Y,NA,A,01,0,0,2,0,0,0,0,0,0,-,-,NA,NA,ORANGE,ANAHEIM,-117.90658569335938,33.803123474121094
8498468,2017,2017-12-08,3010,2017-11-17,1006,1225,292,5,5,6,3010,0,0,0,NA,0,005,TALBERT,JOLLY,186,W,N,B,-,N,NA,NA,NA,NA,NA,NA,NA,NA,NA,Y,4,0,1,2,A,-,09,21804,A,N,D,C,A,A,H,-,A,D,0,NA,NA,NA,NA,Y,NA,A,01,0,0,1,0,0,0,0,0,0,-,-,NA,NA,ORANGE,HUNTINGTON BEACH,-117.99346015,33.70115
8498678,2017,2017-12-08,3001,2017-10-31,0901,A1068,NA,2,5,7,3001,0,0,0,NA,0,0D4,NORTH KRAEMER BL,LA PALMA AV,159,S,N,B,-,N,NA,NA,NA,NA,NA,NA,NA,NA,NA,N,4,0,1,2,A,-,08,22107,NA,N,B,C,A,A,H,-,A,A,0,NA,NA,NA,NA,Y,NA,A,01,0,0,1,0,0,0,0,0,0,-,-,NA,NA,ORANGE,ANAHEIM,-117.85715099,33.8507348
8498796,2017,2017-12-08,3001,2017-11-13,0555,41555,NA,1,5,7,3001,0,0,0,NA,0,0D1,LA REINA ST,STANLEY AV,0,NA,Y,B,-,N,NA,NA,NA,NA,NA,NA,NA,NA,NA,Y,3,0,1,2,A,-,08,22100,B,N,D,C,A,A,H,-,C,D,0,NA,NA,Y,NA,Y,NA,A,07,0,1,0,0,0,0,0,0,1,-,-,NA,NA,ORANGE,ANAHEIM,-117.97999012,33.83666008
84989097,2025,2025-12-29,3008,2025-10-31,217,1486,NA,5,5,6,3008,0,0,0,NA,0,NA,BROOKHURST RD,OAK AVE,78,S,N,A,-,N,NA,NA,NA,NA,NA,NA,NA,NA,NA,Y,3,0,1,4,A,-,01,23152,A,N,A,E,A,A,H,-,C,D,0,NA,NA,NA,NA,Y,Y,A,01,0,1,0,0,0,0,0,0,0,-,-,33.86397171020508,-117.95926666259766,ORANGE,FULLERTON,-117.95936584472656,33.863975524902344
84998168,2025,2026-01-05,3008,2025-11-24,2158,1612,NA,1,5,6,3008,0,0,0,NA,0,NA,ORANGETHORPE AVE,RAYMOND AVE,17,E,N,A,-,N,NA,NA,NA,NA,NA,NA,NA,NA,NA,Y,3,0,1,2,A,-,10,21950,A,F,G,B,B,A,H,-,C,A,0,Y,NA,NA,NA,Y,Y,A,01,0,1,0,0,1,0,0,0,0,-,-,NA,NA,ORANGE,FULLERTON,-117.9067153930664,33.85957717895508
8500181,2017,2017-12-07,3007,2017-11-16,0818,247,33,4,5,5,3007,0,0,0,NA,0,001,MAGNOLIA,WARNER,222,E,N,B,-,N,NA,NA,NA,NA,NA,NA,NA,NA,NA,Y,4,0,2,3,A,-,03,22350,NA,N,C,C,A,A,H,-,A,A,0,NA,NA,NA,NA,Y,NA,A,01,0,0,2,0,0,0,0,0,0,-,-,NA,NA,ORANGE,FOUNTAIN VALLEY,-117.97183956,33.71544366
85017710,2025,2026-01-19,3001,2025-12-14,1545,A2540,NA,7,5,7,3001,0,0,0,NA,0,D-2,HARBOR BOULEVARD,EB 91 FWY OFF RAMP,0,NA,Y,A,-,Y,NA,NA,NA,NA,NA,NA,NA,NA,NA,Y,4,0,1,2,A,-,12,21453,A,M,D,C,A,A,H,-,A,A,0,NA,NA,NA,NA,Y,NA,A,08,0,0,1,0,0,0,0,0,0,-,-,NA,NA,ORANGE,ANAHEIM,NA,NA
85018371,2025,2026-01-19,3008,2025-11-15,2050,1715,NA,6,5,6,3008,0,0,0,NA,0,NA,POMONA AVE,SANTA FE AVE,50,N,N,C,-,N,NA,NA,NA,NA,NA,NA,NA,NA,NA,N,4,0,1,2,A,-,03,22350,NA,F,G,B,D,B,H,-,C,D,0,Y,NA,NA,NA,Y,NA,-,99,0,0,1,0,1,0,0,0,0,-,-,33.86928939819336,-117.9221420288086,ORANGE,FULLERTON,-117.92208099365234,33.86944580078125
85030400,2025,2026-01-27,3019,2025-09-01,1421,3425,NA,1,5,7,3019,0,0,0,NA,0,001,RIVERBED BIKE LANE,MEMORY LANE,784,S,N,A,-,N,NA,NA,NA,NA,NA,NA,NA,NA,NA,Y,1,1,0,1,B,-,22,NA,NA,N,E,I,A,A,H,-,A,D,0,NA,NA,Y,NA,Y,NA,C,02,0,0,0,0,0,0,0,1,0,-,-,NA,NA,ORANGE,SANTA ANA,NA,NA
85034523,2025,2026-01-29,3019,2025-12-21,1630,4036,NA,7,5,7,3019,0,0,0,NA,0,001,12TH STREET,PACIFIC AVENUE,474,W,N,A,-,N,NA,NA,NA,NA,NA,NA,NA,NA,NA,N,4,0,1,2,A,-,10,21954,B,F,G,B,D,A,H,-,A,D,0,Y,NA,NA,NA,Y,NA,A,01,0,0,1,0,1,0,0,0,0,-,-,33.75442886352539,-117.8883819580078,ORANGE,SANTA ANA,-117.88999938964844,33.75495147705078
8503483,2017,2017-12-14,3015,2017-11-05,1900,1578,44N,7,5,6,3015,0,0,0,NA,0,132,RANCHO SANTIAGO BL,CHAPMAN AV,18,N,N,A,-,N,NA,NA,NA,NA,NA,NA,NA,NA,NA,Y,3,0,1,2,A,-,15,26453,NA,N,C,C,A,A,H,-,C,A,0,NA,NA,NA,NA,Y,NA,A,01,0,1,0,0,0,0,0,0,0,-,-,NA,NA,ORANGE,ORANGE,-117.80133054,33.78776934
8503812,2017,2018-07-09,3011,2017-12-14,2144,31456,36,4,5,4,3011,0,0,0,NA,0,002,S COAST HWY,LAGUNA AV,0,NA,Y,A,-,Y,ORA,12,1,-,-,9.23,H,-,N,Y,3,0,4,2,A,-,01,23152,B,N,B,C,A,A,H,-,C,A,0,NA,NA,NA,NA,Y,Y,A,01,0,1,3,0,0,0,0,0,0,-,-,NA,NA,ORANGE,LAGUNA BEACH,-117.78273889,33.54135737
8504911,2017,2018-07-09,3012,2017-12-07,1650,592,35,4,5,5,3012,0,0,0,NA,0,003,IMPERIAL HWY,MARKET PL,376,W,N,A,-,Y,ORA,12,90,-,-,0.57,H,-,W,N,3,0,1,2,A,-,09,21804,A,N,D,C,A,A,H,-,C,D,0,NA,NA,NA,NA,Y,NA,A,01,0,1,0,0,0,0,0,0,0,-,-,NA,NA,ORANGE,LA HABRA,-117.96638137,33.91741938
8506783,2017,2018-07-10,3001,2017-10-27,0756,0705,NA,5,5,7,3001,0,0,0,NA,0,003,HARBOR BL,RT 5,19,E,N,A,-,Y,ORA,12,5,-,-,37.53,R,4,N,N,4,0,1,2,A,-,12,21453,A,N,C,C,A,A,H,-,A,D,0,NA,NA,NA,NA,Y,NA,A,01,0,0,1,0,0,0,0,0,0,-,-,NA,NA,ORANGE,ANAHEIM,-117.91666878,33.81696037
8506840,2017,2017-12-06,3022,2017-11-07,1343,1225,NA,2,5,5,3022,0,0,0,NA,0,NA,MAIN ST,NEWPORT AV,150,E,N,B,-,N,NA,NA,NA,NA,NA,NA,NA,NA,NA,N,3,0,1,2,A,-,09,21804,B,N,D,G,A,A,H,-,A,D,0,NA,Y,NA,NA,Y,NA,L,04,0,1,0,0,0,0,1,0,0,-,-,33.74203,-117.81804,ORANGE,TUSTIN,-117.81769817,33.74213506
85082010,2025,2026-03-04,3026,2025-09-16,1746,616,NA,2,5,6,3026,0,0,0,NA,0,005,LAKEVIEW,STONE CRK N,33,E,N,A,-,N,NA,NA,NA,NA,NA,NA,NA,NA,NA,Y,3,0,1,2,A,-,08,22107,NA,N,D,G,A,A,H,-,A,D,0,NA,Y,NA,NA,Y,NA,A,01,0,1,0,0,0,0,1,0,0,-,-,33.68273162841797,-117.7968521118164,ORANGE,IRVINE,-117.79654693603516,33.6826286315918