CASE_ID,ACCIDENT_YEAR,PROC_DATE,JURIS,COLLISION_DATE,COLLISION_TIME,OFFICER_ID,REPORTING_DISTRICT,DAY_OF_WEEK,CHP_SHIFT,POPULATION,CNTY_CITY_LOC,SPECIAL_COND,BEAT_TYPE,CHP_BEAT_TYPE,CITY_DIVISION_LAPD,CHP_BEAT_CLASS,BEAT_NUMBER,PRIMARY_RD,SECONDARY_RD,DISTANCE,DIRECTION,INTERSECTION,WEATHER_1,WEATHER_2,STATE_HWY_IND,CALTRANS_COUNTY,CALTRANS_DISTRICT,STATE_ROUTE,ROUTE_SUFFIX,POSTMILE_PREFIX,POSTMILE,LOCATION_TYPE,RAMP_INTERSECTION,SIDE_OF_HWY,TOW_AWAY,COLLISION_SEVERITY,NUMBER_KILLED,NUMBER_INJURED,PARTY_COUNT,PRIMARY_COLL_FACTOR,PCF_CODE_OF_VIOL,PCF_VIOL_CATEGORY,PCF_VIOLATION,PCF_VIOL_SUBSECTION,HIT_AND_RUN,TYPE_OF_COLLISION,MVIW,PED_ACTION,ROAD_SURFACE,ROAD_COND_1,ROAD_COND_2,LIGHTING,CONTROL_DEVICE,CHP_ROAD_TYPE,PEDESTRIAN_ACCIDENT,BICYCLE_ACCIDENT,MOTORCYCLE_ACCIDENT,TRUCK_ACCIDENT,NOT_PRIVATE_PROPERTY,ALCOHOL_INVOLVED,STWD_VEHTYPE_AT_FAULT,CHP_VEHTYPE_AT_FAULT,COUNT_SEVERE_INJ,COUNT_VISIBLE_INJ,COUNT_COMPLAINT_PAIN,COUNT_PED_KILLED,COUNT_PED_INJURED,COUNT_BICYCLIST_KILLED,COUNT_BICYCLIST_INJURED,COUNT_MC_KILLED,COUNT_MC_INJURED,PRIMARY_RAMP,SECONDARY_RAMP,LATITUDE,LONGITUDE,COUNTY,CITY,POINT_X,POINT_Y
85084196,2025,2026-03-05,3026,2025-10-18,1638,680,NA,6,5,6,3026,0,0,0,NA,0,004,CULVER DR,WARNER AVE,0,NA,Y,A,-,N,NA,NA,NA,NA,NA,NA,NA,NA,NA,Y,3,0,2,2,A,-,03,22350,NA,N,C,C,A,A,H,-,A,D,0,NA,NA,NA,NA,Y,NA,A,01,0,1,1,0,0,0,0,0,0,-,-,33.688480377197266,-117.80410766601563,ORANGE,IRVINE,-117.80410766601563,33.688385009765625
8509711,2017,2017-12-18,3010,2017-11-11,0619,2084,431,6,5,6,3010,0,0,0,NA,0,004,MAIN,YORKTOWN,0,NA,Y,A,-,N,NA,NA,NA,NA,NA,NA,NA,NA,NA,Y,3,0,2,2,A,-,09,21801,A,N,A,C,A,A,-,-,C,A,0,NA,NA,NA,NA,Y,NA,A,01,0,1,1,0,0,0,0,0,0,-,-,NA,NA,ORANGE,HUNTINGTON BEACH,-118.00175008,33.67932006
8509860,2017,2018-01-03,3019,2017-11-27,1915,3409,NA,1,5,7,3019,0,0,0,NA,0,NA,EUCLID ST,HAZARD AV,360,N,N,A,-,N,NA,NA,NA,NA,NA,NA,NA,NA,NA,Y,4,0,1,2,A,-,09,21801,A,N,D,C,A,A,H,-,C,D,0,NA,NA,NA,NA,Y,NA,A,01,0,0,1,0,0,0,0,0,0,-,-,33.75249,-117.93756,ORANGE,SANTA ANA,-117.93758054,33.75333699
8516770,2017,2018-01-22,3015,2017-12-13,1519,1598,134,3,5,6,3015,0,0,0,NA,0,711M,EAST CHAPMAN AV,N NEWPORT BL,120,E,N,A,-,N,NA,NA,NA,NA,NA,NA,NA,NA,NA,N,4,0,1,2,A,-,03,22350,NA,N,C,C,A,A,H,-,A,A,0,NA,NA,NA,NA,Y,NA,-,-,0,0,1,0,0,0,0,0,0,-,-,NA,NA,ORANGE,ORANGE,-117.77123141,33.79491391
8517016,2017,2018-01-03,3019,2017-11-21,0735,3525,SC,2,5,7,3019,0,0,0,NA,0,004,RAITT ST,ELDER AV,0,NA,Y,A,-,N,NA,NA,NA,NA,NA,NA,NA,NA,NA,Y,4,0,1,4,A,-,05,21460,A,N,B,C,A,A,H,-,A,A,0,NA,NA,NA,NA,Y,NA,A,01,0,0,1,0,0,0,0,0,0,-,-,33.7292,-117.89401,ORANGE,SANTA ANA,-117.89403004,33.72935005
8517928,2017,2017-12-14,3000,2017-10-07,0236,9696,951J2,6,5,5,3040,0,0,0,NA,0,743,CROWN VALLEY PKWY,PACIFIC ISLAND DR,9,S,N,A,-,N,NA,NA,NA,NA,NA,NA,NA,NA,NA,Y,4,0,1,1,A,-,03,22350,NA,N,E,I,A,A,H,-,C,A,0,NA,NA,NA,NA,Y,NA,A,01,0,0,1,0,0,0,0,0,0,-,-,NA,NA,ORANGE,LAGUNA NIGUEL,-117.72030295,33.49480605
8519939,2017,2018-01-03,3026,2017-12-06,1624,7094,CROSS,3,5,6,3026,0,0,0,NA,0,004,WALNUT AV,KAZAN ST,0,NA,Y,A,-,N,NA,NA,NA,NA,NA,NA,NA,NA,NA,Y,3,0,3,2,A,-,12,22450,A,N,D,C,A,A,D,-,A,A,0,NA,NA,NA,NA,Y,NA,A,01,0,3,0,0,0,0,0,0,0,-,-,NA,NA,ORANGE,IRVINE,-117.77324004,33.69467011
8520875,2017,2018-01-04,3015,2017-12-04,1408,1372,16E,1,5,6,3015,0,0,0,NA,0,732,N LINCOLN ST,E OAKMONT AV,0,NA,Y,A,-,N,NA,NA,NA,NA,NA,NA,NA,NA,NA,Y,4,0,1,2,A,-,09,21801,A,N,D,C,A,A,H,-,A,D,0,NA,NA,NA,NA,Y,NA,D,22,0,0,1,0,0,0,0,0,0,-,-,NA,NA,ORANGE,ORANGE,-117.83786005,33.79988
8521661,2017,2018-01-03,3022,2017-12-08,1142,1264,NA,5,5,5,3022,0,0,0,NA,0,NA,NEWPORT AV,EL CAMINO REAL,48,S,N,A,-,N,NA,NA,NA,NA,NA,NA,NA,NA,NA,N,4,0,2,3,A,-,03,22350,NA,N,C,C,A,A,H,-,A,A,0,NA,NA,NA,NA,Y,NA,A,01,0,0,2,0,0,0,0,0,0,-,-,33.73807,-117.82226,ORANGE,TUSTIN,-117.82232497,33.73803503
8521728,2017,2018-01-03,3005,2017-12-04,1424,7694,C16,1,5,4,3005,0,0,0,NA,0,002,LAKESHORE,VALLEY VIEW,11,W,N,A,-,N,NA,NA,NA,NA,NA,NA,NA,NA,NA,N,3,0,1,2,A,-,09,21453,B,N,G,B,B,A,H,-,A,A,0,Y,NA,NA,NA,Y,NA,A,01,0,1,0,0,1,0,0,0,0,-,-,NA,NA,ORANGE,CYPRESS,-118.02848614,33.82846
8526617,2017,2018-01-09,3015,2017-11-26,1731,1558,44N,7,5,6,3015,0,0,0,NA,0,331,EAST CHAPMAN AV,S SOLANA DR,0,NA,Y,A,-,N,NA,NA,NA,NA,NA,NA,NA,NA,NA,Y,4,0,1,2,A,-,09,21802,A,N,D,C,A,A,H,-,C,D,0,NA,NA,NA,NA,Y,NA,A,01,0,0,1,0,0,0,0,0,0,-,-,NA,NA,ORANGE,ORANGE,-117.80032007,33.78771002
8527002,2017,2018-01-11,3004,2017-12-03,1832,P651,31,7,5,6,3004,0,0,0,NA,0,015,BRISTOL ST,RED HILL AV,538,W,N,A,-,N,NA,NA,NA,NA,NA,NA,NA,NA,NA,Y,4,0,2,2,A,-,09,21804,A,N,D,C,A,A,H,-,C,D,0,NA,NA,NA,NA,Y,NA,A,01,0,0,2,0,0,0,0,0,0,-,-,NA,NA,ORANGE,COSTA MESA,-117.88334631,33.66761028
8527247,2017,2018-01-29,3001,2017-12-01,1320,A1355,NA,5,5,7,3001,0,0,0,NA,0,0D1,W LINCOLN AV,N CAROL DR,153,W,N,A,-,N,NA,NA,NA,NA,NA,NA,NA,NA,NA,Y,4,0,1,2,A,-,07,21658,A,M,B,C,A,A,H,-,A,D,0,NA,NA,NA,NA,Y,NA,D,22,0,0,1,0,0,0,0,0,0,-,-,NA,NA,ORANGE,ANAHEIM,-117.95303263,33.8325937
8528082,2018,2018-07-31,3001,2018-01-04,0751,1825,NA,4,5,7,3001,0,0,0,NA,0,D-4,LAKEVIEW DR,RT 91,21,S,N,A,-,Y,ORA,12,91,-,R,10.262,R,4,W,Y,4,0,1,2,A,-,12,21453,A,N,B,C,A,A,H,-,A,A,0,NA,NA,NA,Y,Y,NA,A,01,0,0,1,0,0,0,0,0,0,-,-,NA,NA,ORANGE,ANAHEIM,-117.81224060058594,33.85286331176758
8529466,2017,2018-01-12,3004,2017-12-24,1607,P630,09,7,5,6,3004,0,0,0,NA,0,015,POMONA AV,W 20TH ST,50,N,N,A,-,N,NA,NA,NA,NA,NA,NA,NA,NA,NA,N,4,0,1,2,A,-,01,23152,A,N,B,C,A,A,H,-,A,D,0,NA,NA,NA,NA,Y,Y,A,01,0,0,1,0,0,0,0,0,0,-,-,33.64738,-117.92766,ORANGE,COSTA MESA,-117.9277209,33.64718708
8532002,2017,2018-01-19,3019,2017-12-07,1237,3449,NE,4,5,7,3019,0,0,0,NA,0,004,4TH ST,EASTWOOD AV,0,NA,Y,A,-,N,NA,NA,NA,NA,NA,NA,NA,NA,NA,N,4,0,1,2,A,-,09,21804,A,N,H,G,A,A,H,-,A,D,0,NA,Y,NA,NA,Y,NA,L,04,0,0,1,0,0,0,1,0,0,-,-,33.74808,-117.85309,ORANGE,SANTA ANA,-117.85287013,33.74805002
8532014,2017,2018-01-25,3019,2017-12-15,0825,3151,NE,5,5,7,3019,0,0,0,NA,0,002,17TH ST,DEODAR ST,5,N,N,A,-,N,NA,NA,NA,NA,NA,NA,NA,NA,NA,N,4,0,1,2,A,-,12,21453,A,N,D,C,A,A,H,-,A,A,0,NA,NA,NA,NA,Y,NA,-,-,0,0,1,0,0,0,0,0,0,-,-,33.75961,-117.83215,ORANGE,SANTA ANA,-117.83219,33.75992
8532059,2017,2018-01-19,3019,2017-12-15,1746,2595,SOUTH,5,5,7,3019,0,0,0,NA,0,0ZA,FLOWER ST,MCFADDEN AV,0,NA,Y,A,-,N,NA,NA,NA,NA,NA,NA,NA,NA,NA,Y,4,0,2,2,A,-,09,21801,A,N,-,D,A,A,H,-,C,A,0,NA,NA,NA,NA,Y,NA,A,01,0,0,2,0,0,0,0,0,0,-,-,NA,NA,ORANGE,SANTA ANA,-117.87646011,33.73450003
8532081,2018,2018-02-01,3022,2018-01-04,1357,1193,SOUTH,4,5,5,3022,0,0,0,NA,0,NA,NEWPORT AV,WALNUT AV,43,N,N,A,-,N,NA,NA,NA,NA,NA,NA,NA,NA,NA,N,4,0,1,2,A,-,21,22106,NA,N,C,C,A,A,H,-,A,A,0,NA,NA,Y,NA,Y,NA,C,02,0,0,1,0,0,0,0,0,0,-,-,33.73270034790039,-117.82756042480467,ORANGE,TUSTIN,-117.82756805419922,33.73270797729492
8532313,2018,2018-02-01,3014,2018-01-08,1332,1046,RD25,1,5,5,3014,0,0,0,NA,0,0A2,CLIFF DR,IRVINE AV,35,W,N,C,-,N,NA,NA,NA,NA,NA,NA,NA,NA,NA,N,4,0,1,2,A,-,04,21703,NA,N,C,C,A,B,H,-,A,D,0,NA,NA,NA,NA,Y,NA,D,22,0,0,1,0,0,0,0,0,0,-,-,33.61920166015625,-117.91799926757813,ORANGE,NEWPORT BEACH,-117.91809844970705,33.6191520690918
8532402,2018,2018-01-30,3015,2018-01-08,1758,1329,94,1,5,6,3015,0,0,0,NA,0,333,SANTIAGO CANYON RD,JAMESTOWN WY,154,W,N,C,-,N,NA,NA,NA,NA,NA,NA,NA,NA,NA,N,3,0,1,2,A,-,03,22350,NA,N,C,C,A,B,H,-,C,D,0,NA,NA,NA,NA,Y,NA,A,01,0,1,0,0,0,0,0,0,0,-,-,NA,NA,ORANGE,ORANGE,-117.79067993164063,33.81346893310547
8532843,2017,2018-01-17,3015,2017-12-09,1844,1540,51,6,5,6,3015,0,0,0,NA,0,311,WEST CHAPMAN AV,N MAIN ST,518,W,N,A,-,N,NA,NA,NA,NA,NA,NA,NA,NA,NA,Y,4,0,3,2,A,-,08,22107,NA,N,D,C,A,A,H,-,C,D,0,NA,NA,NA,NA,Y,NA,A,01,0,0,3,0,0,0,0,0,0,-,-,NA,NA,ORANGE,ORANGE,-117.86900025,33.7879
8532912,2017,2018-01-12,3026,2017-10-12,1952,550,NA,4,5,6,3026,0,0,0,NA,0,00C,SPECTRUM CENTER DR,PACIFICA,110,S,N,A,-,N,NA,NA,NA,NA,NA,NA,NA,NA,NA,N,4,0,1,2,A,-,21,22106,NA,N,G,B,E,A,H,-,C,D,0,Y,NA,NA,NA,Y,NA,A,01,0,0,1,0,1,0,0,0,0,-,-,NA,NA,ORANGE,IRVINE,-117.74682454,33.65103795
8536058,2017,2018-01-17,3002,2017-12-18,0907,1461,424X,1,5,4,3002,0,0,0,NA,0,011,LAMBERT RD,PUENTE ST,200,W,N,A,-,N,NA,NA,NA,NA,NA,NA,NA,NA,NA,Y,4,0,2,3,A,-,03,22350,NA,N,C,C,A,A,H,-,A,A,0,NA,NA,NA,NA,Y,NA,A,01,0,0,2,0,0,0,0,0,0,-,-,NA,NA,ORANGE,BREA,-117.9162877,33.92462385
8536598,2017,2018-01-26,3015,2017-12-15,1050,1598,027,5,5,6,3015,0,0,0,NA,0,711M,BATAVIA ST,W TAFT AV,120,S,N,A,-,N,NA,NA,NA,NA,NA,NA,NA,NA,NA,N,4,0,1,2,A,-,03,22350,NA,N,C,C,A,A,C,-,A,D,0,NA,NA,NA,NA,Y,NA,A,01,0,0,1,0,0,0,0,0,0,-,-,NA,NA,ORANGE,ORANGE,-117.86239481,33.81539037
8536693,2017,2018-01-22,3001,2017-11-15,1850,415,NA,3,5,7,3001,0,0,0,NA,0,0D3,SOUTH HARBOR BL,KATELLA AV,340,N,N,A,-,N,NA,NA,NA,NA,NA,NA,NA,NA,NA,Y,3,0,3,3,A,-,03,22350,NA,N,C,C,A,A,H,-,C,A,0,NA,NA,NA,NA,Y,NA,A,01,0,1,2,0,0,0,0,0,0,-,-,NA,NA,ORANGE,ANAHEIM,-117.91542902,33.80435199
8536766,2018,2018-01-29,3002,2018-01-15,1111,1562,528W,1,5,4,3002,0,0,0,NA,0,013,BIRCH ST,MARKETPLACE,0,NA,Y,A,-,N,NA,NA,NA,NA,NA,NA,NA,NA,NA,Y,4,0,1,2,A,-,12,21453,A,N,D,C,A,A,H,-,A,A,0,NA,NA,NA,NA,Y,NA,A,01,0,0,1,0,0,0,0,0,0,-,-,NA,NA,ORANGE,BREA,-117.889737,33.917831
8538215,2018,2018-01-30,3000,2018-01-04,1715,9148,798B1,4,5,4,3021,0,0,0,NA,0,18-422,MAGNOLIA AV,KATELLA,443,N,N,A,-,N,NA,NA,NA,NA,NA,NA,NA,NA,NA,Y,4,0,1,2,A,-,03,22350,NA,N,B,E,A,A,H,-,B,A,0,NA,NA,NA,NA,Y,NA,A,01,0,0,1,0,0,0,0,0,0,-,-,NA,NA,ORANGE,STANTON,-117.97567749023438,33.80429458618164
8539949,2018,2018-01-26,3001,2018-01-01,1705,2187,NA,1,5,7,3001,0,0,0,NA,0,0D2,N EUCLID ST,WEST GLEN AV,182,N,N,A,-,N,NA,NA,NA,NA,NA,NA,NA,NA,NA,N,4,0,1,2,A,-,07,21658,A,N,B,C,A,A,H,-,B,D,0,NA,NA,NA,NA,Y,NA,A,01,0,0,1,0,0,0,0,0,0,-,-,NA,NA,ORANGE,ANAHEIM,-117.94168090820313,33.848697662353516
8541695,2018,2018-02-07,3014,2018-01-20,0317,1475,RD32,6,5,5,3014,0,0,0,NA,0,0A3,BACK BAY DR,EASTBLUFF DR N,5882,S,N,A,-,N,NA,NA,NA,NA,NA,NA,NA,NA,NA,Y,3,0,2,1,A,-,01,23152,A,N,E,I,A,A,H,-,D,D,0,NA,NA,NA,NA,Y,Y,A,01,0,2,0,0,0,0,0,0,0,-,-,33.64080047607422,-117.88600158691406,ORANGE,NEWPORT BEACH,-117.87091064453124,33.6449089050293
8546391,2018,2018-02-08,3001,2018-01-15,1941,A1218,EAST,1,5,7,3001,0,0,0,NA,0,NA,EAST LA PALMA AV,N SHEPARD ST,416,W,N,A,-,N,NA,NA,NA,NA,NA,NA,NA,NA,NA,Y,4,0,2,2,A,-,03,22350,NA,N,D,C,A,A,H,-,C,D,0,NA,NA,NA,NA,Y,NA,A,01,0,0,2,0,0,0,0,0,0,-,-,NA,NA,ORANGE,ANAHEIM,-117.85433959960938,33.85188293457031
8549126,2018,2018-08-06,3014,2018-02-02,1145,1179,RD68,5,5,5,3014,0,0,0,NA,0,0A4,RT 1,CRYSTAL HEIGHTS DR,25,E,N,A,-,Y,ORA,12,1,-,-,12.86,H,-,N,Y,4,0,1,2,A,-,03,22350,NA,N,C,C,A,A,H,-,A,A,0,NA,NA,NA,NA,Y,NA,D,22,0,0,1,0,0,0,0,0,0,-,-,33.570980072021484,-117.83570098876952,ORANGE,NEWPORT BEACH,-117.83586883544922,33.57111358642578
8549197,2018,2018-02-20,3014,2018-01-31,1814,1501,RD31,3,5,5,3014,0,0,0,NA,0,0A2,IRVINE AV,23RD ST,48,S,N,A,-,N,NA,NA,NA,NA,NA,NA,NA,NA,NA,Y,3,0,1,1,A,-,08,22107,NA,N,E,I,A,A,H,-,C,D,0,NA,NA,NA,NA,Y,NA,A,07,0,1,0,0,0,0,0,0,0,-,-,33.64588165283203,-117.89354705810548,ORANGE,NEWPORT BEACH,-117.89349365234376,33.64598846435547
8549606,2018,2018-03-09,3005,2018-01-24,1020,8202,C47,3,5,4,3005,0,0,0,NA,0,003,VALLEY VIEW ST,ORANGEWOOD AV,50,S,N,A,-,N,NA,NA,NA,NA,NA,NA,NA,NA,NA,N,4,0,1,2,A,-,03,22350,NA,N,C,C,A,A,H,-,A,A,0,NA,NA,NA,NA,Y,NA,A,08,0,0,1,0,0,0,0,0,0,-,-,NA,NA,ORANGE,CYPRESS,-118.02857971191406,33.79555130004883
8549610,2018,2018-02-13,3004,2018-01-12,1221,P640,28,5,5,6,3004,0,0,0,NA,0,014,RED HILL AV,BAKER ST,69,N,N,A,-,N,NA,NA,NA,NA,NA,NA,NA,NA,NA,Y,3,0,3,2,A,-,01,23152,F,N,C,C,A,A,H,-,A,A,0,NA,NA,NA,NA,Y,NA,A,01,0,1,2,0,0,0,0,0,0,-,-,33.67850112915039,-117.8760986328125,ORANGE,COSTA MESA,-117.87583923339844,33.678016662597656
8549661,2018,2018-02-15,3026,2018-01-24,1530,6352,NA,3,5,6,3026,0,0,0,NA,0,NA,STONECREEK SOUTH,WETSTONE,9,W,N,A,-,N,NA,NA,NA,NA,NA,NA,NA,NA,NA,N,4,0,1,2,D,-,00,NA,NA,N,H,G,A,A,H,-,A,A,0,NA,Y,NA,NA,Y,NA,-,-,0,0,1,0,0,0,1,0,0,-,-,NA,NA,ORANGE,IRVINE,-117.800284,33.683608
8551524,2018,2018-02-20,3004,2018-01-23,1749,P459,15,2,5,6,3004,0,0,0,NA,0,004,HARBOR BL,MERRIMAC WY,168,S,N,A,-,N,NA,NA,NA,NA,NA,NA,NA,NA,NA,Y,4,0,2,3,A,-,03,22350,NA,N,C,C,A,A,H,-,C,D,0,NA,NA,NA,NA,Y,NA,A,01,0,0,2,0,0,0,0,0,0,-,-,33.66780090332031,-117.91919708251952,ORANGE,COSTA MESA,-117.91930389404295,33.66791915893555
8555649,2018,2018-03-09,3000,2018-01-24,0848,5377,921G7,3,5,5,3040,0,0,0,NA,0,741,LA PAZ RD,AVILA,0,NA,Y,A,-,N,NA,NA,NA,NA,NA,NA,NA,NA,NA,Y,3,0,1,3,A,-,12,21457,A,N,D,C,A,A,H,-,A,A,0,NA,NA,NA,NA,Y,NA,A,01,0,1,0,0,0,0,0,0,0,-,-,NA,NA,ORANGE,LAGUNA NIGUEL,-117.70806121826172,33.563411712646484
8556046,2018,2018-02-23,3000,2018-01-15,1309,5377,952A6,1,5,5,3040,0,0,0,NA,0,741,PALM CT,CHAPPAROSA PARK RD,1,S,N,A,-,N,NA,NA,NA,NA,NA,NA,NA,NA,NA,N,4,0,1,2,A,-,08,22107,NA,N,H,G,A,A,H,-,A,D,0,NA,Y,NA,NA,Y,NA,A,01,0,0,1,0,0,0,1,0,0,-,-,NA,NA,ORANGE,LAGUNA NIGUEL,-117.6846160888672,33.517608642578125
8557791,2018,2018-07-31,3011,2018-02-20,1550,31407,37,2,5,4,3011,0,0,0,NA,0,001,RT 133,CANYON ACRES,1465,N,N,A,-,Y,ORA,12,133,-,-,1.19,H,-,N,Y,4,0,1,3,A,-,03,22350,NA,N,C,C,A,A,H,-,A,D,0,NA,NA,NA,NA,Y,NA,A,01,0,0,1,0,0,0,0,0,0,-,-,NA,NA,ORANGE,LAGUNA BEACH,-117.77416229248048,33.55681610107422
8559580,2017,2018-02-26,3019,2017-12-26,1932,3508,WE,2,5,7,3019,0,0,0,NA,0,001,1ST ST,HARBOR BL,557,W,N,A,-,N,NA,NA,NA,NA,NA,NA,NA,NA,NA,N,4,0,1,2,A,-,08,22107,NA,F,G,B,E,A,H,-,C,A,0,Y,NA,NA,NA,Y,NA,A,07,0,0,1,0,1,0,0,0,0,-,-,33.74504,-117.92023,ORANGE,SANTA ANA,-117.92200796,33.74514949
8561171,2018,2018-06-25,3010,2018-02-17,1255,2137,328,6,5,6,3010,0,0,0,NA,0,004,SUMMIT,SEAPOINT,0,NA,Y,A,-,N,NA,NA,NA,NA,NA,NA,NA,NA,NA,N,1,1,0,2,A,-,10,21954,B,N,G,B,D,A,H,-,A,A,0,Y,NA,NA,NA,Y,NA,D,22,0,0,0,1,0,0,0,0,0,-,-,NA,NA,ORANGE,HUNTINGTON BEACH,-118.01969146728516,33.686038970947266
8561681,2017,2018-02-23,3026,2017-11-22,0108,542,CROSS,3,5,6,3026,0,0,0,NA,0,00C,JEFFREY,IRVINE CENTER DR,0,NA,Y,A,-,N,NA,NA,NA,NA,NA,NA,NA,NA,NA,Y,2,0,1,1,A,-,03,22350,NA,N,A,I,A,A,H,-,C,A,0,NA,NA,NA,NA,Y,NA,A,01,1,0,0,0,0,0,0,0,0,-,-,NA,NA,ORANGE,IRVINE,-117.77890012,33.67954009
8562342,2018,2018-03-05,3005,2018-02-13,1849,8152,C35,2,5,4,3005,0,0,0,NA,0,003,CERRITOS AV,HOLDER ST,0,NA,Y,A,-,N,NA,NA,NA,NA,NA,NA,NA,NA,NA,Y,4,0,2,2,A,-,12,21453,A,N,D,C,A,A,H,-,C,A,0,NA,NA,NA,NA,Y,NA,A,07,0,0,2,0,0,0,0,0,0,-,-,NA,NA,ORANGE,CYPRESS,-118.01943969726563,33.80990982055664
8565265,2018,2018-03-06,3008,2018-01-17,1051,1158,NA,3,5,6,3008,0,0,0,NA,0,III,STATE COLLEGE BL,BASTANCHURY RD,0,NA,Y,A,-,N,NA,NA,NA,NA,NA,NA,NA,NA,NA,N,4,0,1,2,A,-,11,21954,A,N,G,B,E,A,H,-,A,A,0,Y,NA,NA,NA,Y,NA,N,60,0,0,1,0,1,0,0,0,0,-,-,NA,NA,ORANGE,FULLERTON,-117.89176177978516,33.89780044555664
8565301,2018,2018-03-06,3015,2018-02-07,0834,1386,45W,3,5,6,3015,0,0,0,NA,0,711,KATELLA AV,MAIN ST,0,NA,Y,A,-,N,NA,NA,NA,NA,NA,NA,NA,NA,NA,N,4,0,1,2,A,-,03,22350,NA,N,C,C,A,A,H,-,A,A,0,NA,NA,NA,NA,Y,NA,A,01,0,0,1,0,0,0,0,0,0,-,-,NA,NA,ORANGE,ORANGE,-117.86707305908205,33.8089599609375
8566350,2018,2018-03-20,3019,2018-02-08,1153,2771,SE,4,5,7,3019,0,0,0,NA,0,003,1ST ST,SYCAMORE ST,12,E,N,A,-,N,NA,NA,NA,NA,NA,NA,NA,NA,NA,N,3,0,1,2,A,-,10,21950,A,N,G,B,B,A,H,-,A,A,0,Y,NA,NA,NA,Y,NA,A,01,0,1,0,0,1,0,0,0,0,-,-,NA,NA,ORANGE,SANTA ANA,-117.86866760253906,33.745540618896484
8566469,2018,2018-03-14,3019,2018-01-16,1300,3383,NE,2,5,7,3019,0,0,0,NA,0,001,1ST ST,DOWN TOWN PLZ,0,NA,Y,A,-,N,NA,NA,NA,NA,NA,NA,NA,NA,NA,N,4,0,1,3,A,-,09,21800,NA,N,D,C,A,A,H,-,A,B,0,NA,NA,NA,NA,Y,NA,A,01,0,0,1,0,0,0,0,0,0,-,-,33.74531173706055,-117.86434173583984,ORANGE,SANTA ANA,-117.86456,33.745536
8568960,2018,2018-03-14,3019,2018-02-09,2044,3454,NE,5,5,7,3019,0,0,0,NA,0,001,MAIN ST,SANTA CLARA AV,0,NA,Y,A,-,N,NA,NA,NA,NA,NA,NA,NA,NA,NA,Y,4,0,3,2,A,-,12,21453,A,N,D,C,A,A,H,-,C,A,0,NA,NA,NA,NA,Y,NA,A,01,0,0,3,0,0,0,0,0,0,-,-,33.76662826538086,-117.867431640625,ORANGE,SANTA ANA,-117.86750030517578,33.766841888427734
8569234,2018,2018-03-16,3019,2018-02-15,0941,2771,NE,4,5,7,3019,0,0,0,NA,0,002,4TH ST,TUSTIN AV,0,NA,Y,A,-,N,NA,NA,NA,NA,NA,NA,NA,NA,NA,Y,3,0,2,2,A,-,12,21453,A,N,D,C,A,A,H,-,A,A,0,NA,NA,NA,NA,Y,NA,A,08,0,1,1,0,0,0,0,0,0,-,-,33.74797821044922,-117.83438110351563,ORANGE,SANTA ANA,-117.83412933349608,33.74827194213867
8571933,2018,2018-03-09,3019,2018-01-25,0558,3151,NE,4,5,7,3019,0,0,0,NA,0,002,PENN WY,SANTIAGO AV,460,N,N,A,-,N,NA,NA,NA,NA,NA,NA,NA,NA,NA,Y,3,0,1,1,A,-,08,22107,NA,F,E,I,A,A,H,-,C,D,0,NA,NA,Y,NA,Y,NA,C,02,0,1,0,0,0,0,0,0,1,-,-,33.75625991821289,-117.86025238037108,ORANGE,SANTA ANA,-117.861328125,33.75667190551758
8573937,2018,2018-03-16,3005,2018-02-22,0735,8072,C41,4,5,4,3005,0,0,0,NA,0,003,VALLEY VIEW,ORANGEWOOD,0,NA,Y,B,-,N,NA,NA,NA,NA,NA,NA,NA,NA,NA,Y,3,0,2,3,A,-,09,21453,B,N,C,C,A,A,H,-,A,A,0,NA,NA,NA,NA,Y,NA,A,01,0,1,1,0,0,0,0,0,0,-,-,NA,NA,ORANGE,CYPRESS,-118.02857971191406,33.79568862915039
8573941,2018,2018-03-16,3005,2018-02-22,0810,8237,C34,4,5,4,3005,0,0,0,NA,0,NA,ORANGEWOOD AV,HOLDER ST,0,NA,Y,A,-,N,NA,NA,NA,NA,NA,NA,NA,NA,NA,Y,4,0,2,2,A,-,09,21801,A,N,D,C,A,A,H,-,A,A,0,NA,NA,NA,NA,Y,NA,A,01,0,0,2,0,0,0,0,0,0,-,-,NA,NA,ORANGE,CYPRESS,-118.01976776123048,33.79566192626953
8573981,2018,2018-03-16,3005,2018-02-21,1103,8169,C20,3,5,4,3005,0,0,0,NA,0,002,ORANGE AV,MOODY ST,0,NA,Y,A,-,N,NA,NA,NA,NA,NA,NA,NA,NA,NA,N,4,0,2,2,A,-,12,21453,NA,N,D,C,A,A,H,-,A,D,0,NA,NA,Y,NA,Y,NA,A,01,0,0,2,0,0,0,0,0,1,-,-,NA,NA,ORANGE,CYPRESS,-118.04573059082033,33.82426071166992
8573993,2018,2018-03-16,3012,2018-02-09,1627,288,32,5,5,5,3012,0,0,0,NA,0,S/W,LA HABRA BL,IDAHO ST,0,NA,Y,A,-,N,NA,NA,NA,NA,NA,NA,NA,NA,NA,N,3,0,1,2,A,-,09,21801,A,N,D,C,A,A,H,-,A,A,0,NA,NA,NA,NA,Y,NA,A,01,0,1,0,0,0,0,0,0,0,-,-,NA,NA,ORANGE,LA HABRA,-117.95919799804688,33.93185043334961
8576931,2017,2018-03-20,3008,2017-08-21,1406,1284,23,1,5,6,3008,0,0,0,NA,0,NA,COMMONWEALTH AV,STATE COLLEGE BL,0,NA,Y,A,-,N,NA,NA,NA,NA,NA,NA,NA,NA,NA,Y,4,0,1,2,A,-,09,21801,NA,N,A,C,A,A,H,-,A,A,0,NA,NA,NA,NA,Y,NA,A,01,0,0,1,0,0,0,0,0,0,-,-,NA,NA,ORANGE,FULLERTON,-117.88957011,33.87057006