CASE_ID,ACCIDENT_YEAR,PROC_DATE,JURIS,COLLISION_DATE,COLLISION_TIME,OFFICER_ID,REPORTING_DISTRICT,DAY_OF_WEEK,CHP_SHIFT,POPULATION,CNTY_CITY_LOC,SPECIAL_COND,BEAT_TYPE,CHP_BEAT_TYPE,CITY_DIVISION_LAPD,CHP_BEAT_CLASS,BEAT_NUMBER,PRIMARY_RD,SECONDARY_RD,DISTANCE,DIRECTION,INTERSECTION,WEATHER_1,WEATHER_2,STATE_HWY_IND,CALTRANS_COUNTY,CALTRANS_DISTRICT,STATE_ROUTE,ROUTE_SUFFIX,POSTMILE_PREFIX,POSTMILE,LOCATION_TYPE,RAMP_INTERSECTION,SIDE_OF_HWY,TOW_AWAY,COLLISION_SEVERITY,NUMBER_KILLED,NUMBER_INJURED,PARTY_COUNT,PRIMARY_COLL_FACTOR,PCF_CODE_OF_VIOL,PCF_VIOL_CATEGORY,PCF_VIOLATION,PCF_VIOL_SUBSECTION,HIT_AND_RUN,TYPE_OF_COLLISION,MVIW,PED_ACTION,ROAD_SURFACE,ROAD_COND_1,ROAD_COND_2,LIGHTING,CONTROL_DEVICE,CHP_ROAD_TYPE,PEDESTRIAN_ACCIDENT,BICYCLE_ACCIDENT,MOTORCYCLE_ACCIDENT,TRUCK_ACCIDENT,NOT_PRIVATE_PROPERTY,ALCOHOL_INVOLVED,STWD_VEHTYPE_AT_FAULT,CHP_VEHTYPE_AT_FAULT,COUNT_SEVERE_INJ,COUNT_VISIBLE_INJ,COUNT_COMPLAINT_PAIN,COUNT_PED_KILLED,COUNT_PED_INJURED,COUNT_BICYCLIST_KILLED,COUNT_BICYCLIST_INJURED,COUNT_MC_KILLED,COUNT_MC_INJURED,PRIMARY_RAMP,SECONDARY_RAMP,LATITUDE,LONGITUDE,COUNTY,CITY,POINT_X,POINT_Y
8579211,2018,2018-08-09,3002,2018-03-04,1343,1447,NA,7,5,4,3002,0,0,0,NA,0,012,LA CRESCENTA DR,IMPERIAL HWY,34,N,N,B,-,Y,ORA,12,90,-,-,7.39,H,-,E,N,4,0,1,2,A,-,03,22350,NA,F,C,C,A,A,H,-,A,A,0,NA,NA,NA,NA,Y,NA,A,01,0,0,1,0,0,0,0,0,0,-,-,NA,NA,ORANGE,BREA,-117.85079956054688,33.90835189819336
8579705,2018,2018-03-27,3008,2018-02-19,0829,1548,NA,1,5,6,3008,0,0,0,NA,0,001,MALVERN AV,GILBERT ST,0,NA,Y,A,-,N,NA,NA,NA,NA,NA,NA,NA,NA,NA,Y,4,0,1,2,A,-,12,21453,A,M,D,C,A,A,H,-,A,A,0,NA,NA,NA,NA,Y,NA,-,99,0,0,1,0,0,0,0,0,0,-,-,NA,NA,ORANGE,FULLERTON,-117.9673080444336,33.8779182434082
8581072,2018,2018-03-26,3009,2018-02-25,2039,3579,2 2,7,5,6,3009,0,0,0,NA,0,153,HARBOR BL,CHAPMAN AV,570,S,N,A,-,N,NA,NA,NA,NA,NA,NA,NA,NA,NA,N,4,0,2,2,A,-,03,22350,NA,N,C,C,A,A,H,-,C,A,0,NA,NA,NA,NA,Y,NA,A,01,0,0,2,0,0,0,0,0,0,-,-,33.787200927734375,-117.91346740722656,ORANGE,GARDEN GROVE,-117.91497802734376,33.78733825683594
8581244,2018,2018-03-20,3024,2018-02-28,0707,329,P21,3,5,5,3024,0,0,0,NA,0,EAST,HAZARD AV,SNOW ST,0,NA,Y,A,-,N,NA,NA,NA,NA,NA,NA,NA,NA,NA,Y,4,0,1,3,A,-,07,21658,A,N,B,C,A,A,H,-,A,D,0,NA,NA,NA,NA,Y,NA,A,07,0,0,1,0,0,0,0,0,0,-,-,33.752071380615234,-117.96822357177734,ORANGE,WESTMINSTER,-117.96839141845705,33.75217056274414
8583246,2018,2018-04-02,3026,2018-03-05,1544,7094,CROSS,1,5,6,3026,0,0,0,NA,0,004,HARVARD AV,BARRANCA PKWY,228,N,N,A,-,N,NA,NA,NA,NA,NA,NA,NA,NA,NA,N,3,0,1,2,A,-,03,22350,NA,N,H,G,A,A,H,-,A,D,0,NA,Y,NA,NA,Y,NA,L,04,0,1,0,0,0,0,1,0,0,-,-,33.68830871582031,-117.81832885742188,ORANGE,IRVINE,-117.81817626953124,33.68891143798828
8583382,2018,2018-07-26,3004,2018-02-28,0131,P550,29,3,5,6,3004,0,0,0,NA,0,015,E PAULARINO AV,NEWPORT BL,34,W,N,B,-,Y,ORA,12,55,-,-,5.669,R,4,S,Y,3,0,1,1,A,-,01,23152,A,N,E,I,A,A,H,-,C,D,0,NA,NA,NA,NA,Y,Y,A,01,0,1,0,0,0,0,0,0,0,-,-,33.68227005004883,-117.87825012207033,ORANGE,COSTA MESA,-117.87584686279295,33.6835823059082
8584302,2018,2018-03-30,3009,2018-03-16,2306,4586,082,5,5,6,3009,0,0,0,NA,0,012,MAGNOLIA ST,MAC ALPINE,15,S,N,C,-,N,NA,NA,NA,NA,NA,NA,NA,NA,NA,Y,3,0,1,3,A,-,08,22107,NA,N,C,E,A,B,H,-,C,D,0,NA,NA,NA,NA,Y,Y,A,07,0,1,0,0,0,0,0,0,0,-,-,33.78847122192383,-117.9753875732422,ORANGE,GARDEN GROVE,-117.97547912597656,33.79168701171875
8584710,2018,2018-04-06,3015,2018-02-23,1114,1578,17E,5,5,6,3015,0,0,0,NA,0,711,NORTH TUSTIN ST,BRIARDALE AV,505,N,N,A,-,N,NA,NA,NA,NA,NA,NA,NA,NA,NA,N,4,0,1,2,A,-,09,21802,A,N,D,C,A,A,H,-,A,D,0,NA,NA,NA,NA,Y,NA,D,23,0,0,1,0,0,0,0,0,0,-,-,NA,NA,ORANGE,ORANGE,-117.8359603881836,33.818843841552734
8584941,2018,2018-04-09,3002,2018-03-22,1026,1562,NA,4,5,4,3002,0,0,0,NA,0,013,BIRCH ST,POPLAR AV,0,NA,Y,C,-,N,NA,NA,NA,NA,NA,NA,NA,NA,NA,N,4,0,3,2,A,-,12,21453,A,N,D,C,A,B,H,-,A,A,0,NA,NA,NA,NA,Y,NA,A,01,0,0,3,0,0,0,0,0,0,-,-,NA,NA,ORANGE,BREA,-117.8931884765625,33.917659759521484
8584954,2018,2018-04-06,3015,2018-03-08,1817,1578,22E,4,5,6,3015,0,0,0,NA,0,111,SPARKES ST,TOWN AND COUNTRY RD,35,W,N,A,-,N,NA,NA,NA,NA,NA,NA,NA,NA,NA,Y,3,0,1,2,A,-,08,22107,NA,N,C,E,A,A,H,-,B,A,0,NA,NA,NA,NA,Y,NA,A,01,0,1,0,0,0,0,0,0,0,-,-,NA,NA,ORANGE,ORANGE,NA,NA
8585039,2018,2018-04-13,3015,2018-02-20,1837,1453,32E,2,5,6,3015,0,0,0,NA,0,113,N GLASSELL ST,W WALNUT AV,0,NA,Y,A,-,N,NA,NA,NA,NA,NA,NA,NA,NA,NA,N,4,0,1,2,A,-,09,21801,A,N,-,C,A,A,H,-,C,-,0,NA,NA,NA,NA,Y,NA,A,07,0,0,1,0,0,0,0,0,0,-,-,NA,NA,ORANGE,ORANGE,-117.85310363769533,33.79507064819336
8588046,2018,2018-05-02,3019,2018-04-06,1540,3295,SE,5,5,7,3019,0,0,0,NA,0,002,WARNER AV,TOWNER ST,50,E,N,A,-,N,NA,NA,NA,NA,NA,NA,NA,NA,NA,N,4,0,4,4,A,-,03,22350,NA,N,C,C,A,A,H,-,A,D,0,NA,NA,NA,NA,Y,NA,A,01,0,0,4,0,0,0,0,0,0,-,-,33.716060638427734,-117.87953186035156,ORANGE,SANTA ANA,-117.87972259521484,33.71598815917969
8588683,2018,2018-04-02,3019,2018-03-04,1024,3316,WE,7,5,7,3019,0,0,0,NA,0,001,JACKSON ST,HAZARD AV,496,S,N,A,-,N,NA,NA,NA,NA,NA,NA,NA,NA,NA,N,4,0,2,2,A,-,21,22106,NA,N,D,C,A,A,H,-,A,D,0,NA,NA,NA,NA,Y,NA,A,07,0,0,2,0,0,0,0,0,0,-,-,33.75239181518555,-117.9160385131836,ORANGE,SANTA ANA,-117.91587829589844,33.751285552978516
8589122,2018,2018-04-10,3016,2018-03-05,1823,2145,33,1,5,5,3016,0,0,0,NA,0,002,ORANGETHORPE AV,TRAUB LN,345,E,N,A,-,N,NA,NA,NA,NA,NA,NA,NA,NA,NA,Y,3,0,3,4,A,-,03,22350,NA,N,C,C,A,A,H,-,C,A,0,NA,NA,NA,NA,Y,NA,A,01,0,3,0,0,0,0,0,0,0,-,-,NA,NA,ORANGE,PLACENTIA,NA,NA
8589342,2018,2018-04-06,3019,2018-03-26,2033,3423,SC,1,5,7,3019,0,0,0,NA,0,NA,BRISTOL ST,SAINT ANDREW PL,0,NA,Y,A,-,N,NA,NA,NA,NA,NA,NA,NA,NA,NA,Y,4,0,1,2,A,-,09,21802,A,F,D,C,A,A,H,-,C,A,0,NA,NA,NA,NA,Y,NA,D,22,0,0,1,0,0,0,0,0,0,-,-,33.72325897216797,-117.88538360595705,ORANGE,SANTA ANA,-117.8852081298828,33.723121643066406
8589358,2017,2018-04-10,3019,2017-07-16,1339,3025,SC,7,5,7,3019,0,0,0,NA,0,004,RAITT ST,SEGERSTROM AV,0,NA,Y,A,-,N,NA,NA,NA,NA,NA,NA,NA,NA,NA,Y,3,0,1,2,A,-,09,21801,A,N,D,C,A,A,H,-,A,A,0,NA,NA,NA,NA,Y,NA,A,01,0,1,0,0,0,0,0,0,0,-,-,33.70752,-117.89734,ORANGE,SANTA ANA,-117.89751011,33.70734006
8593355,2018,2018-08-10,3010,2018-03-15,1434,2167,413,4,5,6,3010,0,0,0,NA,0,005,RT 39,ELLIS AV,0,NA,Y,A,-,Y,ORA,12,39,-,-,3.12,I,5,S,Y,4,0,1,3,A,-,12,21453,A,N,D,C,A,A,H,-,A,A,0,NA,NA,NA,NA,Y,NA,A,01,0,0,1,0,0,0,0,0,0,-,-,NA,NA,ORANGE,HUNTINGTON BEACH,-117.98895263671876,33.693748474121094
8594174,2018,2018-04-18,3015,2018-03-27,1235,1419,22W,2,5,6,3015,0,0,0,NA,0,722,N MAIN ST,CULVER AV,130,S,N,A,-,N,NA,NA,NA,NA,NA,NA,NA,NA,NA,Y,4,0,2,3,A,-,05,21650,NA,F,D,C,A,A,H,-,A,D,0,NA,NA,NA,NA,Y,NA,A,01,0,0,2,0,0,0,0,0,0,-,-,NA,NA,ORANGE,ORANGE,-117.86733245849608,33.78203582763672
8594944,2018,2018-04-20,3000,2018-03-14,0517,9520,922C4,3,5,5,3028,0,0,0,NA,0,151,MARGUERITE PKWY,OSO PKWY,0,NA,Y,C,-,N,NA,NA,NA,NA,NA,NA,NA,NA,NA,Y,4,0,1,1,A,-,08,22107,NA,N,E,I,A,B,H,-,C,A,0,NA,NA,NA,NA,Y,NA,A,01,0,0,1,0,0,0,0,0,0,-,-,NA,NA,ORANGE,MISSION VIEJO,-117.65959167480467,33.58415985107422
8595957,2018,2018-04-17,3014,2018-03-23,0913,1474,RD34,5,5,5,3014,0,0,0,NA,0,0A3,MACARTHUR BL,CAMPUS DR,25,S,N,B,C,N,NA,NA,NA,NA,NA,NA,NA,NA,NA,N,3,0,1,3,A,-,07,21658,A,N,C,C,A,B,H,-,A,A,0,NA,NA,NA,NA,Y,NA,A,01,0,1,0,0,0,0,0,0,0,-,-,33.6713981628418,-117.86399841308594,ORANGE,NEWPORT BEACH,-117.86404418945313,33.6716423034668
8595970,2018,2018-04-13,3001,2018-03-06,1520,471,NA,2,5,7,3001,0,0,0,NA,0,0D4,NORTH TUSTIN AV,EAST RIVERDALE AV,0,NA,Y,A,-,N,NA,NA,NA,NA,NA,NA,NA,NA,NA,Y,3,0,2,2,A,-,09,21800,D,N,D,C,A,A,H,-,A,B,0,NA,NA,NA,NA,Y,NA,A,01,0,2,0,0,0,0,0,0,0,-,-,NA,NA,ORANGE,ANAHEIM,-117.83486175537108,33.846981048583984
8596819,2018,2018-05-07,3019,2018-03-07,0658,3553,SC,3,5,7,3019,0,0,0,NA,0,NA,SEGERSTROM AV,BRISTOL ST,350,W,N,A,-,N,NA,NA,NA,NA,NA,NA,NA,NA,NA,Y,3,0,2,2,A,-,09,21801,A,N,D,C,A,A,H,-,A,D,0,NA,NA,NA,NA,Y,NA,A,01,0,1,1,0,0,0,0,0,0,-,-,33.70745086669922,-117.8852996826172,ORANGE,SANTA ANA,-117.88661956787108,33.707427978515625
8596827,2018,2018-05-07,3019,2018-03-10,1154,3477,NE,6,5,7,3019,0,0,0,NA,0,002,4TH ST,MABURY ST,30,E,N,A,-,N,NA,NA,NA,NA,NA,NA,NA,NA,NA,N,4,0,1,2,A,-,03,22350,NA,N,C,C,A,B,H,-,A,A,0,NA,NA,NA,NA,Y,NA,A,01,0,0,1,0,0,0,0,0,0,-,-,33.74802017211914,-117.84403228759766,ORANGE,SANTA ANA,-117.84374237060548,33.748191833496094
8596985,2018,2018-04-17,3004,2018-02-19,1321,P462,32,1,5,6,3004,0,0,0,NA,0,005,TOWN CENTER DR,BRISTOL ST,22,W,N,A,-,N,NA,NA,NA,NA,NA,NA,NA,NA,NA,Y,4,0,1,2,A,-,09,21453,C,N,A,C,A,A,H,-,A,A,0,NA,NA,Y,NA,Y,NA,A,01,0,0,1,0,0,0,0,0,1,-,-,33.69253921508789,-117.88558959960938,ORANGE,COSTA MESA,-117.88558959960938,33.69255828857422
8597594,2018,2018-04-24,3019,2018-03-15,1930,3530,SE,4,5,7,3019,0,0,0,NA,0,003,SOUTH MAIN ST,OXFORD ST,0,NA,Y,A,-,N,NA,NA,NA,NA,NA,NA,NA,NA,NA,N,4,0,2,3,A,-,03,22350,NA,F,C,C,A,A,H,-,C,D,0,NA,NA,NA,NA,Y,NA,A,01,0,0,2,0,0,0,0,0,0,-,-,NA,NA,ORANGE,SANTA ANA,-117.86776733398438,33.73162078857422
8599427,2018,2018-06-04,3012,2018-04-09,1854,621,33,1,5,5,3012,0,0,0,NA,0,003,MONTE VISTA ST,MONTE VISTA ST 261,0,NA,Y,A,-,N,NA,NA,NA,NA,NA,NA,NA,NA,NA,N,4,0,2,2,A,-,09,21804,A,M,D,C,A,A,H,-,A,D,0,NA,NA,NA,NA,Y,NA,D,22,0,0,2,0,0,0,0,0,0,-,-,NA,NA,ORANGE,LA HABRA,-117.95487,33.930234
8599689,2018,2018-04-24,3001,2018-03-13,1624,A2187,NA,2,5,7,3001,0,0,0,NA,0,0D3,SOUTH EUCLID ST,W TEDMAR AV,140,S,N,C,-,N,NA,NA,NA,NA,NA,NA,NA,NA,NA,N,4,0,3,3,A,-,03,22350,NA,N,C,C,A,B,H,-,A,A,0,NA,NA,NA,NA,Y,NA,A,07,0,0,3,0,0,0,0,0,0,-,-,NA,NA,ORANGE,ANAHEIM,-117.94148254394533,33.82620620727539
8601207,2018,2018-08-17,3010,2018-04-17,1230,147,422,2,5,6,3010,0,0,0,NA,0,005,RT 39,WILLIAMS,195,N,N,A,-,Y,ORA,12,39,-,-,2.3,H,-,N,Y,4,0,1,2,A,-,09,21804,A,N,D,C,A,A,H,-,A,D,0,NA,NA,NA,NA,Y,NA,A,01,0,0,1,0,0,0,0,0,0,-,-,NA,NA,ORANGE,HUNTINGTON BEACH,-117.98861694335938,33.6817512512207
8604312,2018,2018-05-10,3019,2018-04-20,1840,3528,SE,5,5,7,3019,0,0,0,NA,0,003,HICKORY ST,MCFADDEN AV,50,N,N,A,-,N,NA,NA,NA,NA,NA,NA,NA,NA,NA,N,4,0,1,2,A,-,03,22350,NA,N,C,C,A,A,H,-,A,D,0,NA,NA,NA,NA,Y,NA,D,22,0,0,1,0,0,0,0,0,0,-,-,33.73332977294922,-117.86051940917967,ORANGE,SANTA ANA,-117.86056518554688,33.733707427978516
8605836,2018,2018-05-11,3010,2018-04-28,0857,1059,272,6,5,6,3010,0,0,0,NA,0,006,WARNER AV,NICHOLS LN,0,NA,Y,A,-,N,NA,NA,NA,NA,NA,NA,NA,NA,NA,Y,3,0,3,2,A,-,09,21801,A,N,D,C,A,A,H,-,A,A,0,NA,NA,NA,NA,Y,NA,A,01,0,2,1,0,0,0,0,0,0,-,-,NA,NA,ORANGE,HUNTINGTON BEACH,-117.99574279785156,33.71567916870117
8607735,2018,2018-05-18,3001,2018-04-02,0818,1278,NA,1,5,7,3001,0,0,0,NA,0,0D1,SOUTH MAGNOLIA AV,WINSTON RD,230,N,N,B,-,N,NA,NA,NA,NA,NA,NA,NA,NA,NA,NA,4,0,1,2,A,-,03,22350,NA,N,C,C,A,A,H,-,A,A,0,NA,NA,NA,NA,Y,NA,D,22,0,0,1,0,0,0,0,0,0,-,-,NA,NA,ORANGE,ANAHEIM,-117.97581481933594,33.814579010009766
8607855,2018,2018-05-18,3003,2018-05-03,1323,750,NA,4,5,5,3003,0,0,0,NA,0,NA,WESTERN AV,N FILLMORE DR,84,N,N,A,-,N,NA,NA,NA,NA,NA,NA,NA,NA,NA,N,3,0,1,3,A,-,03,22350,NA,N,C,C,A,A,H,-,A,D,0,NA,NA,NA,NA,Y,NA,A,01,0,1,0,0,0,0,0,0,0,-,-,33.83769989013672,-118.00229644775392,ORANGE,BUENA PARK,-118.00228118896484,33.837379455566406
8607868,2018,2018-05-18,3010,2018-04-21,1717,1019,147,6,5,6,3010,0,0,0,NA,0,009,EDINGER AV,CLUB HOUSE,434,E,N,A,-,N,NA,NA,NA,NA,NA,NA,NA,NA,NA,Y,4,0,1,2,A,-,09,21804,A,N,D,C,A,A,H,-,A,D,0,NA,NA,NA,NA,Y,NA,A,07,0,0,1,0,0,0,0,0,0,-,-,NA,NA,ORANGE,HUNTINGTON BEACH,-118.02726745605467,33.729949951171875
8607876,2018,2018-05-21,3001,2018-03-10,0838,471,NA,6,5,7,3001,0,0,0,NA,0,0D4,E JACKSON AV,N RIO VISTA ST,15,W,N,B,C,N,NA,NA,NA,NA,NA,NA,NA,NA,NA,Y,3,0,1,3,A,-,09,21801,A,N,D,C,A,B,H,-,A,A,0,NA,NA,NA,NA,Y,NA,A,07,0,1,0,0,0,0,0,0,0,-,-,NA,NA,ORANGE,ANAHEIM,-117.8716278076172,33.84614181518555
8610203,2018,2018-05-07,3010,2018-04-12,2044,1208,159,4,5,6,3010,0,0,0,NA,0,007,GOLDENWEST,EDINGER,760,S,N,A,-,N,NA,NA,NA,NA,NA,NA,NA,NA,NA,Y,4,0,1,2,A,-,04,21703,NA,N,C,C,A,A,H,-,C,D,0,NA,NA,NA,NA,Y,NA,A,01,0,0,1,0,0,0,0,0,0,-,-,NA,NA,ORANGE,HUNTINGTON BEACH,-118.00674438476563,33.7280158996582
8611779,2018,2018-04-24,3019,2018-04-01,0959,3490,SC,7,5,7,3019,0,0,0,NA,0,003,PACIFIC AV,1ST ST,0,NA,Y,A,-,N,NA,NA,NA,NA,NA,NA,NA,NA,NA,N,4,0,1,2,A,-,12,21453,A,N,A,C,A,A,H,-,A,A,0,NA,NA,NA,NA,Y,NA,A,01,0,0,1,0,0,0,0,0,0,-,-,33.745269775390625,-117.88841247558594,ORANGE,SANTA ANA,-117.88848876953124,33.74544143676758
8611865,2017,2018-04-25,3008,2017-09-20,1631,1081,ZONE3,3,5,6,3008,0,0,0,NA,0,NA,DOROTHY LN,VICTORIA AV,269,E,N,A,-,N,NA,NA,NA,NA,NA,NA,NA,NA,NA,N,4,0,1,2,A,-,05,21650,NA,N,D,G,A,A,H,-,A,D,0,NA,Y,NA,NA,Y,NA,L,04,0,0,1,0,0,0,1,0,0,-,-,NA,NA,ORANGE,FULLERTON,-117.89476584,33.88142601
8612104,2018,2018-04-27,3019,2018-04-02,0617,2859,SE,1,5,7,3019,0,0,0,NA,0,003,WARNER AV,CYPRESS AV,60,E,N,B,-,N,NA,NA,NA,NA,NA,NA,NA,NA,NA,N,4,0,1,2,A,-,03,22350,NA,M,H,G,A,A,H,-,C,D,0,NA,Y,NA,NA,Y,NA,L,04,0,0,1,0,0,0,1,0,0,-,-,33.716190338134766,-117.86666870117188,ORANGE,SANTA ANA,-117.86647033691406,33.71603775024414
8612152,2018,2018-04-25,3019,2018-04-08,1322,3491,WE,7,5,7,3019,0,0,0,NA,0,001,BRISTOL ST,CIVIC CENTER DR,41,S,N,A,-,N,NA,NA,NA,NA,NA,NA,NA,NA,NA,N,4,0,1,2,A,-,07,21658,A,N,H,G,A,A,H,-,A,A,0,NA,Y,NA,NA,Y,NA,A,01,0,0,1,0,0,0,1,0,0,-,-,33.75149917602539,-117.88535308837892,ORANGE,SANTA ANA,-117.88510894775392,33.75138854980469
8612239,2018,2018-04-26,3019,2018-04-05,1534,3449,WE,4,5,7,3019,0,0,0,NA,0,001,MCFADDEN AV,HARMON ST,100,W,N,A,-,N,NA,NA,NA,NA,NA,NA,NA,NA,NA,N,3,0,1,2,A,-,03,22350,NA,N,B,E,A,A,H,-,A,D,0,NA,NA,NA,NA,Y,NA,A,01,0,1,0,0,0,0,0,0,0,-,-,33.73823165893555,-117.9323272705078,ORANGE,SANTA ANA,-117.93238067626952,33.738216400146484
8613036,2018,2018-05-09,3019,2018-04-14,1049,3479,NE,6,5,7,3019,0,0,0,NA,0,002,MORTIMER ST,5TH ST,80,S,N,A,-,N,NA,NA,NA,NA,NA,NA,NA,NA,NA,N,2,0,1,2,A,-,11,21954,A,N,G,B,D,A,H,-,A,D,0,Y,NA,NA,NA,Y,NA,N,60,1,0,0,0,1,0,0,0,0,-,-,33.74905014038086,-117.86370849609376,ORANGE,SANTA ANA,-117.86355590820313,33.74870300292969
8614041,2018,2018-04-26,3026,2018-04-06,1741,8929,UNIVE,5,5,6,3026,0,0,0,NA,0,003,TURTLE RIDGE DR,SUMMIT PARK DR,0,NA,Y,A,-,N,NA,NA,NA,NA,NA,NA,NA,NA,NA,Y,3,0,1,2,A,-,09,21453,C,N,D,C,A,A,H,-,A,A,0,NA,NA,NA,NA,Y,NA,A,01,0,1,0,0,0,0,0,0,0,-,-,33.62942886352539,-117.83216094970705,ORANGE,IRVINE,-117.83135,33.6291
8614316,2018,2018-04-26,3005,2018-04-04,1608,8202,C09,3,5,4,3005,0,0,0,NA,0,001,LINCOLN AV,MOODY ST,60,E,N,A,-,N,NA,NA,NA,NA,NA,NA,NA,NA,NA,Y,4,0,2,2,A,-,03,22350,NA,M,C,C,A,A,H,-,A,D,0,NA,NA,NA,NA,Y,NA,A,01,0,0,2,0,0,0,0,0,0,-,-,NA,NA,ORANGE,CYPRESS,-118.04561614990234,33.83176040649414
8616696,2018,2018-05-15,3014,2018-05-01,2120,1179,RD24,2,5,5,3014,0,0,0,NA,0,0A2,SUPERIOR AV,HOSPITAL RD,61,S,N,B,-,N,NA,NA,NA,NA,NA,NA,NA,NA,NA,Y,4,0,1,2,A,-,09,21804,A,N,D,C,A,A,H,-,C,A,0,NA,NA,NA,NA,Y,Y,A,01,0,0,1,0,0,0,0,0,0,-,-,33.62575149536133,-117.93399810791016,ORANGE,NEWPORT BEACH,-117.93390655517578,33.625762939453125
8617561,2018,2018-08-20,3011,2018-05-05,1258,31407,36,6,5,4,3011,0,0,0,NA,0,002,RT 1,OCEAN AV,0,NA,Y,A,-,Y,ORA,12,1,-,-,9.351,I,5,N,Y,2,0,1,2,A,-,03,22350,NA,N,C,C,A,A,H,-,A,A,0,NA,NA,Y,NA,Y,NA,A,01,1,0,0,0,0,0,0,0,1,-,-,NA,NA,ORANGE,LAGUNA BEACH,-117.7843780517578,33.54221725463867
8618626,2018,2018-07-30,3004,2018-05-02,0910,P640,35,3,5,6,3004,0,0,0,NA,0,002,NEWPORT BL,DEL MAR AV,0,NA,Y,C,-,N,NA,NA,NA,NA,NA,NA,NA,NA,NA,Y,4,0,1,3,A,-,12,21453,A,N,D,C,A,B,H,-,A,A,0,NA,NA,NA,NA,Y,NA,A,01,0,0,1,0,0,0,0,0,0,-,-,33.66239929199219,-117.89649963378906,ORANGE,COSTA MESA,-117.89704132080078,33.66291046142578
8618720,2018,2018-08-17,3010,2018-04-29,1237,2137,252,7,5,6,3010,0,0,0,NA,0,007,RT 39,EDINGER,24,N,N,A,-,Y,ORA,12,39,-,-,5.641,I,5,S,Y,3,0,1,3,A,-,12,21453,A,N,D,C,A,A,H,-,A,A,0,NA,NA,Y,NA,Y,NA,A,07,0,1,0,0,0,0,0,0,1,-,-,NA,NA,ORANGE,HUNTINGTON BEACH,-117.98944091796876,33.73025131225586
8618789,2018,2018-05-18,3024,2018-05-01,0850,159,P43,2,5,5,3024,0,0,0,NA,0,EAST,MAGNOLIA ST,FOXGLOVE AV,56,N,N,B,-,N,NA,NA,NA,NA,NA,NA,NA,NA,NA,Y,4,0,3,2,A,-,03,22350,NA,N,C,C,A,A,H,-,A,A,0,NA,NA,NA,NA,Y,NA,A,01,0,0,3,0,0,0,0,0,0,-,-,33.725650787353516,-117.91793823242188,ORANGE,WESTMINSTER,-117.97200775146484,33.725772857666016
8619703,2018,2018-05-24,3000,2018-04-21,1245,5805,891J2,6,5,5,3050,0,0,0,NA,0,765,LAKE FOREST DR,SERRANO RD,8,W,N,A,-,N,NA,NA,NA,NA,NA,NA,NA,NA,NA,Y,4,0,1,2,A,-,12,21453,A,N,D,C,A,A,H,-,A,A,0,NA,NA,NA,NA,Y,NA,A,01,0,0,1,0,0,0,0,0,0,-,-,NA,NA,ORANGE,LAKE FOREST,-117.68910217285156,33.6455192565918
8619788,2018,2018-05-30,3026,2018-04-26,0956,341,PORTO,4,5,6,3026,0,0,0,NA,0,008,BARRANCA PKWY,LAUNCH,561,W,N,A,-,N,NA,NA,NA,NA,NA,NA,NA,NA,NA,Y,2,0,5,2,A,-,03,22350,NA,N,D,C,A,A,H,-,A,D,0,NA,NA,NA,NA,Y,NA,A,01,1,0,4,0,0,0,0,0,0,-,-,NA,NA,ORANGE,IRVINE,-117.73299407958984,33.6548957824707
8621258,2018,2018-08-27,3019,2018-05-01,1945,3410,NE,2,5,7,3019,0,0,0,NA,0,004,1ST ST,RT 5,0,NA,Y,A,-,Y,ORA,12,5,-,-,30.828,R,4,S,Y,4,0,1,2,A,-,12,21453,A,F,D,C,A,A,H,-,C,A,0,NA,NA,NA,NA,Y,NA,A,07,0,0,1,0,0,0,0,0,0,-,SO,NA,NA,ORANGE,SANTA ANA,-117.84194183349608,33.744590759277344
8621918,2018,2018-05-29,3015,2018-05-05,1217,1098,23E,6,5,6,3015,0,0,0,NA,0,731,NORTH TUSTIN ST,EAST CHAPMAN AV,294,N,N,A,-,N,NA,NA,NA,NA,NA,NA,NA,NA,NA,Y,3,0,2,2,A,-,03,22350,NA,N,C,C,A,A,H,-,A,D,0,NA,NA,NA,NA,Y,NA,A,01,0,1,1,0,0,0,0,0,0,-,-,NA,NA,ORANGE,ORANGE,-117.83573150634766,33.78863525390625
8621996,2018,2018-05-25,3016,2018-05-08,0617,1274,40,2,5,5,3016,0,0,0,NA,0,002,ORANGETHORPE AV,VAN BUREN ST,0,NA,Y,A,-,N,NA,NA,NA,NA,NA,NA,NA,NA,NA,Y,4,0,2,2,A,-,12,21453,A,N,D,C,A,A,H,-,A,A,0,NA,NA,NA,NA,Y,NA,-,-,0,0,2,0,0,0,0,0,0,-,-,NA,NA,ORANGE,PLACENTIA,-117.83126831054688,33.86817169189453
8622536,2018,2018-05-30,3006,2018-04-28,1016,320,33,6,5,3,3006,0,0,0,NA,0,002,CRESCENT,MOODY,140,E,N,A,-,N,NA,NA,NA,NA,NA,NA,NA,NA,NA,N,3,0,1,2,A,-,03,22350,NA,N,C,C,A,A,H,-,A,A,0,NA,NA,NA,NA,Y,NA,A,01,0,1,0,0,0,0,0,0,0,-,-,NA,NA,ORANGE,LA PALMA,-118.04550933837892,33.83897399902344
8623103,2018,2018-05-31,3009,2018-04-23,0343,4581,101,1,5,6,3009,0,0,0,NA,0,012,BROOKHURST ST,ALDGATE AV,106,S,N,A,-,N,NA,NA,NA,NA,NA,NA,NA,NA,NA,Y,4,0,1,1,A,-,08,22107,NA,N,E,I,A,A,H,-,C,A,0,NA,NA,NA,NA,Y,NA,A,01,0,0,1,0,0,0,0,0,0,-,-,33.801021575927734,-117.95818328857422,ORANGE,GARDEN GROVE,-117.95888519287108,33.80072784423828