CASE_ID,ACCIDENT_YEAR,PROC_DATE,JURIS,COLLISION_DATE,COLLISION_TIME,OFFICER_ID,REPORTING_DISTRICT,DAY_OF_WEEK,CHP_SHIFT,POPULATION,CNTY_CITY_LOC,SPECIAL_COND,BEAT_TYPE,CHP_BEAT_TYPE,CITY_DIVISION_LAPD,CHP_BEAT_CLASS,BEAT_NUMBER,PRIMARY_RD,SECONDARY_RD,DISTANCE,DIRECTION,INTERSECTION,WEATHER_1,WEATHER_2,STATE_HWY_IND,CALTRANS_COUNTY,CALTRANS_DISTRICT,STATE_ROUTE,ROUTE_SUFFIX,POSTMILE_PREFIX,POSTMILE,LOCATION_TYPE,RAMP_INTERSECTION,SIDE_OF_HWY,TOW_AWAY,COLLISION_SEVERITY,NUMBER_KILLED,NUMBER_INJURED,PARTY_COUNT,PRIMARY_COLL_FACTOR,PCF_CODE_OF_VIOL,PCF_VIOL_CATEGORY,PCF_VIOLATION,PCF_VIOL_SUBSECTION,HIT_AND_RUN,TYPE_OF_COLLISION,MVIW,PED_ACTION,ROAD_SURFACE,ROAD_COND_1,ROAD_COND_2,LIGHTING,CONTROL_DEVICE,CHP_ROAD_TYPE,PEDESTRIAN_ACCIDENT,BICYCLE_ACCIDENT,MOTORCYCLE_ACCIDENT,TRUCK_ACCIDENT,NOT_PRIVATE_PROPERTY,ALCOHOL_INVOLVED,STWD_VEHTYPE_AT_FAULT,CHP_VEHTYPE_AT_FAULT,COUNT_SEVERE_INJ,COUNT_VISIBLE_INJ,COUNT_COMPLAINT_PAIN,COUNT_PED_KILLED,COUNT_PED_INJURED,COUNT_BICYCLIST_KILLED,COUNT_BICYCLIST_INJURED,COUNT_MC_KILLED,COUNT_MC_INJURED,PRIMARY_RAMP,SECONDARY_RAMP,LATITUDE,LONGITUDE,COUNTY,CITY,POINT_X,POINT_Y
8688905,2018,2018-10-29,3015,2018-07-30,1617,1419,33,1,5,6,3015,0,0,0,NA,0,722,S TUSTIN,RT 22,0,N,N,A,-,Y,ORA,12,22,-,R,12.687,R,4,E,N,3,0,1,2,A,-,05,21650,NA,N,D,G,A,A,H,-,A,D,0,NA,Y,NA,NA,Y,NA,L,04,0,1,0,0,0,0,1,0,0,-,EF,NA,NA,ORANGE,ORANGE,-117.83872985839844,33.77663803100586
8693176,2018,2018-09-28,3001,2018-08-25,2339,2312,2029,6,5,7,3001,0,0,0,NA,0,0D3,S DOUGLASS RD,EAST KATELLA AV,582,N,N,A,-,N,NA,NA,NA,NA,NA,NA,NA,NA,NA,Y,3,0,2,2,A,-,08,22102,NA,N,D,C,A,A,H,-,C,D,0,NA,NA,NA,NA,Y,Y,A,01,0,1,1,0,0,0,0,0,0,-,-,NA,NA,ORANGE,ANAHEIM,-117.87760162353516,33.80769729614258
8696047,2018,2018-10-18,3005,2018-08-10,1433,8202,C20,5,5,4,3005,0,0,0,NA,0,002,ORANGE AV,ALDERBURY ST,151,W,N,A,-,N,NA,NA,NA,NA,NA,NA,NA,NA,NA,N,3,0,1,2,A,-,11,21954,A,N,D,B,D,A,H,-,A,D,0,Y,NA,NA,NA,Y,NA,N,60,0,1,0,0,1,0,0,0,0,-,-,NA,NA,ORANGE,CYPRESS,-118.05119323730467,33.82419967651367
8699270,2018,2018-10-05,3008,2018-03-18,1922,1458,NA,7,5,6,3008,0,0,0,NA,0,002,WILSHIRE AV,FORD AV,0,NA,Y,A,-,N,NA,NA,NA,NA,NA,NA,NA,NA,NA,N,4,0,1,2,A,-,10,21950,A,N,G,B,B,B,H,-,D,A,0,Y,NA,NA,NA,Y,NA,D,22,0,0,1,0,1,0,0,0,0,-,-,NA,NA,ORANGE,FULLERTON,-117.930908203125,33.872318267822266
8700310,2018,2018-10-02,3008,2018-03-03,1846,1544,NA,6,5,6,3008,0,0,0,NA,0,0Z3,RAYMOND AV,WALNUT AV,550,S,N,B,-,N,NA,NA,NA,NA,NA,NA,NA,NA,NA,Y,4,0,2,2,A,-,05,21651,B,N,A,C,A,B,D,E,C,D,0,NA,NA,NA,NA,Y,NA,A,07,0,0,2,0,0,0,0,0,0,-,-,NA,NA,ORANGE,FULLERTON,-117.90691375732422,33.86680221557617
8701740,2018,2018-09-24,3010,2018-09-04,1414,2257,242,2,5,6,3010,0,0,0,NA,0,009,CENTER,PACIFIC PLAZA,40,W,N,A,-,N,NA,NA,NA,NA,NA,NA,NA,NA,NA,Y,4,0,1,2,A,-,03,22350,NA,N,C,C,A,A,H,-,A,A,0,NA,NA,NA,NA,Y,NA,A,07,0,0,1,0,0,0,0,0,0,-,-,NA,NA,ORANGE,HUNTINGTON BEACH,NA,NA
8702443,2018,2018-10-01,3008,2018-03-31,0924,1534,3008,6,5,6,3008,0,0,0,NA,0,002,BREA BL,HARBOR BL,0,NA,Y,A,-,N,NA,NA,NA,NA,NA,NA,NA,NA,NA,Y,3,0,1,1,A,-,03,22350,NA,N,H,A,A,A,H,-,A,D,0,NA,NA,Y,NA,Y,NA,C,03,0,1,0,0,0,0,0,0,1,-,-,NA,NA,ORANGE,FULLERTON,-117.9247589111328,33.883060455322266
8702660,2017,2018-10-03,3008,2017-12-03,1335,1531,NA,7,5,6,3008,0,0,0,NA,0,Z-2,HARBOR BL,COMMONWEALTH AV,0,NA,Y,A,-,N,NA,NA,NA,NA,NA,NA,NA,NA,NA,Y,3,0,2,2,A,-,09,21801,A,N,D,C,A,A,H,-,A,A,0,NA,NA,NA,NA,Y,NA,A,01,0,2,0,0,0,0,0,0,0,-,-,NA,NA,ORANGE,FULLERTON,-117.92431012,33.87036001
8705736,2018,2018-10-19,3004,2018-09-08,0021,P652,05,6,5,6,3004,0,0,0,NA,0,015,FULLERTON AV,FLOWER,92,S,N,A,-,N,NA,NA,NA,NA,NA,NA,NA,NA,NA,Y,3,0,1,2,A,-,01,23152,A,M,C,E,A,A,H,-,C,D,0,NA,NA,NA,Y,Y,Y,F,26,0,1,0,0,0,0,0,0,0,-,-,33.64120101928711,-117.91570281982422,ORANGE,COSTA MESA,-117.91580963134766,33.641265869140625
8706107,2018,2018-10-05,3001,2018-07-26,0833,A1218,NA,4,5,7,3001,0,0,0,NA,0,0D4,EAST NOHL RANCH RD,NORTH CANYON RIM DR,0,NA,Y,A,-,N,NA,NA,NA,NA,NA,NA,NA,NA,NA,Y,3,0,1,2,A,-,09,21801,A,N,D,C,A,A,H,-,A,A,0,NA,NA,NA,NA,Y,NA,A,01,0,1,0,0,0,0,0,0,0,-,-,NA,NA,ORANGE,ANAHEIM,-117.77597045898438,33.84328842163086
8710998,2018,2018-10-19,3007,2018-09-20,1217,250,18,4,5,5,3007,0,0,0,NA,0,002,HARBOR,LILAC,290,N,N,A,-,N,NA,NA,NA,NA,NA,NA,NA,NA,NA,Y,4,0,1,2,A,-,03,22350,NA,N,C,C,A,A,H,-,A,D,0,NA,NA,NA,NA,Y,NA,A,01,0,0,1,0,0,0,0,0,0,-,-,NA,NA,ORANGE,FOUNTAIN VALLEY,-117.91999816894533,33.73178482055664
8711579,2018,2018-11-05,3026,2018-09-25,0621,341,PORTA,2,5,6,3026,0,0,0,NA,0,009,IRVINE BL,ALLRED CENTRE,978,W,N,B,-,N,NA,NA,NA,NA,NA,NA,NA,NA,NA,Y,4,0,1,2,A,-,03,22350,NA,N,C,C,A,A,H,-,A,D,0,NA,NA,NA,Y,Y,NA,A,01,0,0,1,0,0,0,0,0,0,-,-,33.66556930541992,-117.70606994628906,ORANGE,IRVINE,-117.70645904541016,33.665740966796875
8712962,2018,2018-11-29,3000,2018-10-06,1920,9241,921E3,6,5,4,3049,0,0,0,NA,0,483,ALISO CREEK RD,ALISO VIEJO PKWY,74,N,N,A,-,N,NA,NA,NA,NA,NA,NA,NA,NA,NA,Y,4,0,1,2,A,-,03,22350,NA,N,C,C,A,A,H,-,C,A,0,NA,NA,NA,NA,Y,NA,A,01,0,0,1,0,0,0,0,0,0,-,-,NA,NA,ORANGE,ALISO VIEJO,-117.72502899169922,33.5644645690918
8713504,2018,2018-11-13,3015,2018-10-13,0618,1558,55W,6,5,6,3015,0,0,0,NA,0,221,N GLASSELL ST,EAST KATELLA AV,65,N,N,C,-,N,NA,NA,NA,NA,NA,NA,NA,NA,NA,N,4,0,1,2,A,-,03,22350,A,N,C,C,A,B,H,-,A,A,0,NA,NA,NA,NA,Y,NA,D,22,0,0,1,0,0,0,0,0,0,-,-,NA,NA,ORANGE,ORANGE,-117.85301971435548,33.809268951416016
8714723,2018,2018-10-29,3022,2018-09-29,1952,1285,NA,6,5,5,3022,0,0,0,NA,0,NA,17TH ST,LAURINDA WY,0,NA,Y,A,-,N,NA,NA,NA,NA,NA,NA,NA,NA,NA,Y,4,0,2,2,A,-,09,21801,A,N,D,C,A,A,H,-,C,A,0,NA,NA,NA,NA,Y,NA,A,07,0,0,2,0,0,0,0,0,0,-,-,33.75992965698242,-117.82241821289063,ORANGE,TUSTIN,-117.82247161865234,33.759849548339844
8715236,2018,2018-11-07,3008,2018-07-23,0048,1476,NA,1,5,6,3008,0,0,0,NA,0,021,GILBERT ST,COYOTE HILLS DR,300,S,N,A,-,N,NA,NA,NA,NA,NA,NA,NA,NA,NA,Y,3,0,1,1,A,-,01,23152,A,N,E,I,A,A,H,-,C,A,0,NA,NA,NA,NA,Y,Y,A,01,0,1,0,0,0,0,0,0,0,-,-,NA,NA,ORANGE,FULLERTON,-117.96578979492188,33.89689254760742
8715674,2018,2018-11-15,3024,2018-10-29,1210,412,34,1,5,5,3024,0,0,0,NA,0,EAST,CARNATION DR,POINSETTIA WY,0,NA,Y,A,-,N,NA,NA,NA,NA,NA,NA,NA,NA,NA,Y,4,0,1,2,A,-,09,21802,A,N,D,C,A,A,H,-,A,A,0,NA,NA,NA,NA,Y,NA,A,01,0,0,1,0,0,0,0,0,0,-,-,33.73683166503906,-117.96550750732422,ORANGE,WESTMINSTER,-117.96568298339844,33.736820220947266
8715678,2018,2018-11-15,3024,2018-10-30,1904,149,P29,2,5,5,3024,0,0,0,NA,0,EAST,BROOKHURST ST,HAZARD AV,426,S,N,A,-,N,NA,NA,NA,NA,NA,NA,NA,NA,NA,Y,4,0,2,2,A,-,09,21801,A,N,D,C,A,A,H,-,C,D,0,NA,NA,NA,NA,Y,NA,A,01,0,0,2,0,0,0,0,0,0,-,-,33.75231170654297,-117.95471954345705,ORANGE,WESTMINSTER,-117.95499420166016,33.75109100341797
8715878,2018,2018-10-16,3008,2018-04-23,0912,1511,NA,1,5,6,3008,0,0,0,NA,0,002,EAST CHAPMAN AV,N LAWRENCE AV,216,E,N,A,-,N,NA,NA,NA,NA,NA,NA,NA,NA,NA,Y,4,0,1,3,A,-,03,22350,NA,N,C,C,A,A,H,-,A,A,0,NA,NA,NA,NA,Y,NA,A,01,0,0,1,0,0,0,0,0,0,-,-,NA,NA,ORANGE,FULLERTON,NA,NA
8717740,2018,2018-10-16,3002,2018-09-26,1649,1628,NA,3,5,4,3002,0,0,0,NA,0,011,LAMBERT RD,KRAEMER BL,200,W,N,A,-,N,NA,NA,NA,NA,NA,NA,NA,NA,NA,N,4,0,1,3,A,-,03,22350,NA,N,C,C,A,A,H,-,A,A,0,NA,NA,NA,NA,Y,NA,A,01,0,0,1,0,0,0,0,0,0,-,-,NA,NA,ORANGE,BREA,-117.8639907836914,33.92327880859375
8720081,2018,2018-10-30,3000,2018-09-26,0720,6609,770B6,3,5,2,3023,0,0,0,NA,0,214,SERRANO AV,BRYNMAR DR,135,NA,N,A,-,N,NA,NA,NA,NA,NA,NA,NA,NA,NA,Y,4,0,3,2,A,-,08,22107,NA,N,A,C,A,A,H,-,A,D,0,NA,NA,NA,NA,Y,NA,A,01,0,0,3,0,0,0,0,0,0,-,-,NA,NA,ORANGE,VILLA PARK,-117.81999206542967,33.82133865356445
8721005,2018,2018-11-06,3013,2018-09-29,2133,176,L08,6,5,3,3013,0,0,0,NA,0,NA,LOS ALAMITOS BL,FARQUHAR AV,301,S,N,A,-,N,NA,NA,NA,NA,NA,NA,NA,NA,NA,Y,3,0,1,2,A,-,01,23152,A,N,C,C,A,A,H,-,C,D,0,NA,NA,NA,Y,Y,Y,A,01,0,1,0,0,0,0,0,0,0,-,-,NA,NA,ORANGE,LOS ALAMITOS,-118.07198333740234,33.79866409301758
8722193,2018,2018-11-01,3010,2018-10-17,0447,1254,166,3,5,6,3010,0,0,0,NA,0,008,BOLSA CHICA,HEIL,230,S,N,A,-,N,NA,NA,NA,NA,NA,NA,NA,NA,NA,N,3,0,1,1,C,-,18,NA,NA,N,F,A,A,A,H,-,C,D,0,NA,Y,NA,NA,Y,NA,-,-,0,1,0,0,0,0,1,0,0,-,-,NA,NA,ORANGE,HUNTINGTON BEACH,-118.04157257080078,33.72195053100586
8722217,2018,2018-11-01,3010,2018-10-11,1548,3042,421,4,5,6,3010,0,0,0,NA,0,005,YORKTOWN,MAIN ST,515,W,N,A,-,N,NA,NA,NA,NA,NA,NA,NA,NA,NA,Y,3,0,1,2,A,-,09,21804,A,N,D,D,A,A,H,-,A,D,0,NA,NA,Y,NA,Y,NA,A,01,0,1,0,0,0,0,0,0,0,-,-,NA,NA,ORANGE,HUNTINGTON BEACH,-118.0034408569336,33.679298400878906
8722735,2018,2018-11-05,3026,2018-10-01,1013,313,NA,1,5,6,3026,0,0,0,NA,0,NA,UNIVERSITY DR,CALIFORNIA,300,W,N,A,-,N,NA,NA,NA,NA,NA,NA,NA,NA,NA,Y,4,0,1,2,A,-,03,22350,NA,N,C,C,A,A,D,-,A,D,0,NA,NA,NA,NA,Y,NA,A,07,0,0,1,0,0,0,0,0,0,-,-,33.650901794433594,-117.8534698486328,ORANGE,IRVINE,-117.8545150756836,33.65074920654297
8723460,2018,2018-11-07,3024,2018-07-29,1324,409,P-33,7,5,5,3024,0,0,0,NA,0,WEST,MCFADDEN AV,MAGNOLIA ST,100,W,N,A,-,N,NA,NA,NA,NA,NA,NA,NA,NA,NA,N,4,0,1,2,A,-,09,21801,A,N,D,C,A,A,H,-,A,D,0,NA,NA,NA,NA,Y,NA,A,01,0,0,1,0,0,0,0,0,0,-,-,33.7375602722168,-117.97228240966795,ORANGE,WESTMINSTER,-117.97248840332033,33.73756790161133
8723877,2018,2018-11-21,3004,2018-10-05,1513,P656,01,5,5,6,3004,0,0,0,NA,0,015,POMONA AV,19TH ST,210,N,N,A,-,N,NA,NA,NA,NA,NA,NA,NA,NA,NA,N,3,0,1,2,A,-,03,22350,NA,N,C,C,A,A,H,-,A,D,0,NA,NA,Y,NA,Y,NA,C,02,0,1,0,0,0,0,0,0,1,-,-,33.64390182495117,-117.92759704589844,ORANGE,COSTA MESA,-117.92768096923828,33.64396667480469
8727182,2018,2018-12-14,3000,2018-09-20,2130,9186,797J2,4,5,4,3021,0,0,0,NA,0,021,BEACH BL,KATELLA AV,0,NA,Y,A,-,Y,ORA,12,39,-,-,10.68,H,-,N,N,2,0,1,2,A,-,11,21456,B,N,G,B,D,A,H,-,C,A,0,Y,NA,NA,NA,Y,NA,N,60,1,0,0,0,1,0,0,0,0,-,-,NA,NA,ORANGE,STANTON,-117.9930419921875,33.80296325683594
8733153,2018,2019-01-08,3026,2018-09-25,1219,4991,NA,2,5,6,3026,0,0,0,NA,0,NA,CULVER,RT 405,40,N,N,A,-,Y,ORA,12,405,-,-,5.463,R,4,S,N,4,0,1,3,A,-,03,22350,NA,N,C,C,A,A,H,-,A,A,0,NA,NA,NA,NA,Y,NA,A,01,0,0,1,0,0,0,0,0,0,-,SF,NA,NA,ORANGE,IRVINE,-117.8203582763672,33.66852951049805
8735231,2018,2018-11-07,3024,2018-10-19,1547,420,P27,5,5,5,3024,0,0,0,NA,0,EAST,HAZARD AV,GALWAY ST,236,E,N,A,-,N,NA,NA,NA,NA,NA,NA,NA,NA,NA,N,4,0,1,3,A,-,03,22350,NA,N,C,C,A,A,H,-,A,A,0,NA,NA,NA,NA,Y,NA,A,01,0,0,1,0,0,0,0,0,0,-,-,33.75202941894531,-117.96251678466795,ORANGE,WESTMINSTER,-117.96192169189452,33.752220153808594
8735719,2018,2019-01-09,3020,2018-10-13,1925,365,S14,6,5,4,3020,0,0,0,NA,0,003,PACIFIC COAST HWY,SEAL BEACH BL,1991,W,N,A,-,Y,ORA,12,1,-,-,32.34,H,-,N,Y,4,0,1,2,A,-,03,22350,NA,N,C,C,A,A,H,-,D,A,0,NA,NA,NA,NA,Y,NA,A,07,0,0,1,0,0,0,0,0,0,-,-,NA,NA,ORANGE,SEAL BEACH,-118.08970642089844,33.738502502441406
8735963,2019,2019-04-04,3015,2019-03-19,0755,1419,97,2,5,6,3015,0,0,0,NA,0,722,N FERN ST,E BLUERIDGE AV,100,N,N,A,-,N,NA,NA,NA,NA,NA,NA,NA,NA,NA,N,4,0,1,2,A,-,03,22350,I,N,C,E,A,A,H,-,A,D,0,NA,NA,NA,NA,Y,NA,A,01,0,0,1,0,0,0,0,0,0,-,-,NA,NA,ORANGE,ORANGE,-117.82677459716795,33.8190803527832
8738295,2018,2018-12-03,3008,2018-11-02,1733,1544,NA,5,5,6,3008,0,0,0,NA,0,Z   2,VALENCIA DR,RICHMAN AV,212,E,N,A,-,N,NA,NA,NA,NA,NA,NA,NA,NA,NA,Y,4,0,1,4,A,-,01,23152,F,N,C,E,A,A,H,-,A,A,0,NA,NA,NA,NA,Y,NA,A,01,0,0,1,0,0,0,0,0,0,-,-,NA,NA,ORANGE,FULLERTON,-117.93240356445313,33.866241455078125
8745335,2018,2018-12-05,3008,2018-09-05,2103,1515,NA,3,5,6,3008,0,0,0,NA,0,Z-1,EUCLID ST,CHAPMAN AV,0,NA,Y,A,-,N,NA,NA,NA,NA,NA,NA,NA,NA,NA,Y,3,0,1,2,A,-,12,21453,A,N,D,C,A,A,H,-,C,A,0,NA,NA,NA,NA,Y,NA,A,01,0,1,0,0,0,0,0,0,0,-,-,NA,NA,ORANGE,FULLERTON,-117.94200897216795,33.87382125854492
8745846,2018,2018-11-26,3008,2018-05-18,1124,1544,NA,5,5,6,3008,0,0,0,NA,0,Z02,CHAPMAN AV,LEMON ST,0,NA,Y,A,-,N,NA,NA,NA,NA,NA,NA,NA,NA,NA,Y,4,0,1,4,A,-,09,21453,C,N,D,C,A,A,H,-,A,A,0,NA,NA,NA,NA,Y,NA,A,01,0,0,1,0,0,0,0,0,0,-,-,NA,NA,ORANGE,FULLERTON,-117.91985321044922,33.874019622802734
8746111,2018,2018-12-04,3014,2018-10-25,0920,1146,RD34,4,5,5,3014,0,0,0,NA,0,0A3,BRISTOL ST SOUTH,JAMBOREE RD,29,W,N,A,-,N,NA,NA,NA,NA,NA,NA,NA,NA,NA,N,4,0,1,2,A,-,05,21650,1,N,H,G,A,A,H,-,A,A,0,NA,Y,NA,NA,Y,NA,L,04,0,0,1,0,0,0,1,0,0,-,-,33.65481185913086,-117.8654327392578,ORANGE,NEWPORT BEACH,-117.865478515625,33.65500259399414
8748243,2018,2019-01-25,3001,2018-11-18,1243,A15555,NA,7,5,7,3001,0,0,0,NA,0,0D2,N EUCLID ST,WEST GLEN AV,0,NA,Y,A,-,N,NA,NA,NA,NA,NA,NA,NA,NA,NA,Y,3,0,1,2,A,-,09,21801,A,N,D,C,A,A,H,-,A,A,0,NA,NA,NA,NA,Y,NA,A,01,0,1,0,0,0,0,0,0,0,-,-,NA,NA,ORANGE,ANAHEIM,-117.9416732788086,33.848201751708984
8748302,2018,2019-01-17,3001,2018-11-20,0601,40555,NA,2,5,7,3001,0,0,0,NA,0,0D2,HARBOR BL,NORTH ST,443,N,N,A,-,N,NA,NA,NA,NA,NA,NA,NA,NA,NA,Y,3,0,1,1,A,-,08,22107,NA,N,E,I,A,A,H,-,C,D,0,NA,NA,NA,NA,Y,NA,A,01,0,1,0,0,0,0,0,0,0,-,-,NA,NA,ORANGE,ANAHEIM,-117.92284393310548,33.84412384033203
8749736,2018,2019-01-28,3014,2018-11-20,1231,1146,RD34,2,5,5,3014,0,0,0,NA,0,0A3,JAMBOREE RD,BRISTOL ST SOUTH,0,NA,Y,A,-,Y,ORA,12,73,-,-,24.49,R,4,S,Y,4,0,1,2,A,-,08,22101,D,N,D,C,A,A,H,-,A,A,0,NA,NA,NA,NA,Y,NA,A,01,0,0,1,0,0,0,0,0,0,-,-,33.65480041503906,-117.86519622802734,ORANGE,NEWPORT BEACH,-117.862548828125,33.65223693847656
8749973,2018,2019-01-28,3012,2018-10-31,0739,656,44,3,5,5,3012,0,0,0,NA,0,004,IMPERIAL HWY,CYPRESS ST,0,NA,Y,A,-,Y,ORA,12,90,-,-,1.88,H,-,E,Y,4,0,1,3,A,-,03,22350,NA,N,C,C,A,A,H,-,A,A,0,NA,NA,NA,NA,Y,NA,A,01,0,0,1,0,0,0,0,0,0,-,-,NA,NA,ORANGE,LA HABRA,-117.94410705566406,33.91727066040039
8751853,2018,2018-12-07,3026,2018-10-05,0721,341,CROSS,5,5,6,3026,0,0,0,NA,0,004,WALNUT AV,YALE AV,0,NA,Y,A,-,N,NA,NA,NA,NA,NA,NA,NA,NA,NA,Y,4,0,2,2,A,-,09,21453,C,N,A,C,A,A,H,-,A,A,0,NA,NA,NA,NA,Y,NA,A,01,0,0,2,0,0,0,0,0,0,-,-,33.69797897338867,-117.7781982421875,ORANGE,IRVINE,-117.77825927734376,33.69816970825195
8751921,2018,2018-12-20,3026,2018-11-15,1546,559,PORTI,4,5,6,3026,0,0,0,NA,0,00P,JEFFREY RD,PORTOLA PKWY,1122,E,N,A,-,N,NA,NA,NA,NA,NA,NA,NA,NA,NA,Y,2,0,2,2,A,-,08,22107,NA,N,A,C,A,A,H,-,A,D,0,NA,NA,NA,Y,Y,NA,A,01,1,0,1,0,0,0,0,0,0,-,-,NA,NA,ORANGE,IRVINE,-117.74260711669922,33.7154426574707
8753468,2018,2019-02-12,3000,2018-12-06,1752,7734,891G6,4,5,5,3050,0,0,0,NA,0,762,EL TORO RD,JUTEWOOD PL,20,E,N,C,-,N,NA,NA,NA,NA,NA,NA,NA,NA,NA,N,4,0,1,2,A,-,03,22350,NA,N,C,C,A,B,H,-,C,D,0,NA,NA,NA,NA,Y,NA,I,11,0,0,1,0,0,0,0,0,0,-,-,NA,NA,ORANGE,LAKE FOREST,-117.69889831542967,33.62195587158203
8755112,2018,2018-12-27,3000,2018-11-11,1125,2621,NA,7,5,3,3051,0,0,0,NA,0,080,MOULTON PKWY,VIA CAMPO VERDE,751,S,N,A,-,N,NA,NA,NA,NA,NA,NA,NA,NA,NA,N,4,0,1,2,A,-,09,21801,A,N,D,C,A,A,H,-,A,D,0,NA,NA,NA,NA,Y,NA,A,01,0,0,1,0,0,0,0,0,0,-,-,NA,NA,ORANGE,LAGUNA WOODS,-117.72201538085938,33.60693359375
8756324,2018,2019-01-03,3026,2018-11-07,1740,6352,NA,3,5,6,3026,0,0,0,NA,0,NA,ALTON PKWY,MORGAN,136,N,N,B,-,N,NA,NA,NA,NA,NA,NA,NA,NA,NA,Y,4,0,2,3,A,-,03,22350,NA,N,C,C,A,A,H,-,C,A,0,NA,NA,NA,Y,Y,NA,G,27,0,0,2,0,0,0,0,0,0,-,-,33.65372848510742,-117.71443939208984,ORANGE,IRVINE,-117.7141571044922,33.6540412902832
8758103,2018,2019-01-25,3024,2018-12-05,1823,420,P40,3,5,5,3024,0,0,0,NA,0,EAST,BROOKHURST ST,MCFADDEN AV,400,S,N,C,-,N,NA,NA,NA,NA,NA,NA,NA,NA,NA,N,4,0,1,3,A,-,01,23152,A,N,C,C,A,B,H,-,C,A,0,NA,NA,NA,NA,Y,Y,A,01,0,0,1,0,0,0,0,0,0,-,-,NA,NA,ORANGE,WESTMINSTER,-117.95484161376952,33.7365837097168
8759275,2018,2018-12-19,3026,2018-11-06,1717,7094,PORTO,2,5,6,3026,0,0,0,NA,0,007,IRVINE BL,CULVER DR,515,W,N,A,-,N,NA,NA,NA,NA,NA,NA,NA,NA,NA,Y,4,0,1,2,A,-,09,21801,A,N,D,C,A,A,H,-,B,D,0,NA,NA,NA,NA,Y,NA,A,01,0,0,1,0,0,0,0,0,0,-,-,33.72100067138672,-117.77089691162108,ORANGE,IRVINE,-117.7724380493164,33.722312927246094
8759455,2018,2019-01-23,3009,2018-11-11,1149,4576,095,7,5,6,3009,0,0,0,NA,0,1-3,TRASK AV,GALWAY ST,90,W,N,A,-,N,NA,NA,NA,NA,NA,NA,NA,NA,NA,N,3,0,1,2,A,-,05,21650,1,N,G,G,A,A,H,-,A,D,0,NA,Y,NA,NA,Y,NA,L,04,0,1,0,0,0,0,1,0,0,-,-,NA,NA,ORANGE,GARDEN GROVE,-117.96358489990234,33.766719818115234
8760003,2018,2019-01-28,3024,2018-11-27,0041,400,P-99,2,5,5,3024,0,0,0,NA,0,NA,RT 39,MCFADDEN AV,0,NA,Y,A,-,Y,ORA,12,39,-,-,6.141,I,5,S,Y,3,0,2,2,A,-,12,21453,A,N,D,C,A,A,H,-,C,A,0,NA,NA,NA,NA,Y,NA,A,01,0,1,1,0,0,0,0,0,0,-,-,33.73762130737305,-117.98924255371094,ORANGE,WESTMINSTER,-117.98954010009766,33.737457275390625
8765102,2018,2019-01-24,3001,2018-08-29,1123,1410,NA,3,5,7,3001,0,0,0,NA,0,0D1,RT 39,BALL RD,330,S,N,A,-,Y,ORA,12,39,-,-,11.6,H,-,S,N,4,0,2,2,A,-,03,22350,NA,N,C,C,A,A,H,-,A,D,0,NA,NA,NA,NA,Y,NA,A,07,0,0,2,0,0,0,0,0,0,-,-,NA,NA,ORANGE,ANAHEIM,-117.9933853149414,33.816322326660156
8765200,2018,2019-02-04,3012,2018-11-02,1114,623,31,5,5,5,3012,0,0,0,NA,0,003,BEACH BL,LA HABRA BL,0,NA,Y,A,-,Y,ORA,12,39,-,-,20.171,I,5,S,N,4,0,1,2,A,-,09,21453,B,N,D,G,A,A,H,-,A,A,0,NA,Y,NA,NA,Y,NA,A,01,0,0,1,0,0,0,1,0,0,-,-,NA,NA,ORANGE,LA HABRA,-117.9679718017578,33.93230438232422
8766374,2018,2019-01-03,3000,2018-09-15,2300,9143,798A4,6,5,4,3021,0,0,0,NA,0,423,DALE AV,CHAPMAN AV,82,S,N,A,-,N,NA,NA,NA,NA,NA,NA,NA,NA,NA,Y,3,0,1,2,A,-,01,23152,A,N,B,C,A,A,H,-,C,A,0,NA,NA,NA,NA,Y,Y,A,01,0,1,0,0,0,0,0,0,0,-,-,NA,NA,ORANGE,STANTON,-117.98413848876952,33.788204193115234
8768060,2018,2019-02-04,3024,2018-11-20,1924,147,P-12,2,5,5,3024,0,0,0,NA,0,WEST,RT 39,18TH ST,0,NA,Y,A,-,Y,ORA,12,39,-,-,7.761,I,5,S,Y,4,0,2,2,A,-,09,21801,A,N,D,C,A,A,H,-,C,A,0,NA,NA,NA,NA,Y,NA,A,01,0,0,2,0,0,0,0,0,0,-,-,NA,NA,ORANGE,WESTMINSTER,-117.98979949951172,33.76110076904297
8768080,2018,2019-01-31,3004,2018-11-11,2316,P667,07,7,5,6,3004,0,0,0,NA,0,015,22ND ST,NEWPORT BL,0,NA,Y,A,-,N,NA,NA,NA,NA,NA,NA,NA,NA,NA,N,4,0,1,2,A,-,12,21453,A,N,D,C,A,A,H,-,C,A,0,NA,NA,NA,NA,Y,NA,A,07,0,0,1,0,0,0,0,0,0,-,-,33.65169906616211,-117.90799713134766,ORANGE,COSTA MESA,-117.90821075439452,33.65161895751953
8768132,2018,2019-02-04,3010,2018-12-13,0248,1203,472,4,5,6,3010,0,0,0,NA,0,002,RT39,RT 1,56,W,N,A,-,Y,ORA,12,1,-,-,23.739,I,6,S,Y,4,0,1,1,A,-,03,22350,A,M,A,I,A,A,H,-,C,A,0,NA,NA,NA,NA,Y,NA,A,01,0,0,1,0,0,0,0,0,0,-,-,33.38533020019531,-117.59162902832033,ORANGE,HUNTINGTON BEACH,-117.98829650878906,33.648494720458984