CASE_ID,ACCIDENT_YEAR,PROC_DATE,JURIS,COLLISION_DATE,COLLISION_TIME,OFFICER_ID,REPORTING_DISTRICT,DAY_OF_WEEK,CHP_SHIFT,POPULATION,CNTY_CITY_LOC,SPECIAL_COND,BEAT_TYPE,CHP_BEAT_TYPE,CITY_DIVISION_LAPD,CHP_BEAT_CLASS,BEAT_NUMBER,PRIMARY_RD,SECONDARY_RD,DISTANCE,DIRECTION,INTERSECTION,WEATHER_1,WEATHER_2,STATE_HWY_IND,CALTRANS_COUNTY,CALTRANS_DISTRICT,STATE_ROUTE,ROUTE_SUFFIX,POSTMILE_PREFIX,POSTMILE,LOCATION_TYPE,RAMP_INTERSECTION,SIDE_OF_HWY,TOW_AWAY,COLLISION_SEVERITY,NUMBER_KILLED,NUMBER_INJURED,PARTY_COUNT,PRIMARY_COLL_FACTOR,PCF_CODE_OF_VIOL,PCF_VIOL_CATEGORY,PCF_VIOLATION,PCF_VIOL_SUBSECTION,HIT_AND_RUN,TYPE_OF_COLLISION,MVIW,PED_ACTION,ROAD_SURFACE,ROAD_COND_1,ROAD_COND_2,LIGHTING,CONTROL_DEVICE,CHP_ROAD_TYPE,PEDESTRIAN_ACCIDENT,BICYCLE_ACCIDENT,MOTORCYCLE_ACCIDENT,TRUCK_ACCIDENT,NOT_PRIVATE_PROPERTY,ALCOHOL_INVOLVED,STWD_VEHTYPE_AT_FAULT,CHP_VEHTYPE_AT_FAULT,COUNT_SEVERE_INJ,COUNT_VISIBLE_INJ,COUNT_COMPLAINT_PAIN,COUNT_PED_KILLED,COUNT_PED_INJURED,COUNT_BICYCLIST_KILLED,COUNT_BICYCLIST_INJURED,COUNT_MC_KILLED,COUNT_MC_INJURED,PRIMARY_RAMP,SECONDARY_RAMP,LATITUDE,LONGITUDE,COUNTY,CITY,POINT_X,POINT_Y
8768184,2018,2019-02-04,3015,2018-12-08,1640,1372,41E,6,5,6,3015,0,0,0,NA,0,732,CITY DR NORTH,RT 5,0,NA,Y,A,-,Y,ORA,12,5,-,-,35.684,R,4,S,N,4,0,3,2,A,-,07,21658,A,N,B,C,A,A,H,-,B,D,0,NA,NA,NA,NA,Y,NA,A,01,0,0,3,0,0,0,0,0,0,-,SF,NA,NA,ORANGE,ORANGE,-117.89591217041016,33.79682159423828
8769590,2018,2019-01-08,3001,2018-10-05,1300,A1355,NA,5,5,7,3001,0,0,0,NA,0,0D1,WEST BALL RD,S SHERRILL ST,66,E,N,A,-,N,NA,NA,NA,NA,NA,NA,NA,NA,NA,Y,3,0,1,3,A,-,03,22350,NA,N,C,C,A,A,H,-,A,A,0,NA,NA,NA,NA,Y,NA,A,01,0,1,0,0,0,0,0,0,0,-,-,NA,NA,ORANGE,ANAHEIM,-117.97948455810548,33.81755828857422
8771504,2018,2019-01-02,3000,2018-09-16,1846,8692,972H7,7,5,5,3017,0,0,0,NA,0,4A7,VIA BLANCO,E CALLE VALLARTA,410,E,N,A,-,N,NA,NA,NA,NA,NA,NA,NA,NA,NA,Y,4,0,1,2,A,-,08,22107,NA,N,C,E,A,A,H,-,A,D,0,NA,NA,NA,NA,Y,NA,A,01,0,0,1,0,0,0,0,0,0,-,-,NA,NA,ORANGE,SAN CLEMENTE,-117.62477111816406,33.46033477783203
8772381,2018,2019-01-09,3005,2018-12-21,1846,8095,C34,5,5,4,3005,0,0,0,NA,0,003,VALLEY VIEW ST,PLAZA DR,85,S,N,A,-,N,NA,NA,NA,NA,NA,NA,NA,NA,NA,Y,4,0,2,2,A,-,01,23152,NA,N,C,C,A,A,H,-,C,A,0,NA,NA,NA,NA,Y,Y,A,01,0,0,2,0,0,0,0,0,0,-,-,NA,NA,ORANGE,CYPRESS,-118.02840423583984,33.80543518066406
8773575,2018,2019-02-04,3001,2018-10-13,1557,2368,NA,6,5,7,3001,0,0,0,NA,0,NA,N EUCLID ST,RT 5,50,S,N,B,-,Y,ORA,12,5,-,-,39.83,R,4,S,N,4,0,1,2,A,-,07,21658,A,N,B,C,A,B,H,-,A,A,0,NA,NA,NA,NA,Y,NA,-,-,0,0,1,0,0,0,0,0,0,-,SO,NA,NA,ORANGE,ANAHEIM,-117.94625854492188,33.83807373046875
8775484,2018,2019-01-15,3013,2018-11-05,1016,193,C36,1,5,3,3013,0,0,0,NA,0,004,CERRITOS AV,CHESTNUT ST,0,NA,Y,A,-,N,NA,NA,NA,NA,NA,NA,NA,NA,NA,Y,4,0,1,2,A,-,07,21658,NA,N,B,C,A,A,H,-,A,D,0,NA,NA,NA,NA,Y,NA,A,01,0,0,1,0,0,0,0,0,0,-,-,NA,NA,ORANGE,LOS ALAMITOS,-118.07314300537108,33.81037902832031
8775641,2018,2019-01-10,3000,2018-05-29,1058,10077,891G6,2,5,5,3050,0,0,0,NA,0,764,EL TORO RD,RAYMOND WY,63,W,N,A,-,N,NA,NA,NA,NA,NA,NA,NA,NA,NA,Y,4,0,3,2,A,-,03,22350,NA,N,C,C,A,A,H,-,A,A,0,NA,NA,NA,NA,Y,NA,A,01,0,0,3,0,0,0,0,0,0,-,-,NA,NA,ORANGE,LAKE FOREST,-117.70075988769533,33.62044143676758
8776206,2018,2019-01-30,3001,2018-11-24,0038,415,D2,6,5,7,3001,0,0,0,NA,0,NA,N EUCLID ST,WEST GLENOAKS AV,125,N,N,A,-,N,NA,NA,NA,NA,NA,NA,NA,NA,NA,Y,3,0,4,2,A,-,09,21804,A,N,D,C,A,A,H,-,C,A,0,NA,NA,NA,NA,Y,NA,A,01,0,3,1,0,0,0,0,0,0,-,-,NA,NA,ORANGE,ANAHEIM,-117.94161987304688,33.843292236328125
8777618,2019,2019-02-04,3001,2019-01-08,1443,1410,NA,2,5,7,3001,0,0,0,NA,0,0D3,EAST KATELLA AV,S ANAHEIM WY,0,NA,Y,A,-,N,NA,NA,NA,NA,NA,NA,NA,NA,NA,Y,4,0,1,2,D,-,00,NA,NA,N,D,C,A,A,H,-,A,A,0,NA,NA,NA,NA,Y,NA,-,-,0,0,1,0,0,0,0,0,0,-,-,NA,NA,ORANGE,ANAHEIM,-117.90091705322266,33.80342102050781
8779951,2018,2019-02-20,3014,2018-12-31,1405,1395,RD44,1,5,5,3014,0,0,0,NA,0,0A4,RT 1,DAHLIA AV,0,NA,Y,A,-,N,NA,NA,NA,NA,NA,NA,NA,NA,NA,Y,4,0,1,2,A,-,09,21801,A,M,F,A,A,A,H,-,A,D,0,NA,NA,Y,NA,Y,NA,A,08,0,0,1,0,0,0,0,0,1,-,-,33.602699279785156,-117.87329864501952,ORANGE,NEWPORT BEACH,-117.8759994506836,33.6002197265625
8783426,2018,2019-01-26,3008,2018-10-31,0821,1502,NA,3,5,6,3008,0,0,0,NA,0,0Z2,HARBOR BL,BROOKDALE AV,300,N,N,A,-,N,NA,NA,NA,NA,NA,NA,NA,NA,NA,N,4,0,2,3,A,-,03,22350,NA,N,C,C,A,A,H,-,A,D,0,NA,NA,NA,NA,Y,NA,A,01,0,0,2,0,0,0,0,0,0,-,-,NA,NA,ORANGE,FULLERTON,-117.92433166503906,33.87724304199219
8786276,2019,2019-02-05,3015,2019-01-11,1118,1386,61,5,5,6,3015,0,0,0,NA,0,711,CULVER AV,DEVON ST,100,W,N,A,-,N,NA,NA,NA,NA,NA,NA,NA,NA,NA,Y,3,0,1,2,A,-,09,21804,A,N,D,C,A,A,H,-,A,D,0,NA,NA,NA,NA,Y,NA,A,01,0,1,0,0,0,0,0,0,0,-,-,NA,NA,ORANGE,ORANGE,-117.87155151367188,33.78215408325195
8786364,2019,2019-02-02,3015,2019-01-08,1858,1594,21W,2,5,6,3015,0,0,0,NA,0,111,SOUTH LEWIS ST,WEST CHAPMAN AV,658,S,N,A,-,N,NA,NA,NA,NA,NA,NA,NA,NA,NA,Y,4,0,2,3,A,-,03,22350,NA,M,C,C,A,A,H,-,C,A,0,NA,NA,NA,NA,Y,NA,-,NA,0,0,2,0,0,0,0,0,0,-,-,NA,NA,ORANGE,ORANGE,-117.89749145507813,33.78705596923828
8789253,2019,2019-02-07,3022,2019-01-15,1226,1193,NORTH,2,5,5,3022,0,0,0,NA,0,NA,YORBA ST,BONNER DR,0,NA,Y,B,-,N,NA,NA,NA,NA,NA,NA,NA,NA,NA,Y,3,0,1,1,A,-,08,22107,NA,N,E,I,A,B,H,-,A,D,0,NA,NA,NA,NA,Y,NA,A,08,0,1,0,0,0,0,0,0,0,-,-,33.76300811767578,-117.8271484375,ORANGE,TUSTIN,-117.82707214355467,33.7630615234375
8792405,2018,2019-02-14,3001,2018-12-03,1337,1007,NA,1,5,7,3001,0,0,0,NA,0,0D2,BALL RD,ROBERTS ST,25,E,N,A,-,N,NA,NA,NA,NA,NA,NA,NA,NA,NA,N,3,0,1,2,A,-,03,22350,NA,N,C,C,A,A,H,-,A,D,0,NA,NA,NA,NA,Y,NA,A,01,0,1,0,0,0,0,0,0,0,-,-,NA,NA,ORANGE,ANAHEIM,-117.9397201538086,33.817989349365234
8792728,2018,2019-02-21,3001,2018-12-02,0955,1839,1,7,5,7,3001,0,0,0,NA,0,013,WEST ORANGE AV,SOUTH GILBERT ST,3,E,N,A,-,N,NA,NA,NA,NA,NA,NA,NA,NA,NA,NA,3,0,1,2,A,-,09,21804,A,N,G,G,A,A,H,-,A,A,0,NA,Y,NA,NA,Y,NA,L,04,0,1,0,0,0,0,1,0,0,-,-,NA,NA,ORANGE,ANAHEIM,-117.96759033203124,33.82495880126953
8796104,2018,2019-02-11,3008,2018-11-24,1424,1511,ZONE1,6,5,6,3008,0,0,0,NA,0,NA,ROSECRANS AV,SUNNY RIDGE DR,0,NA,Y,B,-,N,NA,NA,NA,NA,NA,NA,NA,NA,NA,Y,3,0,2,2,A,-,03,22350,NA,N,D,C,A,B,H,-,A,A,0,NA,NA,NA,NA,Y,NA,A,01,0,1,1,0,0,0,0,0,0,-,-,NA,NA,ORANGE,FULLERTON,-117.97029876708984,33.895511627197266
8797595,2019,2019-02-11,3010,2019-01-27,1639,1259,349,7,5,6,3010,0,0,0,NA,0,004,WALNUT AV,17TH ST,0,NA,Y,A,-,N,NA,NA,NA,NA,NA,NA,NA,NA,NA,Y,3,0,2,2,A,-,01,23152,A,N,D,C,A,A,H,-,A,A,0,NA,NA,NA,NA,Y,Y,A,07,0,1,1,0,0,0,0,0,0,-,-,NA,NA,ORANGE,HUNTINGTON BEACH,-118.01164245605467,33.66558837890625
8798504,2019,2019-02-21,3014,2019-01-24,2132,1471,RD34,4,5,5,3014,0,0,0,NA,0,0A3,BRISTOL ST S,JAMBOREE RD,0,NA,Y,A,-,N,NA,NA,NA,NA,NA,NA,NA,NA,NA,Y,3,0,2,2,A,-,12,21453,A,N,D,C,A,A,H,-,C,-,0,NA,NA,NA,NA,Y,NA,A,07,0,1,1,0,0,0,0,0,0,-,-,33.65489959716797,-117.86530303955078,ORANGE,NEWPORT BEACH,-117.86540985107422,33.65494918823242
8802100,2018,2019-03-04,3000,2018-11-02,1446,5013,921F7,5,5,5,3040,0,0,0,NA,0,741,ALICIA PKWY,AVILA RD,0,NA,Y,A,-,N,NA,NA,NA,NA,NA,NA,NA,NA,NA,Y,4,0,1,2,A,-,12,21453,A,N,D,C,A,A,H,-,A,A,0,NA,NA,NA,NA,Y,NA,A,01,0,0,1,0,0,0,0,0,0,-,-,NA,NA,ORANGE,LAGUNA NIGUEL,-117.71575164794922,33.56275177001953
8802736,2019,2019-02-21,3007,2019-02-05,0801,1139,52,2,5,5,3007,0,0,0,NA,0,001,MAGNOLIA,LA ROCA,100,N,N,B,-,N,NA,NA,NA,NA,NA,NA,NA,NA,NA,N,4,0,2,3,A,-,03,22350,NA,N,C,C,A,B,H,-,A,A,0,NA,NA,NA,NA,Y,NA,A,01,0,0,2,0,0,0,0,0,0,-,-,NA,NA,ORANGE,FOUNTAIN VALLEY,-117.97195434570313,33.703773498535156
8805208,2018,2019-02-26,3000,2018-12-27,1300,10576,922B4,4,5,5,3028,0,0,0,NA,0,753,OSO PKWY,MONTANOSO DR,69,E,N,A,-,N,NA,NA,NA,NA,NA,NA,NA,NA,NA,Y,4,0,1,2,A,-,08,22107,NA,N,D,C,A,A,H,-,A,D,0,NA,NA,NA,NA,Y,NA,A,07,0,0,1,0,0,0,0,0,0,-,-,NA,NA,ORANGE,MISSION VIEJO,-117.66542053222656,33.582054138183594
8805219,2019,2019-02-27,3000,2019-01-15,1645,9696,951J1,2,5,5,3040,0,0,0,NA,0,743,CROWN VALLEY PKWY,GREENFIELD DR,127,E,N,C,-,N,NA,NA,NA,NA,NA,NA,NA,NA,NA,Y,3,0,3,2,A,-,03,22350,NA,N,C,C,A,B,H,-,A,A,0,NA,NA,NA,NA,Y,NA,A,07,0,1,2,0,0,0,0,0,0,-,-,NA,NA,ORANGE,LAGUNA NIGUEL,-117.68498992919922,33.55397415161133
8805314,2019,2019-02-26,3005,2019-02-07,1828,8193,C23,4,5,4,3005,0,0,0,NA,0,002,ORANGE AV,JUANITA ST,7,E,N,A,-,N,NA,NA,NA,NA,NA,NA,NA,NA,NA,N,4,0,1,3,A,-,09,21802,A,N,D,C,A,A,H,-,C,D,0,NA,NA,NA,NA,Y,NA,A,01,0,0,1,0,0,0,0,0,0,-,-,NA,NA,ORANGE,CYPRESS,-118.02393341064452,33.82447814941406
8807211,2019,2019-03-11,3015,2019-02-17,1252,1507,032E,7,5,6,3015,0,0,0,NA,0,721,W MAPLE AV,N OLIVE ST,0,NA,Y,C,-,N,NA,NA,NA,NA,NA,NA,NA,NA,NA,N,3,0,1,2,A,-,09,21802,A,N,D,C,A,B,H,-,A,A,0,NA,NA,NA,NA,Y,NA,A,01,0,1,0,0,0,0,0,0,0,-,-,NA,NA,ORANGE,ORANGE,-117.85417938232422,33.78968048095703
8808095,2019,2019-06-07,3004,2019-03-21,0852,P648,NA,4,5,6,3004,0,0,0,NA,0,008,FAIRVIEW RD,PIRATE WY,0,NA,Y,B,-,N,NA,NA,NA,NA,NA,NA,NA,NA,NA,N,3,0,1,2,A,-,09,21804,A,N,G,B,B,A,H,-,A,A,0,Y,NA,NA,NA,Y,NA,N,60,0,1,0,0,1,0,0,0,0,-,-,33.67055892944336,-117.9078369140625,ORANGE,COSTA MESA,-117.907837,33.670559
8808189,2018,2019-05-29,3019,2018-09-08,0605,3317,WE,6,5,7,3019,0,0,0,NA,0,001,BRISTOL ST,MEMORY LN,14,S,N,A,-,N,NA,NA,NA,NA,NA,NA,NA,NA,NA,N,1,1,0,2,A,-,11,21461,5,N,G,B,B,A,H,-,C,A,0,Y,NA,NA,NA,Y,NA,N,60,0,0,0,1,0,0,0,0,0,-,-,NA,NA,ORANGE,SANTA ANA,-117.88484954833984,33.77309036254883
8809993,2019,2019-03-08,3014,2019-02-25,1027,1253,RD34,1,5,5,3014,0,0,0,NA,0,0A3,JAMBOREE RD,BRISTOL ST N,0,NA,Y,A,-,N,NA,NA,NA,NA,NA,NA,NA,NA,NA,Y,3,0,3,2,A,-,12,21453,A,N,A,C,A,A,H,-,A,A,0,NA,NA,NA,NA,Y,NA,A,08,0,3,0,0,0,0,0,0,0,-,-,33.65589904785156,-117.864501953125,ORANGE,NEWPORT BEACH,-117.8644790649414,33.655818939208984
8812769,2019,2019-04-03,3000,2019-02-21,1628,2785,951E1,4,5,4,3049,0,0,0,NA,0,784,ALISO CREEK,PURSUIT,0,NA,Y,B,-,N,NA,NA,NA,NA,NA,NA,NA,NA,NA,Y,4,0,1,2,A,-,12,21453,A,N,D,C,A,A,H,-,A,A,0,NA,NA,NA,NA,Y,NA,-,-,0,0,1,0,0,0,0,0,0,-,-,NA,NA,ORANGE,ALISO VIEJO,-117.72379302978516,33.55733108520508
8812800,2019,2019-03-12,3000,2019-01-28,1433,9129,891F7,1,5,4,3045,0,0,0,NA,0,146,PASEO DE VALENCIA,CALLE MAGDALENA,0,NA,Y,A,-,N,NA,NA,NA,NA,NA,NA,NA,NA,NA,Y,4,0,2,2,A,-,12,21453,A,N,D,C,A,A,H,-,A,A,0,NA,NA,NA,NA,Y,NA,A,01,0,0,2,0,0,0,0,0,0,-,-,NA,NA,ORANGE,LAGUNA HILLS,-117.71150970458984,33.60823059082031
8813893,2018,2019-03-27,3000,2018-12-07,0048,9186,797J6,5,5,4,3021,0,0,0,NA,0,023,BEACH BL,STANFORD AV,0,NA,Y,A,-,Y,ORA,12,39,-,-,8.91,H,-,S,N,2,0,1,2,A,-,11,21954,A,N,G,B,D,A,H,-,C,A,0,Y,NA,NA,NA,Y,NA,N,60,1,0,0,0,1,0,0,0,0,-,-,NA,NA,ORANGE,STANTON,-117.99295043945313,33.77720260620117
8818301,2019,2019-03-21,3007,2019-02-07,1311,284,461,4,5,5,3007,0,0,0,NA,0,001,SLATER,WARD,0,NA,Y,A,-,N,NA,NA,NA,NA,NA,NA,NA,NA,NA,N,4,0,2,2,A,-,09,21801,A,N,A,C,A,A,H,-,A,A,0,NA,NA,NA,NA,Y,NA,A,01,0,0,2,0,0,0,0,0,0,-,-,NA,NA,ORANGE,FOUNTAIN VALLEY,-117.94570159912108,33.709041595458984
8819252,2019,2019-05-15,3014,2019-02-27,0757,1435,RD16,3,5,5,3014,0,0,0,NA,0,0A1,RT 1,BALBOA BL,187,E,N,B,-,Y,ORA,12,1,-,-,20.28,H,-,S,Y,2,0,2,3,A,-,01,23153,F,N,D,G,A,A,H,-,A,D,0,NA,Y,NA,NA,Y,NA,A,08,2,0,0,0,0,0,2,0,0,-,-,33.62229919433594,-117.93779754638672,ORANGE,NEWPORT BEACH,-117.93773651123048,33.62236785888672
8819373,2019,2019-05-08,3012,2019-02-09,1346,623,13,6,5,5,3012,0,0,0,NA,0,001,WHITTIER BL,KOOPMANS WY,251,W,N,A,-,Y,ORA,12,72,-,-,11.77,H,-,S,N,4,0,1,2,A,-,09,21801,A,N,-,C,A,A,H,-,A,D,0,NA,NA,Y,NA,Y,NA,A,01,0,0,1,0,0,0,0,0,1,-,-,NA,NA,ORANGE,LA HABRA,-117.97397613525392,33.93989944458008
8819713,2019,2019-03-14,3009,2019-02-17,1920,4431,032,7,5,6,3009,0,0,0,NA,0,011,CHAPMAN AV,KNOTT ST,0,NA,Y,A,-,N,NA,NA,NA,NA,NA,NA,NA,NA,NA,Y,4,0,1,2,A,-,09,21801,A,N,A,C,A,A,H,-,C,A,0,NA,NA,NA,NA,Y,NA,A,01,0,0,1,0,0,0,0,0,0,-,-,33.78799819946289,-118.01110076904295,ORANGE,GARDEN GROVE,-118.01113128662108,33.788299560546875
8819881,2019,2019-03-27,3007,2019-01-30,1159,250,56,3,5,5,3007,0,0,0,NA,0,003,EUCLID,TALBERT,0,NA,Y,A,-,N,NA,NA,NA,NA,NA,NA,NA,NA,NA,Y,3,0,2,2,A,-,12,21453,A,N,D,C,A,A,H,-,A,A,0,NA,NA,NA,NA,Y,NA,A,07,0,1,1,0,0,0,0,0,0,-,-,NA,NA,ORANGE,FOUNTAIN VALLEY,-117.93702697753906,33.70193099975586
8826758,2019,2019-04-08,3005,2019-03-16,1321,8073,C14,6,5,4,3005,0,0,0,NA,0,001,KALANI ST,MASSIMO DR,33,N,N,A,-,N,NA,NA,NA,NA,NA,NA,NA,NA,NA,N,4,0,1,2,A,-,-,NA,NA,N,D,E,A,A,H,-,A,D,0,NA,NA,NA,Y,Y,NA,A,07,0,0,1,0,0,0,0,0,0,-,-,NA,NA,ORANGE,CYPRESS,NA,NA
8826802,2019,2019-03-27,3000,2019-02-22,1740,2849,862G4,5,5,5,3050,0,0,0,NA,0,762,EL TORO RD,RIDGELINE DR,187,E,N,A,-,N,NA,NA,NA,NA,NA,NA,NA,NA,NA,Y,2,0,1,2,A,-,09,21804,A,N,D,C,A,A,H,-,D,A,0,NA,NA,NA,NA,Y,NA,A,01,1,0,0,0,0,0,0,0,0,-,-,NA,NA,ORANGE,LAKE FOREST,-117.62094116210938,33.6822509765625
8827275,2019,2019-03-28,3000,2019-03-12,1145,9192,921G5,2,5,4,3049,0,0,0,NA,0,6M81,PACIFIC PARK DR,MAREBLU,0,NA,Y,A,-,N,NA,NA,NA,NA,NA,NA,NA,NA,NA,Y,3,0,1,2,A,-,12,21453,A,N,D,C,A,A,H,-,A,A,0,NA,NA,NA,NA,Y,NA,A,07,0,1,0,0,0,0,0,0,0,-,-,NA,NA,ORANGE,ALISO VIEJO,-117.70224761962892,33.57188034057617
8827525,2019,2019-04-08,3003,2019-02-22,1824,1211,107,5,5,5,3003,0,0,0,NA,0,005,LINCOLN AV,KNOTT AV,0,NA,Y,A,-,N,NA,NA,NA,NA,NA,NA,NA,NA,NA,Y,4,0,2,3,A,-,03,22350,NA,N,C,C,A,A,H,-,C,A,0,NA,NA,NA,NA,Y,NA,D,22,0,0,2,0,0,0,0,0,0,-,-,NA,NA,ORANGE,BUENA PARK,-118.01106262207033,33.83198165893555
8830385,2019,2019-03-28,3004,2019-02-28,1107,P429,04,4,5,6,3004,0,0,0,NA,0,006,EAST 17TH ST,TUSTIN AV,465,E,N,A,-,N,NA,NA,NA,NA,NA,NA,NA,NA,NA,Y,4,0,1,2,A,-,09,21804,A,N,D,C,A,A,H,-,A,D,0,NA,NA,NA,NA,Y,NA,A,01,0,0,1,0,0,0,0,0,0,-,-,33.630069732666016,-117.91045379638672,ORANGE,COSTA MESA,-117.910888671875,33.629940032958984
8834861,2019,2019-04-16,3009,2019-03-27,1650,4761,13,3,5,6,3009,0,0,0,NA,0,105,TRASK AV,CYPRESS ST,6,W,N,A,-,N,NA,NA,NA,NA,NA,NA,NA,NA,NA,N,4,0,1,2,A,-,09,21802,A,M,D,C,A,A,H,-,A,A,0,NA,NA,NA,NA,Y,NA,A,01,0,0,1,0,0,0,0,0,0,-,-,NA,NA,ORANGE,GARDEN GROVE,-117.94853973388672,33.766849517822266
8838031,2019,2019-11-27,3001,2019-03-13,1453,1278,NA,3,5,7,3001,0,0,0,NA,0,0D1,RT 39,ORANGE AV,0,NA,Y,A,-,Y,ORA,12,39,-,-,12.181,I,5,S,Y,3,0,2,2,A,-,09,21800,D,N,-,C,A,A,H,-,A,B,0,NA,NA,NA,NA,Y,NA,-,-,0,2,0,0,0,0,0,0,0,-,-,NA,NA,ORANGE,ANAHEIM,-117.99342346191406,33.82476806640625
8838091,2019,2019-04-23,3000,2019-03-08,0905,1056,892-A,5,5,5,3028,0,0,0,NA,0,751,ALICIA PKWY,VIA FABRICANTE,20,W,N,B,-,N,NA,NA,NA,NA,NA,NA,NA,NA,NA,Y,4,0,2,2,A,-,03,22350,NA,N,C,C,A,A,H,-,A,A,0,NA,NA,NA,NA,Y,NA,A,07,0,0,2,0,0,0,0,0,0,-,-,33.61457061767578,-117.67897033691406,ORANGE,MISSION VIEJO,-117.67983245849608,33.61424255371094
8839881,2019,2019-04-25,3001,2019-04-10,1500,1278,NA,3,5,7,3001,0,0,0,NA,0,0D3,EAST SOUTH ST,SOUTH STATE COLLEGE BL,9,W,N,A,-,N,NA,NA,NA,NA,NA,NA,NA,NA,NA,N,3,0,1,2,D,-,00,NA,NA,M,G,B,-,A,H,-,A,-,0,Y,NA,NA,NA,Y,NA,-,-,0,1,0,0,1,0,0,0,0,-,-,NA,NA,ORANGE,ANAHEIM,-117.88934326171876,33.83264923095703
8842420,2019,2019-04-29,3000,2019-03-12,2206,5163,921E5,2,5,4,3049,0,0,0,NA,0,743,PACIFIC PARK DR,ENTERPRISE,0,NA,Y,C,-,N,NA,NA,NA,NA,NA,NA,NA,NA,NA,Y,4,0,1,2,A,-,12,21453,A,N,D,C,A,B,H,-,C,A,0,NA,NA,NA,NA,Y,NA,A,01,0,0,1,0,0,0,0,0,0,-,-,NA,NA,ORANGE,ALISO VIEJO,-117.73432159423828,33.585540771484375
8842626,2019,2019-07-18,3002,2019-03-29,1352,1646,NA,5,5,4,3002,0,0,0,NA,0,013,IMPERIAL HWY,RT 57,14,E,N,A,-,Y,ORA,12,90,-,R,5.56,H,-,W,NA,4,0,3,3,A,-,03,22350,NA,N,C,C,A,A,H,-,A,A,0,NA,NA,NA,NA,Y,NA,A,07,0,0,3,0,0,0,0,0,0,-,NF,33.91082000732422,-117.88189697265624,ORANGE,BREA,-117.88162231445313,33.910823822021484
8847134,2019,2019-05-14,3015,2019-04-26,2048,1558,23E,5,5,6,3015,0,0,0,NA,0,331,EAST CHAPMAN AV,NORTH TUSTIN ST,0,NA,Y,A,-,N,NA,NA,NA,NA,NA,NA,NA,NA,NA,N,4,0,1,2,A,-,08,22107,NA,N,D,G,A,A,H,-,C,A,0,NA,Y,NA,NA,Y,NA,A,07,0,0,1,0,0,0,1,0,0,-,-,NA,NA,ORANGE,ORANGE,-117.8357391357422,33.7878303527832
8847497,2019,2019-12-12,3010,2019-05-05,1423,1066,171,7,5,6,3010,0,0,0,NA,0,008,RT 1,WARNER,1140,N,N,A,-,Y,ORA,12,1,-,-,29.67,H,-,N,Y,4,0,1,2,A,-,03,22350,NA,N,C,C,A,A,H,-,A,D,0,NA,NA,Y,NA,Y,NA,C,02,0,0,1,0,0,0,0,0,1,-,-,NA,NA,ORANGE,HUNTINGTON BEACH,-118.06077575683594,33.709022521972656
8847617,2019,2019-04-22,3000,2019-03-12,1355,9573,891G6,2,5,5,3050,0,0,0,NA,0,764,EL TORO RD,BRIDGER RD,183,E,N,A,-,N,NA,NA,NA,NA,NA,NA,NA,NA,NA,Y,3,0,1,4,A,-,03,22350,NA,N,C,C,A,A,H,-,A,A,0,NA,NA,NA,NA,Y,NA,A,01,0,1,0,0,0,0,0,0,0,-,-,NA,NA,ORANGE,LAKE FOREST,-117.70648193359376,33.61578369140625
8851619,2019,2019-05-03,3015,2019-04-20,0226,1556,64N,6,5,6,3015,0,0,0,NA,0,132,RANCHO SANTIAGO BL,GLEN ALBYN LN,330,S,N,A,-,N,NA,NA,NA,NA,NA,NA,NA,NA,NA,Y,3,0,1,1,A,-,01,23152,A,N,E,I,A,A,H,-,C,D,0,NA,NA,NA,NA,Y,Y,A,01,0,1,0,0,0,0,0,0,0,-,-,NA,NA,ORANGE,ORANGE,-117.80103302001952,33.8028564453125
8854817,2019,2019-05-03,3009,2019-03-21,0717,4087,146,4,5,6,3009,0,0,0,NA,0,2 3,TRASK AV,LAUREL ST,213,E,N,A,-,N,NA,NA,NA,NA,NA,NA,NA,NA,NA,Y,4,0,1,3,A,-,09,21804,A,N,D,C,A,A,H,-,A,A,0,NA,NA,NA,NA,Y,NA,A,01,0,0,1,0,0,0,0,0,0,-,-,NA,NA,ORANGE,GARDEN GROVE,-117.9142608642578,33.76710891723633
8854877,2019,2019-05-03,3026,2019-03-12,1017,559,PORTO,2,5,6,3026,0,0,0,NA,0,007,BRYAN AV,CULVER DR,0,NA,Y,A,-,N,NA,NA,NA,NA,NA,NA,NA,NA,NA,Y,4,0,2,2,A,-,08,22107,NA,N,D,C,A,A,H,-,A,A,0,NA,NA,NA,NA,Y,NA,A,01,0,0,2,0,0,0,0,0,0,-,-,33.71601867675781,-117.77658081054688,ORANGE,IRVINE,-117.77662658691406,33.71596908569336
8856956,2019,2019-05-08,3000,2019-02-25,0840,1916,921G1,1,5,4,3045,0,0,0,NA,0,745,PASEO DE VALENCIA,LOS ALISOS BL,627,N,N,A,-,N,NA,NA,NA,NA,NA,NA,NA,NA,NA,Y,4,0,1,4,A,-,03,22350,NA,F,C,C,A,A,H,-,A,D,0,NA,NA,NA,NA,Y,NA,A,08,0,0,1,0,0,0,0,0,0,-,-,NA,NA,ORANGE,LAGUNA HILLS,-117.70521545410156,33.60591506958008
8856958,2019,2019-05-07,3009,2019-04-14,1000,4503,05,7,5,6,3009,0,0,0,NA,0,013,GARDEN GROVE BL,GALWAY ST,463,W,N,A,-,N,NA,NA,NA,NA,NA,NA,NA,NA,NA,N,4,0,1,3,A,-,03,22350,NA,M,C,C,A,A,H,-,A,D,0,NA,NA,NA,NA,Y,NA,-,99,0,0,1,0,0,0,0,0,0,-,-,NA,NA,ORANGE,GARDEN GROVE,-117.9648208618164,33.77398681640625