CASE_ID,ACCIDENT_YEAR,PROC_DATE,JURIS,COLLISION_DATE,COLLISION_TIME,OFFICER_ID,REPORTING_DISTRICT,DAY_OF_WEEK,CHP_SHIFT,POPULATION,CNTY_CITY_LOC,SPECIAL_COND,BEAT_TYPE,CHP_BEAT_TYPE,CITY_DIVISION_LAPD,CHP_BEAT_CLASS,BEAT_NUMBER,PRIMARY_RD,SECONDARY_RD,DISTANCE,DIRECTION,INTERSECTION,WEATHER_1,WEATHER_2,STATE_HWY_IND,CALTRANS_COUNTY,CALTRANS_DISTRICT,STATE_ROUTE,ROUTE_SUFFIX,POSTMILE_PREFIX,POSTMILE,LOCATION_TYPE,RAMP_INTERSECTION,SIDE_OF_HWY,TOW_AWAY,COLLISION_SEVERITY,NUMBER_KILLED,NUMBER_INJURED,PARTY_COUNT,PRIMARY_COLL_FACTOR,PCF_CODE_OF_VIOL,PCF_VIOL_CATEGORY,PCF_VIOLATION,PCF_VIOL_SUBSECTION,HIT_AND_RUN,TYPE_OF_COLLISION,MVIW,PED_ACTION,ROAD_SURFACE,ROAD_COND_1,ROAD_COND_2,LIGHTING,CONTROL_DEVICE,CHP_ROAD_TYPE,PEDESTRIAN_ACCIDENT,BICYCLE_ACCIDENT,MOTORCYCLE_ACCIDENT,TRUCK_ACCIDENT,NOT_PRIVATE_PROPERTY,ALCOHOL_INVOLVED,STWD_VEHTYPE_AT_FAULT,CHP_VEHTYPE_AT_FAULT,COUNT_SEVERE_INJ,COUNT_VISIBLE_INJ,COUNT_COMPLAINT_PAIN,COUNT_PED_KILLED,COUNT_PED_INJURED,COUNT_BICYCLIST_KILLED,COUNT_BICYCLIST_INJURED,COUNT_MC_KILLED,COUNT_MC_INJURED,PRIMARY_RAMP,SECONDARY_RAMP,LATITUDE,LONGITUDE,COUNTY,CITY,POINT_X,POINT_Y
90880846,2018,2018-12-12,9670,2018-12-10,1548,021207,NA,1,2,3,3013,0,1,1,NA,2,061,I-605 S/B TO I-405 N/B,SAN GABRIEL RIVER,528,E,N,A,-,Y,NA,NA,605,NA,NA,NA,R,NA,S,Y,4,0,1,1,A,-,01,23152,F,M,E,I,A,A,H,-,A,D,0,NA,NA,NA,NA,Y,NA,A,07,0,0,1,0,0,0,0,0,0,-,-,33.78715896606445,-118.09136199951172,ORANGE,LOS ALAMITOS,-118.09136199951172,33.78715896606445
90883908,2018,2018-12-17,9675,2018-12-13,1307,017043,NA,4,1,6,3026,0,1,1,NA,2,406,I-405 S/B,HARVARD AVE,150,S,N,A,-,Y,NA,NA,405,NA,NA,NA,NA,NA,S,Y,3,0,1,2,A,-,03,22350,NA,N,C,C,A,A,H,-,A,D,0,NA,NA,NA,NA,Y,NA,A,08,0,1,0,0,0,0,0,0,0,-,-,33.67161178588867,-117.83000183105467,ORANGE,IRVINE,-117.8299560546875,33.67173767089844
90891440,2018,2018-12-27,9675,2018-12-20,1510,021984,NA,4,2,7,3019,0,1,1,NA,2,502,I-5 NORTHBOUND,LINCOLN AVE,100,S,N,A,-,Y,NA,NA,5,NA,NA,NA,NA,NA,N,Y,3,0,1,2,A,-,03,22350,NA,N,C,C,A,A,H,-,C,D,0,NA,NA,NA,NA,Y,NA,A,01,0,1,0,0,0,0,0,0,0,-,-,33.75674057006836,-117.8553466796875,ORANGE,SANTA ANA,-117.85539245605467,33.75664138793945
90894596,2018,2018-12-31,9670,2018-12-20,0619,015207,NA,4,1,7,3001,0,1,3,NA,2,094,SR-91 W/B FROM EUCLID ST.,EUCLID ST.,225,W,N,A,-,Y,NA,NA,91,NA,NA,NA,R,NA,W,Y,3,0,1,2,A,-,03,22350,NA,N,C,C,A,A,H,-,C,D,0,NA,NA,NA,NA,Y,NA,A,01,0,1,0,0,0,0,0,0,0,-,-,33.85443115234375,-117.94400787353516,ORANGE,ANAHEIM,-117.94400787353516,33.85443115234375
90896094,2018,2019-01-02,9670,2018-12-22,1800,022075,NA,6,2,6,3009,0,1,3,NA,2,023,SR-22 E/B,EUCLID ST,2640,W,N,A,-,Y,NA,NA,22,NA,NA,NA,NA,NA,E,Y,4,0,1,3,A,-,03,22350,NA,N,C,C,A,A,H,-,C,D,0,NA,NA,NA,NA,Y,NA,A,01,0,0,1,0,0,0,0,0,0,-,-,33.765750885009766,-117.95152282714844,ORANGE,GARDEN GROVE,-117.95152282714844,33.76591873168945
90897983,2019,2019-12-03,9670,2019-01-01,0050,021719,NA,2,3,6,3009,0,1,3,NA,2,021,SR-22 W/B,SPRINGDALE STREET,2000,E,N,A,-,Y,NA,NA,22,NA,NA,NA,NA,NA,W,Y,1,2,3,4,A,-,01,23152,A,N,C,C,A,A,H,-,D,D,0,NA,NA,NA,NA,Y,Y,A,01,0,1,2,0,0,0,0,0,0,-,-,33.774478912353516,-118.01085662841795,ORANGE,GARDEN GROVE,-118.01087188720705,33.7746467590332
90898913,2019,2019-01-07,9670,2019-01-02,1438,014558,NA,3,2,7,3001,0,1,3,NA,2,094,SR-91 E/B,RAYMOND AVE,650,E,N,A,-,Y,NA,NA,91,NA,NA,NA,NA,NA,E,Y,4,0,1,3,A,-,03,22350,NA,N,C,C,A,A,H,-,A,D,0,NA,NA,NA,NA,Y,NA,A,07,0,0,1,0,0,0,0,0,0,-,-,33.853721618652344,-117.90422058105467,ORANGE,ANAHEIM,-117.90422058105467,33.85375213623047
90899821,2019,2019-01-08,9675,2019-01-07,0836,018834,NA,1,1,7,3001,0,1,3,NA,2,572,SR-57 SOUTHBOUND,BALL RD,2000,S,N,B,-,Y,NA,NA,57,NA,NA,NA,NA,NA,S,Y,4,0,1,2,A,-,03,22350,NA,N,C,C,A,A,H,-,A,D,0,NA,NA,NA,NA,Y,NA,A,01,0,0,1,0,0,0,0,0,0,-,-,33.812530517578125,-117.8781280517578,ORANGE,ANAHEIM,-117.87816619873048,33.81254196166992
90905099,2018,2019-02-05,9690,2018-11-19,0607,014953,NA,1,1,5,3017,0,1,1,NA,2,059,I-5 S/B (SAN DIEGO FRWY),AVENIDA PALIZADA,1295,S,N,B,-,Y,NA,NA,5,NA,NA,NA,NA,NA,S,Y,1,1,0,2,A,-,08,22107,NA,N,B,C,A,A,H,-,B,D,0,NA,NA,NA,NA,Y,NA,A,07,0,0,0,0,0,0,0,0,0,-,-,33.42903137207031,-117.61215972900392,ORANGE,SAN CLEMENTE,-117.61222839355467,33.42897033691406
9090537,2020,2020-06-17,3026,2020-03-25,1439,4991,NA,3,5,6,3026,0,0,0,NA,0,00P,BARRANCA,IRVINE CENTER DR,0,NA,Y,A,-,N,NA,NA,NA,NA,NA,NA,NA,NA,NA,Y,2,0,1,3,A,-,12,21453,A,N,C,C,A,A,H,-,A,A,0,NA,NA,NA,NA,Y,NA,A,07,1,0,0,0,0,0,0,0,0,-,-,NA,NA,ORANGE,IRVINE,-117.75032043457033,33.659271240234375
90905426,2019,2019-01-16,9675,2019-01-14,2139,020732,NA,1,2,5,3022,0,1,1,NA,2,503,I-5 SOUTHBOUND,TUSTIN RANCH RD,1500,N,N,C,-,Y,NA,NA,5,NA,NA,NA,NA,NA,S,Y,3,0,2,1,A,-,03,22350,NA,N,E,I,A,B,H,-,D,D,0,NA,NA,NA,NA,Y,NA,A,01,0,1,1,0,0,0,0,0,0,-,-,33.730899810791016,-117.8117218017578,ORANGE,TUSTIN,-117.81177520751952,33.73081588745117
90914573,2019,2019-01-29,9670,2019-01-24,2025,018664,NA,4,2,7,3001,0,1,1,NA,2,502,I-5 N/B,BALL ROAD,10,N,N,A,-,Y,NA,NA,5,NA,NA,NA,NA,NA,N,N,4,0,1,2,A,-,03,22350,NA,N,C,C,A,A,H,-,C,D,0,NA,NA,NA,NA,Y,NA,A,01,0,0,1,0,0,0,0,0,0,-,-,33.818111419677734,-117.91793060302734,ORANGE,ANAHEIM,-117.91789245605467,33.818145751953125
9091590,2020,2020-11-19,3003,2020-03-25,0933,1080,NA,3,5,5,3003,0,0,0,NA,0,NA,BEACH BL,ARTESIA BL,0,NA,Y,B,-,Y,ORA,12,39,-,-,15.573,I,5,S,Y,4,0,1,2,A,-,08,22107,NA,N,E,C,A,A,H,-,A,A,0,NA,NA,NA,Y,Y,NA,F,26,0,0,1,0,0,0,0,0,0,-,-,33.87300109863281,-117.99839782714844,ORANGE,BUENA PARK,-117.9983139038086,33.87349319458008
90916125,2019,2019-01-31,9675,2019-01-25,0800,020131,NA,5,1,7,3019,0,1,1,NA,2,502,I-5 SOUTHBOUND,BROADWAY,1000,N,N,A,-,Y,NA,NA,5,NA,NA,NA,NA,NA,S,Y,4,0,1,2,A,-,03,22350,NA,N,C,C,A,A,H,-,A,D,0,NA,NA,NA,Y,Y,NA,A,01,0,0,1,0,0,0,0,0,0,-,-,33.773399353027344,-117.8718032836914,ORANGE,SANTA ANA,-117.87186431884766,33.773345947265625
90916327,2019,2019-01-31,9670,2019-01-23,0720,018516,NA,3,1,4,3020,0,1,1,NA,2,044,I-405 N/B,SEAL BEACH BLVD,2112,S,N,B,-,Y,NA,NA,405,NA,NA,NA,NA,NA,N,Y,4,0,1,2,A,-,03,22350,NA,N,C,C,A,A,D,-,A,D,0,NA,NA,NA,NA,Y,NA,A,01,0,0,1,0,0,0,0,0,0,-,-,33.77465057373047,-118.06739807128906,ORANGE,SEAL BEACH,-118.06739807128906,33.77442169189453
9091636,2020,2020-08-10,3001,2020-04-03,1131,A2461,D4,5,5,7,3001,0,0,0,NA,0,0D4,MIRALOMA AV,RED GUM ST,0,NA,Y,A,-,N,NA,NA,NA,NA,NA,NA,NA,NA,NA,Y,4,0,1,2,A,-,12,21453,A,N,D,C,A,A,H,-,A,A,0,NA,NA,NA,NA,Y,NA,A,07,0,0,1,0,0,0,0,0,0,-,-,33.8567008972168,-117.86614990234376,ORANGE,ANAHEIM,-117.86607360839844,33.856468200683594
90919052,2019,2019-02-05,9690,2019-01-31,1005,014953,NA,4,1,5,3028,0,1,1,NA,2,056,I-5 N/B (SAN DIEGO FRWY),CROWN VALLEY PKWY,3442,N,N,B,-,Y,NA,NA,5,NA,NA,NA,NA,NA,N,Y,3,0,2,3,A,-,03,22350,NA,N,C,C,A,A,H,-,A,D,0,NA,NA,NA,NA,Y,NA,A,07,0,1,1,0,0,0,0,0,0,-,-,33.56880187988281,-117.67183685302734,ORANGE,MISSION VIEJO,-117.67186737060548,33.56880187988281
90921589,2019,2019-02-07,9675,2019-02-02,1258,016748,NA,6,1,7,3001,0,1,3,NA,2,572,SR-57 NORTHBOUND,ORANGEWOOD AVE,1000,N,N,B,C,Y,NA,NA,NA,NA,NA,NA,NA,NA,NA,Y,4,0,2,1,A,-,03,22350,NA,N,E,I,A,B,H,-,A,D,0,NA,NA,NA,NA,Y,NA,A,01,0,0,2,0,0,0,0,0,0,-,-,33.47550964355469,-117.52393341064452,ORANGE,ANAHEIM,-117.8774871826172,33.79848861694336
90924241,2019,2019-02-12,9670,2019-02-06,2129,021733,NA,3,2,9,3000,0,3,5,NA,2,004,KATELLA AVE WESTBOUND,GARZA AVE,0,NA,Y,A,-,N,NA,NA,NA,NA,NA,NA,NA,NA,NA,N,4,0,2,2,A,-,12,21453,A,F,B,C,A,A,H,-,C,A,0,NA,NA,NA,NA,Y,NA,-,99,0,0,2,0,0,0,0,0,0,-,-,33.80316925048828,-117.97006225585938,ORANGE,UNINCORPORATED,-117.97006988525392,33.80337905883789
9092776,2020,2020-09-01,3026,2020-03-06,2240,607,1,5,5,6,3026,0,0,0,NA,0,00U,CULVER BL,MAIN ST,0,NA,Y,A,-,N,NA,NA,NA,NA,NA,NA,NA,NA,NA,Y,3,0,3,2,A,-,12,21453,A,N,D,C,A,A,H,-,C,A,0,NA,NA,NA,NA,Y,NA,A,01,0,1,2,0,0,0,0,0,0,-,-,NA,NA,ORANGE,IRVINE,-117.81643676757813,33.67599105834961
9092849,2020,2020-07-02,3026,2020-03-02,0212,605,3026,1,5,6,3026,0,0,0,NA,0,00U,JAMBOREE,MAIN,0,NA,Y,A,-,N,NA,NA,NA,NA,NA,NA,NA,NA,NA,Y,4,0,1,2,A,-,12,21453,A,M,D,C,A,A,H,-,C,A,0,NA,NA,NA,NA,Y,NA,A,01,0,0,1,0,0,0,0,0,0,-,-,NA,NA,ORANGE,IRVINE,-117.83979034423828,33.68074035644531
90929029,2019,2019-02-19,9690,2019-02-05,1008,014329,NA,2,1,5,3028,0,1,1,NA,2,056,I-5 N/B (SAN DIEGO FRWY),OSO PKWY,1800,N,N,B,C,Y,NA,NA,NA,NA,NA,NA,NA,NA,NA,N,4,0,1,2,A,-,03,22350,NA,N,C,C,A,B,H,-,A,D,0,NA,NA,NA,NA,Y,NA,A,01,0,0,1,0,0,0,0,0,0,-,-,33.58246994018555,-117.66767120361328,ORANGE,MISSION VIEJO,-117.67153930664063,33.58510208129883
90931040,2019,2019-02-21,9670,2019-02-19,1428,017022,NA,2,2,5,3007,0,1,1,NA,2,040,I-405 N/B,BROOKHURST STREET,310,S,N,A,-,Y,NA,NA,405,NA,NA,NA,NA,NA,N,N,4,0,1,2,A,-,03,22350,NA,N,C,C,A,A,D,-,A,D,0,NA,NA,NA,NA,Y,NA,D,22,0,0,1,0,0,0,0,0,0,-,-,33.70465087890625,-117.95346832275392,ORANGE,FOUNTAIN VALLEY,-117.95344543457033,33.704681396484375
90931614,2019,2019-02-22,9675,2019-02-14,0453,020550,NA,4,3,6,3026,0,1,3,NA,2,130,SR-133 SOUTHBOUND,TECHNOLOGY DRIVE,550,N,N,B,C,Y,NA,NA,133,NA,NA,NA,NA,NA,S,Y,3,0,1,1,A,-,08,22107,NA,N,F,A,A,B,H,-,D,D,0,NA,NA,NA,NA,Y,NA,D,22,0,1,0,0,0,0,0,0,0,-,-,33.67285919189453,-117.75376129150392,ORANGE,IRVINE,-117.75375366210938,33.67285919189453
90932814,2019,2019-02-25,9675,2019-02-23,1540,021983,NA,6,2,7,3001,0,1,3,NA,2,094,SR-91 WESTBOUND,IMPERIAL HIGHWAY,1500,E,N,A,-,Y,NA,NA,91,NA,NA,NA,NA,NA,W,Y,3,0,1,2,A,-,01,23152,A,N,C,C,A,A,H,-,A,D,0,NA,NA,Y,NA,Y,Y,A,01,0,1,0,0,0,0,0,0,1,-,-,33.85749053955078,-117.78350830078124,ORANGE,ANAHEIM,-117.78350830078124,33.85748291015625
90937469,2019,2019-03-01,9675,2019-02-20,1540,020091,NA,3,2,6,3004,0,1,1,NA,2,405,I-405 S/B TO SR-73 S/B,FAIRVIEW RD,1000,S,N,B,-,Y,NA,NA,405,NA,NA,NA,R,NA,S,Y,4,0,1,2,A,-,08,22107,NA,N,C,C,A,A,H,-,A,D,0,NA,NA,NA,NA,Y,NA,A,07,0,0,1,0,0,0,0,0,0,-,-,33.687530517578125,-117.90418243408205,ORANGE,COSTA MESA,-117.90418243408205,33.687530517578125
90941597,2019,2019-03-07,9670,2019-03-05,1825,019290,NA,2,2,6,3009,0,1,3,NA,2,021,SR-22 W/B FROM BEACH BLVD.,BEACH BLVD.,525,W,N,B,-,Y,NA,NA,22,NA,NA,NA,R,NA,W,Y,4,0,1,2,A,-,03,22350,NA,N,C,C,A,A,H,-,D,A,0,NA,NA,NA,NA,Y,NA,A,01,0,0,1,0,0,0,0,0,0,-,-,33.771541595458984,-117.99437713623048,ORANGE,GARDEN GROVE,-117.99437713623048,33.771541595458984
90946202,2019,2019-03-14,9675,2019-03-05,1640,018733,NA,2,2,6,3015,0,1,3,NA,2,550,SR-55 S/B TO LINCOLN AVE.,LINCOLN AVE,690,N,N,A,-,Y,NA,NA,55,NA,NA,NA,R,NA,S,Y,2,0,1,1,A,-,03,22350,NA,N,E,I,A,A,H,-,A,D,0,NA,NA,Y,NA,Y,NA,C,02,1,0,0,0,0,0,0,0,1,-,-,33.837120056152344,-117.83556365966795,ORANGE,ORANGE,-117.83556365966795,33.837120056152344
90946347,2019,2019-04-30,9675,2019-03-04,0747,022073,NA,1,1,5,3022,0,1,1,NA,2,503,I-5 NORTHBOUND,SR-55 NORTHBOUND,150,S,N,A,-,Y,NA,NA,5,NA,NA,NA,NA,NA,N,Y,3,0,3,5,A,-,07,21658,A,N,C,C,A,A,H,-,A,D,0,NA,NA,NA,NA,Y,NA,A,01,0,1,2,0,0,0,0,0,0,-,-,33.740501403808594,-117.83283233642578,ORANGE,TUSTIN,-117.83285522460938,33.74043655395508
90947162,2019,2019-03-15,9675,2019-03-06,1755,019171,NA,3,2,6,3015,0,1,3,NA,2,222,SR-22 E/B (GARDEN GROVE FWY),CAMBRIDGE ST,300,W,N,B,-,Y,NA,NA,22,NA,NA,NA,NA,NA,E,N,4,0,1,3,A,-,03,22350,NA,N,C,C,A,B,H,-,C,D,0,NA,NA,NA,NA,Y,NA,A,01,0,0,1,0,0,0,0,0,0,-,-,33.77558135986328,-117.84564208984376,ORANGE,ORANGE,-117.84567260742188,33.775691986083984
90951719,2019,2019-03-22,9670,2019-03-21,1810,019748,NA,4,2,6,3008,0,1,3,NA,2,093,SR-91 W/B (RIVERSIDE FWY),BROOKHURST ST,100,W,N,B,-,Y,NA,NA,91,NA,NA,NA,NA,NA,W,N,4,0,1,1,C,-,18,NA,NA,N,E,J,A,A,H,-,A,D,0,NA,NA,NA,NA,Y,NA,-,-,0,0,1,0,0,0,0,0,0,-,-,33.85398864746094,-117.95970153808594,ORANGE,FULLERTON,-117.95970153808594,33.8539924621582
90952715,2019,2019-03-25,9675,2019-03-16,1050,022073,NA,6,1,6,3008,0,1,3,NA,2,570,SR-57 SOUTHBOUND,BASTANCHURY RD,400,S,N,A,-,Y,NA,NA,57,NA,NA,NA,NA,NA,S,Y,4,0,3,3,A,-,03,22350,NA,N,C,C,A,A,H,-,A,D,0,NA,NA,NA,NA,Y,NA,A,01,0,0,3,0,0,0,0,0,0,-,-,33.89540100097656,-117.88091278076172,ORANGE,FULLERTON,-117.88099670410156,33.89539337158203
90958112,2019,2019-04-01,9670,2019-03-21,0732,018516,NA,4,1,7,3001,0,1,1,NA,2,503,I-5 S/B FROM DISNEYLAND DRIVE,I-5 N/B FROM DISNEYLAND DRIVE,225,S,N,B,-,Y,NA,NA,5,NA,NA,NA,R,NA,S,Y,4,0,1,2,A,-,08,22107,NA,N,F,I,A,A,H,-,A,D,0,NA,NA,NA,NA,Y,NA,A,01,0,0,1,0,0,0,0,0,0,-,-,33.82149124145508,-117.92205047607422,ORANGE,ANAHEIM,-117.92205047607422,33.82149124145508
90958653,2019,2019-04-02,9675,2019-03-21,1710,019171,NA,4,2,7,3001,0,1,3,NA,2,194,SR-91 W/B (RIVERSIDE FWY),SR-90,1000,W,N,B,C,Y,NA,NA,91,NA,NA,NA,NA,NA,W,Y,4,0,3,3,A,-,08,22107,NA,N,E,I,A,B,H,-,A,D,0,NA,NA,NA,NA,Y,NA,A,01,0,0,3,0,0,0,0,0,0,-,-,33.85462951660156,-117.79891967773438,ORANGE,ANAHEIM,-117.79891967773438,33.8544921875
90963560,2019,2019-04-08,9675,2019-04-01,1712,021438,NA,1,2,5,3016,0,1,3,NA,2,571,SR-57 S/B,CHAPMAN AVE,990,S,N,A,-,Y,NA,NA,57,NA,NA,NA,NA,NA,S,Y,4,0,2,3,A,-,03,22350,NA,N,C,C,A,A,H,-,A,D,0,NA,NA,NA,NA,Y,NA,A,01,0,0,2,0,0,0,0,0,0,-,-,33.87139129638672,-117.88044738769533,ORANGE,PLACENTIA,-117.88040924072266,33.87139892578125
90970227,2019,2019-04-18,9675,2019-04-09,0840,022073,NA,2,1,5,3022,0,1,1,NA,2,503,I-5 NORTHBOUND,NEWPORT AVE,1700,N,N,A,-,Y,NA,NA,5,NA,NA,NA,NA,NA,N,Y,4,0,1,5,A,-,03,22350,NA,N,C,C,A,A,H,-,A,D,0,NA,NA,NA,NA,Y,NA,A,07,0,0,1,0,0,0,0,0,0,-,-,33.73857879638672,-117.82746124267578,ORANGE,TUSTIN,-117.82745361328124,33.73860168457031
9097215,2020,2020-07-21,3015,2020-03-13,1746,1507,NA,5,5,6,3015,0,0,0,NA,0,721M,TAFT AV,TUSTIN ST,175,W,N,B,-,N,NA,NA,NA,NA,NA,NA,NA,NA,NA,Y,4,0,1,2,A,-,09,21804,A,N,A,C,A,B,H,-,A,D,0,NA,NA,NA,NA,Y,NA,D,22,0,0,1,0,0,0,0,0,0,-,-,33.816650390625,-117.83535003662108,ORANGE,ORANGE,-117.83592224121094,33.81745910644531
90972920,2019,2019-04-23,9670,2019-04-15,1750,020809,NA,1,2,5,3003,0,1,3,NA,2,091,SR-91 W/B,BEACH BLVD,900,E,N,A,-,Y,NA,NA,91,NA,NA,NA,NA,NA,W,Y,3,0,1,3,A,-,03,22350,NA,N,C,C,A,A,H,-,A,D,0,NA,NA,NA,NA,Y,NA,A,01,0,1,0,0,0,0,0,0,0,-,-,33.856258392333984,-117.99475860595705,ORANGE,BUENA PARK,-117.99475860595705,33.8562126159668
90973160,2019,2019-04-23,9675,2019-04-13,0903,021272,NA,6,1,7,3001,0,1,3,NA,2,094,SR-91 WESTBOUND,IMPERIAL HIGHWAY,5000,E,N,A,-,Y,NA,NA,91,NA,NA,NA,NA,NA,W,Y,4,0,2,3,A,-,03,22350,NA,N,C,C,A,A,H,-,A,D,0,NA,NA,NA,NA,Y,NA,A,07,0,0,2,0,0,0,0,0,0,-,-,33.864200592041016,-117.76969909667967,ORANGE,ANAHEIM,-117.76971435546876,33.864227294921875
90975007,2019,2019-04-25,9670,2019-04-23,1627,020860,NA,2,2,7,3001,0,1,3,NA,2,093,SR-91 W/B,MAGNOLIA AVE,1320,E,N,A,-,Y,NA,NA,91,NA,NA,NA,NA,NA,W,Y,4,0,1,4,A,-,03,22350,NA,N,C,C,A,A,H,-,A,D,0,NA,NA,NA,NA,Y,NA,A,01,0,0,1,0,0,0,0,0,0,-,-,33.85586166381836,-117.9713897705078,ORANGE,ANAHEIM,-117.97138214111328,33.85588073730469
90975068,2019,2019-04-25,9675,2019-04-18,0750,018005,NA,4,1,6,3015,0,1,1,NA,2,502,I-5 NORTHBOUND,1ST ST,300,S,N,A,-,Y,NA,NA,NA,NA,NA,NA,NA,NA,NA,N,4,0,1,3,A,-,03,22350,NA,M,C,C,A,A,H,-,A,D,0,NA,NA,NA,NA,Y,NA,A,01,0,0,1,0,0,0,0,0,0,-,-,33.75218963623047,-117.84500122070313,ORANGE,ORANGE,NA,NA
90976527,2019,2019-04-26,9675,2019-04-18,1810,021809,NA,4,2,7,3001,0,1,3,NA,2,572,SR-57 N/B,BALL RD,400,N,N,A,-,Y,NA,NA,57,NA,NA,NA,NA,NA,N,Y,4,0,1,2,A,-,08,22107,NA,N,B,C,A,A,H,-,A,D,0,NA,NA,NA,NA,Y,NA,A,01,0,0,1,0,0,0,0,0,0,-,-,33.82181167602539,-117.87579345703124,ORANGE,ANAHEIM,-117.87601470947266,33.82181167602539
90979733,2019,2019-05-01,9690,2019-04-26,1530,020086,NA,5,2,4,3018,0,1,1,NA,2,057,I-5 S/B (SAN DIEGO FRWY),JUNIPERO SERRA RD,500,S,N,A,-,Y,NA,NA,5,NA,NA,NA,NA,NA,S,Y,4,0,2,3,A,-,03,22350,NA,N,C,C,A,A,H,-,A,D,0,NA,NA,NA,NA,Y,NA,A,01,0,0,2,0,0,0,0,0,0,-,-,33.518280029296875,-117.66487884521484,ORANGE,SAN JUAN CAPISTRANO,-117.66492462158205,33.51826095581055
90980023,2019,2019-05-01,9675,2019-04-29,1700,020668,NA,1,2,7,3019,0,1,1,NA,2,502,I-5 S/B,GRAND AVE,85,N,N,B,-,Y,NA,NA,5,NA,NA,NA,NA,NA,S,N,4,0,1,3,A,-,03,22350,NA,N,C,C,A,A,H,-,A,D,0,NA,NA,NA,NA,Y,NA,A,01,0,0,1,0,0,0,0,0,0,-,-,33.755550384521484,-117.85417938232422,ORANGE,SANTA ANA,-117.85414123535156,33.75563430786133
9098088,2020,2020-07-17,3015,2020-03-06,2145,1634,77S,5,5,6,3015,0,0,0,NA,0,122,TUSTIN ST,VILLAGE TOWN CENTER,50,S,N,A,-,N,NA,NA,NA,NA,NA,NA,NA,NA,NA,Y,4,0,1,2,A,-,03,22350,NA,N,C,C,A,A,H,-,C,A,0,NA,NA,NA,NA,Y,NA,A,01,0,0,1,0,0,0,0,0,0,-,-,NA,NA,ORANGE,ORANGE,-117.83611297607422,33.825984954833984
90983528,2019,2019-05-07,9675,2019-04-26,1835,021377,NA,5,2,7,3001,0,1,3,NA,2,093,SR-91 W/B FROM TUSTIN AVENUE,TUSTIN AVE,300,W,N,A,-,Y,NA,NA,91,NA,NA,NA,R,NA,W,Y,4,0,1,3,A,-,03,22350,NA,N,C,C,A,A,H,-,A,A,0,NA,NA,NA,NA,Y,NA,A,01,0,0,1,0,0,0,0,0,0,-,-,33.85169982910156,-117.83901977539063,ORANGE,ANAHEIM,-117.83901977539063,33.85169982910156
90984202,2019,2019-05-08,9670,2019-05-06,1135,021242,NA,1,1,5,3007,0,1,1,NA,2,040,I-405 N/B,BROOKHURST ST,528,S,N,A,-,Y,NA,NA,405,NA,NA,NA,NA,NA,N,Y,4,0,1,2,A,-,07,21658,A,N,C,C,A,A,D,E,A,D,0,NA,NA,NA,NA,Y,NA,E,22,0,0,1,0,0,0,0,0,0,-,-,33.70365905761719,-117.9521713256836,ORANGE,FOUNTAIN VALLEY,-117.9521713256836,33.70365905761719
90985012,2019,2019-05-09,9675,2019-05-01,1550,021690,NA,3,2,6,3015,0,1,3,NA,2,222,SR-22 E/B,I-5,700,E,N,A,-,Y,NA,NA,22,NA,NA,NA,NA,NA,E,Y,4,0,1,3,A,-,03,22350,NA,N,C,C,A,A,H,-,A,D,0,NA,NA,NA,NA,Y,NA,A,07,0,0,1,0,0,0,0,0,0,-,-,33.778541564941406,-117.87342834472656,ORANGE,ORANGE,-117.87342834472656,33.778533935546875
90986030,2019,2019-05-10,9675,2019-05-02,1444,021438,NA,4,2,4,3002,0,1,3,NA,2,570,SR-57 S/B,IMPERIAL HIGHWAY,1620,N,N,A,-,Y,NA,NA,57,NA,NA,NA,NA,NA,S,Y,4,0,2,4,A,-,03,22350,NA,N,C,C,A,A,H,-,A,D,0,NA,NA,NA,NA,Y,NA,A,01,0,0,2,0,0,0,0,0,0,-,-,33.91484832763672,-117.88249969482422,ORANGE,BREA,-117.8825225830078,33.91486358642578
90987992,2019,2019-05-14,9675,2019-05-06,1758,021377,NA,1,2,7,3001,0,1,3,NA,2,093,SR-91 W/B TO SR-57 S/B,SR-57,1500,E,N,B,-,Y,NA,NA,91,NA,NA,NA,R,NA,W,N,4,0,1,2,A,-,03,22350,NA,N,C,C,A,A,H,-,A,D,0,NA,NA,NA,NA,Y,NA,A,01,0,0,1,0,0,0,0,0,0,-,-,33.847938537597656,-117.87109375,ORANGE,ANAHEIM,-117.87109375,33.847938537597656