CASE_ID,ACCIDENT_YEAR,PROC_DATE,JURIS,COLLISION_DATE,COLLISION_TIME,OFFICER_ID,REPORTING_DISTRICT,DAY_OF_WEEK,CHP_SHIFT,POPULATION,CNTY_CITY_LOC,SPECIAL_COND,BEAT_TYPE,CHP_BEAT_TYPE,CITY_DIVISION_LAPD,CHP_BEAT_CLASS,BEAT_NUMBER,PRIMARY_RD,SECONDARY_RD,DISTANCE,DIRECTION,INTERSECTION,WEATHER_1,WEATHER_2,STATE_HWY_IND,CALTRANS_COUNTY,CALTRANS_DISTRICT,STATE_ROUTE,ROUTE_SUFFIX,POSTMILE_PREFIX,POSTMILE,LOCATION_TYPE,RAMP_INTERSECTION,SIDE_OF_HWY,TOW_AWAY,COLLISION_SEVERITY,NUMBER_KILLED,NUMBER_INJURED,PARTY_COUNT,PRIMARY_COLL_FACTOR,PCF_CODE_OF_VIOL,PCF_VIOL_CATEGORY,PCF_VIOLATION,PCF_VIOL_SUBSECTION,HIT_AND_RUN,TYPE_OF_COLLISION,MVIW,PED_ACTION,ROAD_SURFACE,ROAD_COND_1,ROAD_COND_2,LIGHTING,CONTROL_DEVICE,CHP_ROAD_TYPE,PEDESTRIAN_ACCIDENT,BICYCLE_ACCIDENT,MOTORCYCLE_ACCIDENT,TRUCK_ACCIDENT,NOT_PRIVATE_PROPERTY,ALCOHOL_INVOLVED,STWD_VEHTYPE_AT_FAULT,CHP_VEHTYPE_AT_FAULT,COUNT_SEVERE_INJ,COUNT_VISIBLE_INJ,COUNT_COMPLAINT_PAIN,COUNT_PED_KILLED,COUNT_PED_INJURED,COUNT_BICYCLIST_KILLED,COUNT_BICYCLIST_INJURED,COUNT_MC_KILLED,COUNT_MC_INJURED,PRIMARY_RAMP,SECONDARY_RAMP,LATITUDE,LONGITUDE,COUNTY,CITY,POINT_X,POINT_Y
9800720,2025,2025-05-08,3000,2025-02-06,1304,11256,922B7,4,5,5,3028,0,0,0,NA,0,751,CROWN VALLEY PKWY,RT 5,88,E,N,B,-,Y,ORA,12,5,-,-,13.9,R,4,S,Y,4,0,1,1,A,-,08,22107,NA,N,E,I,A,A,H,-,A,A,0,NA,NA,NA,NA,Y,NA,A,01,0,0,1,0,0,0,0,0,0,-,-,NA,NA,ORANGE,MISSION VIEJO,-117.67308807373048,33.56096267700195
9803051,2025,2025-05-02,3011,2025-03-29,1835,31653,NA,6,5,4,3011,0,0,0,NA,0,NA,COAST HWY,LEDROIT ST,0,NA,Y,A,-,Y,ORA,12,1,-,-,10.531,I,5,N,Y,4,0,1,2,A,-,08,22107,NA,N,D,C,A,A,H,-,A,A,0,NA,NA,NA,NA,Y,NA,A,07,0,0,1,0,0,0,0,0,0,-,-,NA,NA,ORANGE,LAGUNA BEACH,-117.80294799804688,33.54946517944336
9806247,2025,2025-05-14,3000,2025-04-28,940,10576,892C6,1,5,5,3028,0,0,0,NA,0,750,TRABUCO RD,PUERTA DE LUZ,0,NA,Y,A,-,N,NA,NA,NA,NA,NA,NA,NA,NA,NA,Y,3,0,2,2,D,-,00,NA,NA,N,D,C,A,A,H,-,A,A,0,NA,NA,NA,NA,Y,NA,-,-,0,2,0,0,0,0,0,0,0,-,-,NA,NA,ORANGE,MISSION VIEJO,-117.65934753417967,33.61363220214844
9806780,2025,2025-05-14,3003,2025-04-18,1734,1290,NA,5,5,5,3003,0,0,0,NA,0,005,GRAND AV,FILLMORE DR,0,NA,Y,A,-,N,NA,NA,NA,NA,NA,NA,NA,NA,NA,N,3,0,1,2,A,-,03,22350,NA,N,B,G,A,A,H,-,A,D,0,NA,Y,NA,NA,Y,NA,A,01,0,1,0,0,0,0,1,0,0,-,-,33.05009841918945,-117.59500122070313,ORANGE,BUENA PARK,-117.99793243408205,33.83696746826172
9807809,2025,2025-06-26,3012,2025-04-14,1925,716,21,1,5,5,3012,0,0,0,NA,0,002,WHITTIER BL,WALNUT ST,140,W,N,A,-,Y,ORA,12,39,-,-,21.69,H,-,S,Y,2,0,1,2,A,-,12,21453,A,N,D,C,A,A,H,-,C,D,0,NA,NA,Y,NA,Y,NA,C,02,1,0,0,0,0,0,0,0,1,-,-,NA,NA,ORANGE,LA HABRA,-117.95098114013672,33.93916702270508
9808432,2025,2025-07-25,3024,2025-06-19,643,4156,100,4,5,5,3024,0,0,0,NA,0,WEST,VALLEY VIEW ST,GARDEN GROVE BL,0,NA,Y,B,-,N,NA,NA,NA,NA,NA,NA,NA,NA,NA,N,3,0,2,2,A,-,17,22109,NA,N,C,C,A,A,H,-,A,A,0,NA,NA,NA,NA,Y,NA,D,22,0,2,0,0,0,0,0,0,0,-,-,NA,NA,ORANGE,WESTMINSTER,-118.03849029541016,33.77394104003906
9809938,2025,2025-05-22,3000,2025-03-09,1334,11728,951J1,7,5,5,3040,0,0,0,NA,0,141,CROWN VALLEY PKWY,GREENFIELD,72,W,N,A,-,N,NA,NA,NA,NA,NA,NA,NA,NA,NA,N,3,0,1,2,A,-,03,22350,NA,N,C,C,A,A,H,-,A,A,0,NA,NA,NA,NA,Y,NA,A,01,0,1,0,0,0,0,0,0,0,-,-,NA,NA,ORANGE,LAGUNA NIGUEL,-117.68543243408205,33.55357360839844
9813881,2025,2025-06-05,3009,2025-05-13,1855,3427,164,2,5,6,3009,0,0,0,NA,0,2-2,FAIRVIEW ST,GARDEN GROVE BL,30,N,N,A,-,N,NA,NA,NA,NA,NA,NA,NA,NA,NA,Y,4,0,1,2,A,-,07,21658,A,N,B,C,A,A,H,-,A,A,0,NA,NA,NA,NA,Y,NA,D,22,0,0,1,0,0,0,0,0,0,-,-,NA,NA,ORANGE,GARDEN GROVE,-117.90303802490234,33.77446365356445
9814071,2025,2025-06-13,3012,2025-05-10,2320,623,32,6,5,5,3012,0,0,0,NA,0,003,LAMBERT RD,IDAHO ST,486,E,N,A,-,N,NA,NA,NA,NA,NA,NA,NA,NA,NA,Y,3,0,1,3,A,-,03,22350,NA,N,D,E,A,A,H,-,C,D,0,NA,NA,NA,NA,Y,NA,A,01,0,1,0,0,0,0,0,0,0,-,-,NA,NA,ORANGE,LA HABRA,-117.96189880371094,33.92316818237305
9815527,2025,2025-06-03,3012,2025-04-28,823,686,34,1,5,5,3012,0,0,0,NA,0,003,LAMBERT RD,STURBRIDGE DR,0,NA,Y,B,-,N,NA,NA,NA,NA,NA,NA,NA,NA,NA,Y,3,0,1,2,A,-,03,22350,NA,N,C,C,A,A,H,-,A,A,0,NA,NA,NA,NA,Y,NA,A,01,0,1,0,0,0,0,0,0,0,-,-,NA,NA,ORANGE,LA HABRA,-117.97056579589844,33.924564361572266
9817352,2025,2025-06-17,3000,2025-05-11,1015,12844,921G5,7,5,4,3045,0,0,0,NA,0,745,ALICIA PKWY,ALISO HILLS DR,139,W,N,A,-,N,NA,NA,NA,NA,NA,NA,NA,NA,NA,N,2,0,1,1,A,-,03,22350,NA,N,F,A,A,A,H,-,A,D,0,NA,NA,Y,NA,Y,NA,O,05,1,0,0,0,0,0,0,0,1,-,-,NA,NA,ORANGE,LAGUNA HILLS,-117.70447540283205,33.586387634277344
9819862,2025,2025-09-30,3000,2025-08-26,720,12177,972C1,2,5,4,3018,0,0,0,NA,0,730,LOS RIOS ST,CALLE SANTA BARBARA,120,N,N,A,-,N,NA,NA,NA,NA,NA,NA,NA,NA,NA,N,4,0,1,2,A,-,09,21801,A,N,D,C,A,A,H,-,A,D,0,NA,NA,NA,NA,Y,NA,A,08,0,0,1,0,0,0,0,0,0,-,-,NA,NA,ORANGE,SAN JUAN CAPISTRANO,-117.6662826538086,33.506649017333984
9820587,2025,2025-10-02,3004,2025-09-22,1110,P725,RD15,1,5,6,3004,0,0,0,NA,0,004,HARBOR BL,WILSON ST,0,NA,Y,A,-,N,NA,NA,NA,NA,NA,NA,NA,NA,NA,N,3,0,1,2,A,-,09,21800,A,N,H,G,A,A,H,-,A,D,0,NA,Y,NA,NA,Y,NA,A,01,0,1,0,0,0,0,1,0,0,-,-,33.656219482421875,-117.91918182373048,ORANGE,COSTA MESA,-117.91912078857422,33.65614700317383
9823310,2025,2025-09-09,3005,2025-08-15,1258,8321,C26,5,5,4,3005,0,0,0,NA,0,003,BALL RD,MOODY ST,0,NA,Y,A,-,N,NA,NA,NA,NA,NA,NA,NA,NA,NA,Y,3,0,1,2,A,-,12,21453,A,N,D,C,A,A,H,-,A,A,0,NA,NA,NA,NA,Y,NA,A,07,0,1,0,0,0,0,0,0,0,-,-,NA,NA,ORANGE,CYPRESS,-118.04563903808594,33.81686019897461
9825141,2025,2025-09-09,3009,2025-08-25,736,4654,32,1,5,6,3009,0,0,0,NA,0,011,CHAPMAN AV,KNOTT ST,460,E,N,A,-,N,NA,NA,NA,NA,NA,NA,NA,NA,NA,N,4,0,1,1,C,-,18,NA,NA,N,E,I,A,A,H,-,A,D,0,NA,NA,NA,NA,Y,NA,-,-,0,0,1,0,0,0,0,0,0,-,-,NA,NA,ORANGE,GARDEN GROVE,-118.00962066650392,33.788299560546875
9825432,2025,2025-10-23,3000,2025-09-10,855,10576,922C6,3,5,5,3028,0,0,0,NA,0,750,MARGUERITE PKWY,FELIPE RD,688,S,N,A,-,N,NA,NA,NA,NA,NA,NA,NA,NA,NA,Y,2,0,2,2,A,-,01,23152,F,N,C,C,A,A,H,-,A,D,0,NA,NA,NA,NA,Y,NA,A,07,1,0,1,0,0,0,0,0,0,-,-,NA,NA,ORANGE,MISSION VIEJO,-117.65885162353516,33.5713996887207
9828997,2025,2025-07-31,3000,2025-05-17,235,12795,891D5,6,5,4,3045,0,0,0,NA,0,747,LAKE FOREST DR,AVENIDA DE LA CARLOTA,0,NA,Y,A,-,N,NA,NA,NA,NA,NA,NA,NA,NA,NA,Y,4,0,1,2,A,-,12,21453,A,N,D,C,A,A,H,-,C,A,0,NA,NA,NA,NA,Y,NA,A,07,0,0,1,0,0,0,0,0,0,-,-,NA,NA,ORANGE,LAGUNA HILLS,-117.72396850585938,33.628662109375
9830922,2025,2025-07-17,3000,2025-06-23,832,12795,951J1,1,5,5,3040,0,0,0,NA,0,741,RANCHO NIGUEL RD,LA GRACIA,105,W,N,A,-,N,NA,NA,NA,NA,NA,NA,NA,NA,NA,Y,3,0,2,3,C,-,18,NA,NA,N,A,C,A,A,H,-,A,A,0,NA,NA,NA,NA,Y,NA,-,-,0,1,1,0,0,0,0,0,0,-,-,NA,NA,ORANGE,LAGUNA NIGUEL,-117.69052886962892,33.55403518676758
9831043,2025,2025-07-14,3000,2025-06-07,2033,12942,922C2,6,5,5,3028,0,0,0,NA,0,052,MARGUERITE PKWY,CIVIC CENTER,0,NA,Y,A,-,N,NA,NA,NA,NA,NA,NA,NA,NA,NA,Y,3,0,2,2,A,-,09,21453,C,N,D,C,A,A,H,-,C,A,0,NA,NA,NA,NA,Y,NA,A,07,0,1,1,0,0,0,0,0,0,-,-,33.59503173828125,-117.65918731689452,ORANGE,MISSION VIEJO,-117.65919494628906,33.59511947631836
9832878,2025,2025-07-22,3012,2025-06-17,931,686,31,2,5,5,3012,0,0,0,NA,0,001,BEACH BL,LAMBERT RD,0,NA,Y,A,-,N,NA,NA,NA,NA,NA,NA,NA,NA,NA,Y,4,0,1,2,A,-,12,21453,A,N,D,C,A,A,-,-,A,A,0,NA,NA,NA,NA,Y,NA,A,01,0,0,1,0,0,0,0,0,0,-,-,NA,NA,ORANGE,LA HABRA,-117.96771240234376,33.92454528808594
9833082,2025,2025-07-16,3000,2025-06-02,2320,5013,891H6,1,5,5,3050,0,0,0,NA,0,765,LOS ALISOS BL,JERONIMO RD,762,W,N,A,-,N,NA,NA,NA,NA,NA,NA,NA,NA,NA,N,2,0,1,1,A,-,08,22107,NA,N,E,I,A,A,H,-,C,D,0,NA,Y,NA,NA,Y,NA,L,04,1,0,0,0,0,0,1,0,0,-,-,NA,NA,ORANGE,LAKE FOREST,-117.68686676025392,33.621421813964844
9833558,2025,2025-08-14,3002,2025-07-07,1630,12602,740J5,1,5,5,3025,0,0,0,NA,0,003,DOMINGUEZ RANCH RD,VIA DE LA ESCUELA,40,S,N,A,-,N,NA,NA,NA,NA,NA,NA,NA,NA,NA,N,2,0,1,1,A,-,08,22107,NA,N,F,A,A,A,H,-,A,D,0,NA,Y,NA,NA,Y,NA,L,04,1,0,0,0,0,0,1,0,0,-,-,NA,NA,ORANGE,YORBA LINDA,-117.76129913330078,33.88533020019531
9866040,2025,2025-08-14,3004,2025-07-27,1424,P639,RD05,7,5,6,3004,0,0,0,NA,0,001,NEWPORT BL,18TH ST,181,S,N,A,-,Y,ORA,12,55,-,-,1.64,H,-,S,Y,2,0,1,2,A,-,03,22350,NA,N,C,C,A,A,H,-,A,D,0,NA,NA,Y,NA,Y,NA,C,02,1,0,0,0,0,0,0,0,1,-,-,33.63901901245117,-117.9206314086914,ORANGE,COSTA MESA,-117.92080688476563,33.63920974731445
9866640,2025,2025-09-12,3011,2025-07-31,1934,31653,NA,4,5,4,3011,0,0,0,NA,0,001,RT 1,EMERALD BAY,87,N,N,A,-,Y,ORA,12,1,-,-,10.7,H,-,N,Y,2,0,1,2,A,-,09,21804,A,M,E,I,A,A,H,-,A,A,0,NA,NA,Y,NA,Y,NA,-,99,1,0,0,0,0,0,0,0,1,-,-,NA,NA,ORANGE,LAGUNA BEACH,-117.80529022216795,33.55107116699219
9867143,2025,2026-01-26,3000,2025-05-12,228,10475,952,1,5,4,3018,0,0,0,NA,0,1700,ORTEGA HWY,VIA ERRECARTE,193,E,N,A,-,Y,ORA,12,74,-,-,1.651,I,6,W,Y,1,1,0,1,A,-,01,23152,A,N,E,I,A,A,H,-,C,D,0,NA,NA,NA,NA,Y,Y,A,07,0,0,0,0,0,0,0,0,0,-,-,33.30527877807617,-117.38347625732422,ORANGE,SAN JUAN CAPISTRANO,-117.6343002319336,33.51457214355469
9869036,2025,2025-08-11,3000,2025-06-28,748,9052,92155,6,5,4,3049,0,0,0,NA,0,183,ALICIA PKWY,HOLLYOAK,0,NA,Y,A,-,N,NA,NA,NA,NA,NA,NA,NA,NA,NA,Y,4,0,2,2,A,-,06,21755,A,N,B,C,A,A,H,-,A,A,0,NA,NA,NA,NA,Y,NA,A,01,0,0,2,0,0,0,0,0,0,-,-,NA,NA,ORANGE,ALISO VIEJO,-117.71072387695313,33.57745361328125
9870662,2025,2025-08-06,3003,2025-07-12,2108,1308,3003,6,5,5,3003,0,0,0,NA,0,NA,AUTO CENTER DR,BEACH BL,660,E,N,A,-,N,NA,NA,NA,NA,NA,NA,NA,NA,NA,Y,3,0,1,2,A,-,07,21658,A,N,C,E,A,A,H,-,C,D,0,NA,NA,NA,NA,Y,NA,A,01,0,1,0,0,0,0,0,0,0,-,-,33.88600158691406,-117.99600219726563,ORANGE,BUENA PARK,-117.99622344970705,33.8665771484375
9871677,2025,2025-08-18,3004,2025-07-30,1015,P691,RD13,3,5,6,3004,0,0,0,NA,0,015,COLLEGE AV,AVOCADO ST,50,N,N,A,-,N,NA,NA,NA,NA,NA,NA,NA,NA,NA,N,3,0,1,3,A,-,21,22106,NA,N,D,C,A,A,H,-,A,D,0,NA,NA,NA,NA,Y,NA,A,01,0,1,0,0,0,0,0,0,0,-,-,33.6544303894043,-117.91616821289063,ORANGE,COSTA MESA,-117.91627502441406,33.654537200927734
9871749,2025,2025-08-15,3000,2025-06-09,508,11829,951E1,1,5,4,3049,0,0,0,NA,0,1A83,PURSUIT,ALISO CREEK RD,614,S,N,A,-,N,NA,NA,NA,NA,NA,NA,NA,NA,NA,Y,4,0,1,2,A,-,08,22107,NA,N,C,E,A,A,H,-,A,D,0,NA,NA,NA,NA,Y,NA,A,01,0,0,1,0,0,0,0,0,0,-,-,NA,NA,ORANGE,ALISO VIEJO,-117.72454071044922,33.55580139160156
9871853,2025,2025-08-14,3000,2025-07-30,652,9631,891F6,3,5,3,3051,0,0,0,NA,0,180,VIA PUERTA,AVENIDA DE LA CARLOTA,8,W,N,B,-,N,NA,NA,NA,NA,NA,NA,NA,NA,NA,N,4,0,1,2,A,-,12,21453,A,N,D,G,A,A,H,-,A,A,0,NA,Y,NA,NA,Y,NA,A,07,0,0,1,0,0,0,1,0,0,-,-,NA,NA,ORANGE,LAGUNA WOODS,-117.71353912353516,33.6199951171875
9872072,2025,2025-08-26,3009,2025-07-25,1530,5002,135,5,5,6,3009,0,0,0,NA,0,023,HARBOR BL,BANNER ST,140,S,N,A,-,N,NA,NA,NA,NA,NA,NA,NA,NA,NA,N,3,0,1,2,A,-,08,22107,NA,M,D,C,A,A,H,-,A,D,0,NA,NA,Y,NA,Y,Y,-,99,0,1,0,0,0,0,0,0,1,-,-,NA,NA,ORANGE,GARDEN GROVE,-117.92046356201172,33.768917083740234
9873764,2025,2025-09-17,3009,2025-08-28,708,4661,124,4,5,6,3009,0,0,0,NA,0,021,9TH ST,GARDEN GROVE BL,260,N,N,A,-,N,NA,NA,NA,NA,NA,NA,NA,NA,NA,N,3,0,1,2,A,-,08,22107,NA,N,C,C,A,A,H,-,A,D,0,NA,NA,Y,NA,Y,NA,-,99,0,1,0,0,0,0,0,0,1,-,-,NA,NA,ORANGE,GARDEN GROVE,-117.93225860595705,33.77505111694336
9875605,2025,2025-10-29,3000,2025-08-28,1346,10716,971H3,4,5,4,3029,0,0,0,NA,0,6M37,GOLDEN LANTERN,BROOKVIEW,0,NA,Y,B,-,N,NA,NA,NA,NA,NA,NA,NA,NA,NA,N,4,0,1,2,A,-,05,21650,1,N,D,G,A,A,H,-,A,D,0,NA,Y,NA,NA,Y,NA,M,91,0,0,1,0,0,0,1,0,0,-,-,NA,NA,ORANGE,DANA POINT,-117.6981201171875,33.489070892333984
9876130,2025,2025-09-16,3000,2025-08-08,1347,9608,952R1,5,5,5,3028,0,0,0,NA,0,M56,COLLEGE CENTER,MARGUERITE PKWY,17,N,N,A,-,N,NA,NA,NA,NA,NA,NA,NA,NA,NA,Y,3,0,1,2,A,-,08,22107,NA,N,D,C,A,A,H,-,A,A,0,NA,NA,Y,NA,Y,NA,C,02,0,1,0,0,0,0,0,0,1,-,-,NA,NA,ORANGE,MISSION VIEJO,-117.67058563232422,33.55377197265625
9876650,2025,2025-10-10,3004,2025-09-10,50,P723,RD01,3,5,6,3004,0,0,0,NA,0,007,19TH ST,POMONA AV,320,W,N,A,-,N,NA,NA,NA,NA,NA,NA,NA,NA,NA,N,3,0,1,1,A,-,03,22350,NA,N,E,I,A,A,H,-,C,D,0,NA,Y,NA,NA,Y,NA,L,04,0,1,0,0,0,0,1,0,0,-,-,33.643001556396484,-117.927001953125,ORANGE,COSTA MESA,-117.92871856689452,33.64339065551758
9876998,2025,2025-09-29,3000,2025-08-29,1552,10716,972B7,5,5,4,3029,0,0,0,NA,0,6M37,PACIFIC COAST HWY,PALISADES DR,1437,N,N,A,-,N,NA,NA,NA,NA,NA,NA,NA,NA,NA,N,3,0,1,2,A,-,03,22350,NA,N,C,C,A,A,H,-,A,D,0,NA,NA,NA,NA,Y,NA,A,01,0,1,0,0,0,0,0,0,0,-,-,NA,NA,ORANGE,DANA POINT,-117.67163848876952,33.45793533325195
9883258,2025,2025-12-10,3009,2025-10-09,740,4873,14,4,5,6,3009,0,0,0,NA,0,011,BAILEY ST,TIFFANY AV,81,S,N,B,-,N,NA,NA,NA,NA,NA,NA,NA,NA,NA,Y,3,0,1,2,A,-,03,22350,NA,N,B,E,A,A,H,-,A,D,0,NA,NA,NA,NA,Y,NA,A,01,0,1,0,0,0,0,0,0,0,-,-,NA,NA,ORANGE,GARDEN GROVE,-118.03579711914063,33.77726364135742
9884210,2025,2025-10-22,3000,2025-08-28,2500,4246,993D2,4,5,5,3017,0,0,0,NA,0,775,AVENIDA LA PATA,CALLE EXTREMO,154,S,N,A,-,N,NA,NA,NA,NA,NA,NA,NA,NA,NA,Y,4,0,1,1,A,-,03,22350,NA,N,E,I,A,A,H,-,C,D,0,NA,NA,NA,NA,Y,NA,A,01,0,0,1,0,0,0,0,0,0,-,-,NA,NA,ORANGE,SAN CLEMENTE,-117.58214569091795,33.4459342956543
9887714,2025,2025-12-11,3005,2025-11-13,1724,8332,C15,4,5,4,3005,0,0,0,NA,0,001,GRINDLAY ST,HICKORY CIR,14,N,N,B,-,N,NA,NA,NA,NA,NA,NA,NA,NA,NA,N,4,0,1,2,A,-,08,22107,NA,N,G,B,B,A,H,-,B,D,0,Y,NA,NA,NA,Y,NA,A,01,0,0,1,0,1,0,0,0,0,-,-,NA,NA,ORANGE,CYPRESS,-118.04132843017578,33.82761764526367
9889158,2025,2025-12-15,3013,2025-11-07,1338,269,L05,5,5,3,3013,0,0,0,NA,0,003,KAYLOR AV,KATELLA AV,219,N,N,A,-,N,NA,NA,NA,NA,NA,NA,NA,NA,NA,N,4,0,1,2,A,-,21,22106,NA,M,D,C,A,A,H,-,A,D,0,NA,NA,NA,NA,Y,NA,A,01,0,0,1,0,0,0,0,0,0,-,-,NA,NA,ORANGE,LOS ALAMITOS,-118.06632995605467,33.803619384765625
9889226,2025,2025-12-11,3005,2025-11-21,1536,8394,C14,5,5,4,3005,0,0,0,NA,0,001,LINCOLN AV,MOODY ST,0,NA,Y,A,-,N,NA,NA,NA,NA,NA,NA,NA,NA,NA,Y,3,0,2,3,A,-,12,21453,A,N,A,C,A,A,H,-,A,A,0,NA,NA,NA,NA,Y,NA,A,01,0,1,1,0,0,0,0,0,0,-,-,NA,NA,ORANGE,CYPRESS,-118.04580688476563,33.83165740966797
9889376,2025,2025-12-17,3000,2025-11-26,2208,12942,892E1,3,5,5,3028,0,0,0,NA,0,058,SANTA MARGARITA PKWY,MARGUERITE PKWY,0,NA,Y,A,-,N,NA,NA,NA,NA,NA,NA,NA,NA,NA,Y,2,0,3,2,A,-,01,23152,A,N,D,C,A,A,H,-,C,A,0,NA,NA,NA,NA,Y,Y,A,01,1,2,0,0,0,0,0,0,0,-,-,33.65147018432617,-117.64447021484376,ORANGE,MISSION VIEJO,-117.64463806152344,33.65155792236328
9890885,2025,2025-12-08,3004,2025-11-21,1037,P462,34,5,5,6,3004,0,0,0,NA,0,015,BEAR ST,SUNFLOWER AV,457,S,N,A,-,N,NA,NA,NA,NA,NA,NA,NA,NA,NA,Y,4,0,1,2,A,-,12,21453,A,N,D,C,A,A,H,-,A,A,0,NA,NA,NA,NA,Y,NA,A,01,0,0,1,0,0,0,0,0,0,-,-,33.69411087036133,-117.89214324951172,ORANGE,COSTA MESA,-117.89225769042967,33.69285583496094
9892433,2025,2025-12-17,3009,2025-11-06,1000,4731,085,4,5,6,3009,0,0,0,NA,0,1-3,TRASK AV,SHAPELL ST,10,E,N,A,-,N,NA,NA,NA,NA,NA,NA,NA,NA,NA,N,4,0,1,2,A,-,03,22350,NA,N,C,C,A,A,H,-,A,D,0,NA,NA,NA,NA,Y,NA,A,07,0,0,1,0,0,0,0,0,0,-,-,NA,NA,ORANGE,GARDEN GROVE,-117.96538543701172,33.766700744628906
9892439,2025,2025-12-17,3009,2025-11-04,1653,4559,102,2,5,6,3009,0,0,0,NA,0,1-2,BROOKHURST ST,CHAPMAN AV,307,N,N,A,-,N,NA,NA,NA,NA,NA,NA,NA,NA,NA,N,4,0,1,2,A,-,04,21703,NA,M,C,C,A,A,H,-,A,A,0,NA,NA,NA,NA,Y,Y,A,07,0,0,1,0,0,0,0,0,0,-,-,NA,NA,ORANGE,GARDEN GROVE,-117.95883941650392,33.789371490478516
9893412,2025,2025-12-17,3000,2025-11-29,1645,6717,891G3,6,5,5,3050,0,0,0,NA,0,18762,JERONIMO RD,PARKWOOD ST,6,S,N,A,-,N,NA,NA,NA,NA,NA,NA,NA,NA,NA,Y,3,0,2,2,A,-,09,21801,A,N,D,C,A,A,H,-,B,A,0,NA,NA,NA,NA,Y,NA,A,07,0,1,1,0,0,0,0,0,0,-,-,33.381919860839844,-117.42088317871094,ORANGE,LAKE FOREST,-117.70247650146484,33.63856506347656
9893576,2025,2025-12-26,3003,2025-11-17,1800,1320,30,1,5,5,3003,0,0,0,NA,0,002,ARTESIA BL,FIRESTONE BL,0,NA,Y,C,-,N,NA,NA,NA,NA,NA,NA,NA,NA,NA,Y,4,0,2,2,A,-,09,21801,A,N,D,C,A,B,H,-,C,A,0,NA,NA,NA,NA,Y,NA,A,01,0,0,2,0,0,0,0,0,0,-,-,33.522499084472656,-118.00420379638672,ORANGE,BUENA PARK,-118.00785064697266,33.87346267700195
9894747,2025,2026-01-06,3003,2025-12-01,1235,1284,NA,1,5,5,3003,0,0,0,NA,0,NA,KNOTT AV,SANTA IRENE CIR,82,N,N,A,-,N,NA,NA,NA,NA,NA,NA,NA,NA,NA,N,4,0,1,2,A,-,08,22107,NA,N,D,C,A,A,H,-,A,D,0,NA,NA,NA,NA,Y,NA,A,08,0,0,1,0,0,0,0,0,0,-,-,33.50410079956055,-118.00389862060548,ORANGE,BUENA PARK,-118.01116943359376,33.8447151184082
9895201,2025,2025-12-31,3012,2025-11-10,1724,698,44,1,5,5,3012,0,0,0,NA,0,004,SOUTH EUCLID ST,LAMBERT RD,100,N,N,A,-,N,NA,NA,NA,NA,NA,NA,NA,NA,NA,N,4,0,1,2,A,-,10,21952,NA,N,G,B,F,A,H,-,C,D,0,Y,NA,NA,NA,Y,NA,A,01,0,0,1,0,1,0,0,0,0,-,-,NA,NA,ORANGE,LA HABRA,-117.94610595703124,33.92488479614258
9895338,2025,2026-02-13,3009,2025-10-19,1929,4431,55,7,5,6,3009,0,0,0,NA,0,011,BEACH BL,RT 22,0,NA,Y,A,-,Y,ORA,12,39,-,-,8.572,I,6,N,Y,3,0,1,3,A,-,03,22350,NA,M,C,C,A,A,H,-,C,A,0,NA,NA,NA,NA,Y,NA,A,01,0,1,0,0,0,0,0,0,0,-,WF,NA,NA,ORANGE,GARDEN GROVE,-117.99257659912108,33.772464752197266
9895634,2025,2026-01-14,3009,2025-12-18,2314,4874,074,4,5,6,3009,0,0,0,NA,0,011,MAGNOLIA ST,GARDEN GROVE BL,0,NA,Y,A,-,N,NA,NA,NA,NA,NA,NA,NA,NA,NA,Y,4,0,2,3,A,-,01,23152,A,N,D,C,A,A,H,-,C,A,0,NA,NA,NA,NA,Y,Y,A,01,0,0,2,0,0,0,0,0,0,-,-,NA,NA,ORANGE,GARDEN GROVE,-117.97531127929688,33.77399444580078
9903009,2025,2026-01-22,3000,2025-12-08,1959,12450,972C1,1,5,4,3018,0,0,0,NA,0,432,DEL OBISPO ST,OLD MISSION RD,0,NA,Y,A,-,N,NA,NA,NA,NA,NA,NA,NA,NA,NA,Y,4,0,1,2,A,-,09,21453,B,N,B,D,A,A,H,-,C,A,0,NA,NA,NA,NA,Y,NA,A,01,0,0,1,0,0,0,0,0,0,-,-,NA,NA,ORANGE,SAN JUAN CAPISTRANO,NA,NA
9903435,2025,2026-01-22,3000,2025-12-13,1505,10374,922D4,6,5,5,3028,0,0,0,NA,0,157,FELIPE RD,BARBADANES,999,N,N,A,-,N,NA,NA,NA,NA,NA,NA,NA,NA,NA,N,3,0,1,1,A,-,03,22350,NA,N,E,J,A,A,H,-,A,D,0,NA,NA,Y,NA,Y,NA,C,03,0,1,0,0,0,0,0,0,1,-,-,NA,NA,ORANGE,MISSION VIEJO,-117.65025329589844,33.579891204833984
9912892,2025,2026-02-25,3000,2025-11-28,1202,12644,891G6,5,5,5,3050,0,0,0,NA,0,060,EL TORO RD,ROCKFIELD BL,172,W,N,A,-,N,NA,NA,NA,NA,NA,NA,NA,NA,NA,N,4,0,1,2,A,-,03,22350,NA,N,C,C,A,A,H,-,A,A,0,NA,NA,NA,NA,Y,NA,A,07,0,0,1,0,0,0,0,0,0,-,-,33.61838150024414,-117.7033233642578,ORANGE,LAKE FOREST,-117.70513916015624,33.61668014526367